num_total_eo,num_nonceremonial_eo,num_eos,numdisasterdeclare,num_ceremonial_eo,num_routine_eo,num_pardon_eo,st,year,house_polarization,house_polarization_impute,senate_polarization,house_polarization_stdev,governor_election_year,gov_republican,gov_democrat,term_limited,governor_power,divided_gov1,divided_gov2,veto_proof,ln_state_income_growth,annual_salary2015,permanent_staff,governor_prior_vote,governor_party_pres_vote,average_polarization,senate_polarization_bonica,house_polarization_bonica,govfe,ln_legislative_staff,ln_legislative_salary,house_polarization_maj_pty_het,gov_party_size,rule_review_dichotomous,rule_review_scale,state_fe,num_disaster_eo,num_nonroutine_eo,panel_length,gov_time_in_office,ln_state_expenditures,maj_control_index
14,14,12,0,0,2,0,AL,1993,NA,NA,NA,NA,0,0,0,0,3.4800000190734863,0,0,1,4.610000133514404,272.01019287109375,324.625,0.5,0.5,NA,NA,NA,Alabama-Hunt,5.785747051239014,5.609508991241455,NA,NA,1,2,1,0,7,19,7,16.049795150756836,1
17,17,17,0,0,0,0,AL,1994,NA,NA,NA,NA,1,0,1,0,3.375,0,0,1,5.869999885559082,NA,321.75,0.4788532555103302,0.40880000591278076,NA,NA,NA,Alabama-Folsom,5.7768778800964355,NA,NA,0.7809523940086365,1,2,1,0,12,19,1,16.110300064086914,1
13,13,10,0,0,3,0,AL,1995,NA,NA,NA,NA,0,1,0,0,3.34375,1,1,1,5.75,NA,318.875,0.5044854879379272,0.476500004529953,NA,NA,NA,Alabama-James,5.76793098449707,NA,NA,0.29523810744285583,1,2,1,0,5,19,1,16.150434494018555,1
13,11,11,0,2,0,0,AL,1996,0.9580000042915344,0.9580000042915344,1.2300000190734863,0.5497598648071289,0,1,0,0,3.3125,1,1,1,4.329999923706055,272.01019287109375,316,0.5044854879379272,0.5012000203132629,1.093999981880188,NA,NA,Alabama-James,5.758902072906494,5.609508991241455,0.333050012588501,0.3047618865966797,1,2,1,0,6,19,2,16.2126522064209,1
13,8,8,0,5,0,0,AL,1997,0.9580000042915344,0.9580000042915344,1.1480000019073486,0.5497598648071289,0,1,0,0,3.28125,1,1,1,5.320000171661377,272.01019287109375,337.57000732421875,0.5044854879379272,0.5012000203132629,1.0529999732971191,NA,NA,Alabama-James,5.82473087310791,5.609508991241455,0.333050012588501,0.31428569555282593,1,2,1,0,5,19,3,16.272432327270508,1
13,10,10,0,3,0,0,AL,1998,0.9679999947547913,0.9679999947547913,1.2519999742507935,0.5548130869865417,1,1,0,0,3.25,1,1,1,6.880000114440918,272.01019287109375,359.1400146484375,0.5044854879379272,0.5012000203132629,1.1100000143051147,0.7986795902252197,0.6915891170501709,Alabama-James,5.88649320602417,5.609508991241455,0.33289870619773865,0.32380950450897217,1,2,1,0,8,19,4,16.33928680419922,1
12,12,12,0,0,0,0,AL,1999,0.9850000143051147,0.9850000143051147,1.2569999694824219,0.5675302743911743,0,0,1,0,3.266700029373169,0,0,1,3.940000057220459,272.01019287109375,380.7099914550781,0.5781081318855286,0.43160000443458557,1.121000051498413,0.7986795902252197,0.6915891170501709,Alabama-Siegelman,5.9446611404418945,5.609508991241455,0.3260939121246338,0.6571428775787354,1,2,1,0,9,19,1,16.402454376220703,1
29,29,29,0,0,0,0,AL,2000,0.968999981880188,0.968999981880188,1.2569999694824219,0.5700071454048157,0,0,1,0,3.283400058746338,0,0,1,5.360000133514404,272.01019287109375,402.2799987792969,0.5781081318855286,0.41589999198913574,1.1130000352859497,0.7986795902252197,0.6915891170501709,Alabama-Siegelman,5.999630928039551,5.609508991241455,0.33006420731544495,0.6571428775787354,1,2,1,0,22,19,2,16.482711791992188,1
25,24,24,0,1,0,0,AL,2001,0.996999979019165,0.996999979019165,1.2569999694824219,0.572766125202179,0,0,1,0,3.299999952316284,0,0,1,4.059999942779541,272.01019287109375,423.8500061035156,0.5781081318855286,0.41589999198913574,1.1269999742507935,NA,0.6915891170501709,Alabama-Siegelman,6.051735877990723,5.609508991241455,0.32896581292152405,0.6380953192710876,1,2,1,0,16,19,3,16.527280807495117,1
13,13,13,0,0,0,0,AL,2002,0.996999979019165,0.996999979019165,1.2569999694824219,0.572766125202179,1,0,1,0,3.25,0,0,1,2.6500000953674316,272.01019287109375,445.4200134277344,0.5781081318855286,0.41589999198913574,1.1269999742507935,0.6011608242988586,0.6604428887367249,Alabama-Siegelman,6.101260185241699,5.609508991241455,0.32896581292152405,0.6380953192710876,1,2,1,0,9,19,4,16.59807014465332,1
16,14,14,0,2,0,0,AL,2003,0.9959999918937683,0.9959999918937683,1.3559999465942383,0.6113471388816833,0,1,0,0,3.3299999237060547,1,1,1,4.25,244.80909729003906,422,0.5011630058288574,0.5647000074386597,1.1759999990463257,0.6011608242988586,0.6604428887367249,Alabama-Riley,6.047371864318848,5.5045552253723145,0.33998069167137146,0.39047619700431824,1,2,1,0,11,19,1,16.649309158325195,1
7,7,7,0,0,0,0,AL,2004,0.9959999918937683,0.9959999918937683,1.3559999465942383,0.6124048829078674,0,1,0,0,3.4159998893737793,1,1,1,7.079999923706055,797.896484375,429.5,0.5011630058288574,0.6245999932289124,1.1759999990463257,0.6011608242988586,0.6604428887367249,Alabama-Riley,6.064947128295898,6.683230876922607,0.3416996896266937,0.4000000059604645,1,2,1,0,5,19,2,16.684640884399414,1
8,8,8,0,0,0,0,AL,2005,0.9959999918937683,0.9959999918937683,1.3559999465942383,0.610640823841095,0,1,0,0,3.5,1,1,1,5.5,272.01019287109375,437,0.5011630058288574,0.6245999932289124,1.1759999990463257,NA,0.6604428887367249,Alabama-Riley,6.082219123840332,5.609508991241455,0.37174108624458313,0.380952388048172,1,2,1,0,5,19,3,16.765758514404297,1
3,2,2,0,1,0,0,AL,2006,1.0080000162124634,1.0080000162124634,1.3559999465942383,0.6160914897918701,1,1,0,0,3.5,1,1,1,6.050000190734863,272.01019287109375,444.5,0.5011630058288574,0.6245999932289124,1.1820000410079956,0.601211428642273,0.6643620133399963,Alabama-Riley,6.099196910858154,5.609508991241455,0.374724805355072,0.4000000059604645,1,2,1,0,2,19,4,16.811763763427734,1
4,4,4,0,0,0,0,AL,2007,1.0479999780654907,1.0479999780654907,1.4980000257492065,0.5913411378860474,0,1,0,1,3.5,1,1,1,4.650000095367432,272.01019287109375,452,0.5801596641540527,0.6245999932289124,1.2730000019073486,0.601211428642273,0.6643620133399963,Alabama-Riley,6.115891933441162,5.609508991241455,0.30018121004104614,0.40952378511428833,1,2,1,0,4,19,5,16.844398498535156,1
7,7,7,0,0,0,0,AL,2008,1.0479999780654907,1.0479999780654907,1.4980000257492065,0.5918582677841187,0,1,0,1,3.5,1,1,1,3.859999895095825,272.01019287109375,459.5,0.5801596641540527,0.6032000184059143,1.2730000019073486,0.47040510177612305,0.39422640204429626,Alabama-Riley,6.132312774658203,5.609508991241455,0.2933382987976074,0.40952378511428833,1,2,1,0,7,19,6,16.914278030395508,1
3,3,3,0,0,0,0,AL,2009,1.0540000200271606,1.0540000200271606,1.4329999685287476,0.5937187075614929,0,1,0,1,3.5,1,1,1,-1.4700000286102295,272.01019287109375,467,0.5801596641540527,0.6032000184059143,1.243499994277954,0.47040510177612305,0.39422640204429626,Alabama-Riley,6.148468017578125,5.609508991241455,0.2955546975135803,0.40952378511428833,1,2,1,0,2,19,7,16.965473175048828,1
6,6,6,0,0,0,0,AL,2010,1.1339999437332153,1.1339999437332153,1.4140000343322754,0.6084722280502319,1,1,0,1,3.5,1,1,1,3.5399999618530273,680.025390625,474.5,0.5801596641540527,0.6032000184059143,1.2740000486373901,0.7435263991355896,0.7239168286323547,Alabama-Riley,6.164367198944092,6.523600101470947,0.3067680895328522,0.4285714030265808,1,2,1,0,5,19,8,16.99424934387207,1
27,27,27,0,0,0,0,AL,2011,1.3630000352859497,1.3630000352859497,1.7619999647140503,0.6722784042358398,0,1,0,0,3.5,0,0,1,3.430000066757202,952.0355224609375,482,0.5789815783500671,0.6032000184059143,1.5625,0.7435263991355896,0.7239168286323547,Alabama-Bentley,6.180016994476318,6.859652042388916,0.19763579964637756,0.5904762148857117,1,2,1,0,18,19,1,17.00559425354004,1
8,8,7,0,0,1,0,AL,2012,1.3630000352859497,1.3630000352859497,1.7619999647140503,0.6736725568771362,0,1,0,0,3.5,0,0,1,3.25,272.01019287109375,489.5,0.5789815783500671,0.6054999828338623,1.5625,0.5669270753860474,0.5253379940986633,Alabama-Bentley,6.195425987243652,5.609508991241455,0.19921259582042694,0.6190475821495056,1,2,1,0,6,19,2,16.993900299072266,1
7,7,7,0,0,0,0,AL,2013,1.3890000581741333,1.3890000581741333,1.7619999647140503,0.6749802827835083,0,1,0,0,3.5,0,0,1,1.850000023841858,272.01019287109375,497,0.5789815783500671,0.6054999828338623,1.5755000114440918,0.5669270753860474,0.5253379940986633,Alabama-Bentley,6.210599899291992,5.609508991241455,0.19669659435749054,0.6095237731933594,1,2,1,0,7,19,3,17.018325805664062,1
6,5,5,0,1,0,0,AL,2014,1.3819999694824219,1.3819999694824219,1.7619999647140503,0.6747646927833557,1,1,0,0,3.5,0,0,1,NA,272.01019287109375,504.5,0.5789815783500671,0.6054999828338623,1.5720000267028809,0.5669270753860474,0.5253379940986633,Alabama-Bentley,6.225547790527344,5.609508991241455,0.19687190651893616,0.6285715103149414,1,2,1,0,4,19,4,NA,1
16,14,14,0,2,0,0,AL,2015,NA,NA,NA,NA,0,1,0,1,3.5,0,0,1,NA,42849,512,0.6368587017059326,0.6054999828338623,NA,NA,0.5253379940986633,Alabama-Bentley,6.240275859832764,10.665459632873535,NA,0.6857143044471741,1,2,1,0,9,19,5,NA,1
5,5,5,0,0,0,0,AK,1993,NA,NA,NA,NA,0,0,0,0,3.875,1,0,0,5.289999961853027,21771.689453125,242.25,0.5,0.5,NA,0.6471362709999084,0.7394059896469116,Alaska-Walter J Hickel,5.4940900802612305,9.988411903381348,NA,NA,1,1,2,0,3,17,3,15.411642074584961,0
2,2,2,0,0,0,0,AK,1994,NA,NA,NA,NA,1,0,0,0,3.75,1,0,0,3.2899999618530273,21771.689453125,240.5,0.5,0.5,NA,0.5502066016197205,0.7998772263526917,Alaska-Walter J Hickel,5.486868858337402,9.988411903381348,NA,NA,1,1,2,0,1,17,4,15.474912643432617,0
1,1,1,0,0,0,0,AK,1995,1.187000036239624,1.187000036239624,1.7960000038146973,0.6900723576545715,0,0,1,0,3.78125,1,1,0,2.680000066757202,21771.689453125,238.75,0.5015327334403992,0.3028999865055084,1.4915000200271606,0.5502066016197205,0.7998772263526917,Alaska-Tony Knowles,5.479597091674805,9.988411903381348,0.07584139704704285,0.42500001192092896,1,1,2,0,1,17,1,15.430599212646484,0
3,3,3,0,0,0,0,AK,1996,1.187000036239624,1.187000036239624,1.7960000038146973,0.6900723576545715,0,0,1,0,3.8125,1,1,0,2.7100000381469727,21771.689453125,237,0.5015327334403992,0.3327000141143799,1.4915000200271606,0.6864389777183533,1.0096770524978638,Alaska-Tony Knowles,5.4722700119018555,9.988411903381348,0.07584139704704285,0.42500001192092896,1,1,2,0,0,17,2,15.445666313171387,0
2,2,2,0,0,0,0,AK,1997,1.2089999914169312,1.2089999914169312,1.875,0.5956041216850281,0,0,1,0,3.84375,1,1,0,5.449999809265137,21771.689453125,247,0.5015327334403992,0.3327000141143799,1.5420000553131104,0.6864389777183533,1.0096770524978638,Alaska-Tony Knowles,5.513429164886475,9.988411903381348,0.08783020079135895,0.375,1,1,2,0,0,17,3,15.456385612487793,0
1,1,1,0,0,0,0,AK,1998,1.2089999914169312,1.2089999914169312,1.875,0.5956041216850281,1,0,1,0,3.875,1,1,0,4.570000171661377,21771.689453125,257,0.5015327334403992,0.3327000141143799,1.5420000553131104,0.9726880192756653,0.8980910778045654,Alaska-Tony Knowles,5.552958965301514,9.988411903381348,0.08783020079135895,0.375,1,1,2,0,0,17,4,15.469959259033203,0
0,0,0,0,0,0,0,AK,1999,1.1610000133514404,1.1610000133514404,1.7640000581741333,0.6015663146972656,0,0,1,1,3.858299970626831,1,1,0,3.2100000381469727,21771.689453125,267,0.7416003942489624,0.3327000141143799,1.462499976158142,0.9726880192756653,0.8980910778045654,Alaska-Tony Knowles,5.590987205505371,9.988411903381348,0.11461620032787323,0.3499999940395355,1,1,2,0,0,17,5,15.533252716064453,0
1,1,1,0,0,0,0,AK,2000,1.1610000133514404,1.1610000133514404,1.7640000581741333,0.6015663146972656,0,0,1,1,3.841599941253662,1,1,0,7.53000020980835,21771.689453125,277,0.7416003942489624,0.2766999900341034,1.462499976158142,0.9303603172302246,1.2715840339660645,Alaska-Tony Knowles,5.627621173858643,9.988411903381348,0.11461620032787323,0.3499999940395355,1,1,2,0,1,17,6,15.602622985839844,0
1,1,1,0,0,0,0,AK,2001,1.2920000553131104,1.2920000553131104,1.5770000219345093,0.6035796403884888,0,0,1,1,3.825000047683716,1,1,1,5.21999979019165,21771.689453125,287,0.7416003942489624,0.2766999900341034,1.434499979019165,0.9303603172302246,1.2715840339660645,Alaska-Tony Knowles,5.662961006164551,9.988411903381348,0.11943110078573227,0.32499998807907104,1,1,2,0,1,17,7,15.673931121826172,0
1,1,1,0,0,0,0,AK,2002,1.2920000553131104,1.2920000553131104,1.5770000219345093,0.6035796403884888,1,0,1,1,3.75,1,1,1,4.550000190734863,21771.689453125,297,0.7416003942489624,0.2766999900341034,1.434499979019165,1.126729965209961,1.1409169435501099,Alaska-Tony Knowles,5.6970930099487305,9.988411903381348,0.11943110078573227,0.32499998807907104,1,1,2,0,0,17,8,15.717954635620117,0
8,8,8,0,0,0,0,AK,2003,1.2860000133514404,1.2860000133514404,1.6660000085830688,0.6020646691322327,0,1,0,0,3.9375,0,0,0,3.990000009536743,21771.689453125,307,0.5784424543380737,0.5861999988555908,1.4759999513626099,1.126729965209961,1.1409169435501099,Alaska-Frank Murkowski,5.730100154876709,9.988411903381348,0.10371030122041702,0.675000011920929,1,2,2,0,4,17,1,15.777223587036133,0
2,2,2,0,0,0,0,AK,2004,1.2860000133514404,1.2860000133514404,1.6660000085830688,0.6020646691322327,0,1,0,0,4.125,0,0,0,4.300000190734863,21771.689453125,310,0.5784424543380737,0.6107000112533569,1.4759999513626099,1.2313690185546875,1.2733420133590698,Alaska-Frank Murkowski,5.739792823791504,9.988411903381348,0.10371030122041702,0.675000011920929,1,2,2,0,0,17,2,15.737542152404785,0
0,0,0,0,0,0,0,AK,2005,1.184999942779541,1.184999942779541,1.4889999628067017,0.6063227653503418,0,1,0,0,4.125,0,0,0,5.849999904632568,21771.689453125,313,0.5784424543380737,0.6107000112533569,1.3370000123977661,1.2313690185546875,1.2733420133590698,Alaska-Frank Murkowski,5.749392986297607,9.988411903381348,0.1285323053598404,0.6499999761581421,1,2,2,0,0,17,3,15.777727127075195,0
0,0,0,0,0,0,0,AK,2006,1.184999942779541,1.184999942779541,1.4889999628067017,0.6063227653503418,1,1,0,0,4.125,0,0,0,6.03000020980835,21771.689453125,316,0.5784424543380737,0.6107000112533569,1.3370000123977661,1.2916719913482666,1.2883579730987549,Alaska-Frank Murkowski,5.758902072906494,9.988411903381348,0.1285323053598404,0.6499999761581421,1,2,2,0,0,17,4,15.834169387817383,0
0,0,0,0,0,0,0,AK,2007,1.2680000066757202,1.2680000066757202,1.4930000305175781,0.6605713963508606,0,1,0,0,4.125,0,0,0,7.449999809265137,21771.689453125,319,0.5411894917488098,0.6107000112533569,1.3804999589920044,1.2916719913482666,1.2883579730987549,Alaska-Sarah Palin,5.7683210372924805,9.988411903381348,0.13302840292453766,0.6499999761581421,1,2,2,0,0,17,1,15.930636405944824,0
1,1,1,0,0,0,0,AK,2008,1.2660000324249268,1.2660000324249268,1.4930000305175781,0.6610668301582336,0,1,0,0,4.125,0,0,0,9.069999694824219,21771.689453125,322,0.5411894917488098,0.5942000150680542,1.3795000314712524,1.2123769521713257,1.4543709754943848,Alaska-Sarah Palin,5.777651786804199,9.988411903381348,0.13323639333248138,0.574999988079071,1,2,2,0,0,17,2,16.02910614013672,0
0,0,0,0,0,0,0,AK,2009,NA,1.2786667346954346,NA,NA,0,1,0,0,4.125,1,0,0,-0.28999999165534973,21771.689453125,325,0.5411894917488098,0.5942000150680542,NA,1.2123769521713257,1.4543709754943848,Alaska-Sean Parnell,5.7868971824646,9.988411903381348,NA,0.550000011920929,1,2,2,0,0,17,1,16.10767364501953,0
0,0,0,0,0,0,0,AK,2010,NA,1.2913333177566528,NA,NA,1,1,0,0,4.125,1,0,0,5.510000228881836,45697.7109375,328,0.5411894917488098,0.5942000150680542,NA,1.3255380392074585,1.3590019941329956,Alaska-Sean Parnell,5.796058177947998,10.729829788208008,NA,0.550000011920929,1,2,2,0,0,17,2,16.091014862060547,0
1,1,1,0,0,0,0,AK,2011,1.3040000200271606,1.3040000200271606,1.4290000200271606,0.6713166832923889,0,1,0,0,4.125,1,0,0,6.670000076293945,45697.7109375,331,0.6105545163154602,0.5942000150680542,1.3665000200271606,1.3255380392074585,1.3590019941329956,Alaska-Sean Parnell,5.8051347732543945,10.729829788208008,0.19417929649353027,0.6000000238418579,1,2,2,0,1,17,3,16.113698959350586,0
1,1,1,0,0,0,0,AK,2012,1.3040000200271606,1.3040000200271606,1.4290000200271606,0.6713166832923889,0,1,0,0,4.125,1,0,0,3.8299999237060547,45697.7109375,334,0.6105545163154602,0.5479999780654907,1.3665000200271606,1.2993429899215698,1.5187439918518066,Alaska-Sean Parnell,5.814129829406738,10.729829788208008,0.19417929649353027,0.550000011920929,1,2,2,0,0,17,4,16.1440372467041,0
0,0,0,0,0,0,0,AK,2013,1.3170000314712524,1.3170000314712524,1.5499999523162842,0.7067289352416992,0,1,0,0,4.125,0,0,0,1.7100000381469727,45697.7109375,337,0.6105545163154602,0.5479999780654907,1.433500051498413,1.2993429899215698,1.5187439918518066,Alaska-Sean Parnell,5.8230462074279785,10.729829788208008,0.2264806032180786,0.625,1,2,2,0,0,17,5,16.186426162719727,0
28,28,27,0,0,0,0,AZ,1993,NA,NA,NA,NA,0,1,0,0,3.7291500568389893,0,0,0,7.670000076293945,13600.509765625,388.75,0.5020566582679749,0.3847000002861023,NA,NA,NA,Arizona-Fife Symington,5.965506076812744,9.517935752868652,NA,0.5833333134651184,0,0,3,0,19,19,3,15.988258361816406,1
17,17,17,1,0,0,0,AZ,1994,NA,NA,NA,NA,1,1,0,0,3.625,0,0,0,9.720000267028809,13600.509765625,416.5,0.5020566582679749,0.3847000002861023,NA,NA,NA,Arizona-Fife Symington,6.034285068511963,9.517935752868652,NA,0.5833333134651184,1,1,3,1,14,19,4,16.0699520111084,1
18,18,18,0,0,0,0,AZ,1995,NA,NA,NA,NA,0,1,0,0,3.625,0,0,0,8.8100004196167,13600.509765625,444.25,0.5424010753631592,0.3847000002861023,NA,NA,NA,Arizona-Fife Symington,6.098636150360107,9.517935752868652,NA,0.6333333253860474,1,1,3,0,13,19,5,16.110837936401367,1
16,16,16,0,0,0,0,AZ,1996,1.659999966621399,1.659999966621399,1.4479999542236328,0.8595813512802124,0,1,0,0,3.625,0,0,0,8.390000343322754,13600.509765625,472,0.5424010753631592,0.44290000200271606,1.5540000200271606,1.1836320161819458,1.1118229627609253,Arizona-Fife Symington,6.15909481048584,9.517935752868652,0.39519020915031433,0.6333333253860474,1,1,3,0,16,19,6,16.196718215942383,1
13,13,13,0,0,0,0,AZ,1997,1.8350000381469727,1.8350000381469727,1.5069999694824219,0.9446269273757935,0,1,0,0,3.625,0,0,0,8.569999694824219,13600.509765625,494.7099914550781,0.5424010753631592,0.44290000200271606,1.6710000038146973,1.1836320161819458,1.1118229627609253,Arizona-Fife Symington,6.205990791320801,9.517935752868652,0.36670321226119995,0.6333333253860474,1,1,3,0,10,19,7,16.237333297729492,1
13,13,13,0,0,0,0,AZ,1998,1.8009999990463257,1.8009999990463257,1.4670000076293945,0.9461349248886108,1,1,0,0,3.625,0,0,0,9.829999923706055,13600.509765625,517.41998291015625,0.5424010753631592,0.44290000200271606,1.6339999437332153,0.9149271249771118,1.3139220476150513,Arizona-Jane Dee Hull,6.250785827636719,9.517935752868652,0.36670321226119995,0.6333333253860474,1,1,3,0,10,19,1,16.30622100830078,1
15,15,15,0,0,0,0,AZ,1999,1.7619999647140503,1.7619999647140503,1.4290000200271606,0.9199932813644409,0,1,0,0,3.766700029373169,0,0,0,6.429999828338623,13600.509765625,540.1300048828125,0.6317232847213745,0.44290000200271606,1.5954999923706055,0.9149271249771118,1.3139220476150513,Arizona-Jane Dee Hull,6.2936601638793945,9.517935752868652,0.37184038758277893,0.6666666865348816,1,1,3,0,10,19,2,16.390195846557617,1
20,20,20,0,0,0,0,AZ,2000,1.7619999647140503,1.7619999647140503,1.4290000200271606,0.9199932813644409,0,1,0,0,3.808340072631836,0,0,0,9.15999984741211,21760.810546875,562.84002685546875,0.6317232847213745,0.5095000267028809,1.5954999923706055,1.1946699619293213,1.334015965461731,Arizona-Jane Dee Hull,6.334771156311035,9.98791217803955,0.37184038758277893,0.6333333253860474,1,1,3,0,16,19,3,16.542287826538086,1
19,19,19,0,0,0,0,AZ,2001,1.5069999694824219,1.5069999694824219,1.444000005722046,0.912568986415863,0,1,0,0,4.050000190734863,1,0,0,4.78000020980835,21760.810546875,585.54998779296875,0.6317232847213745,0.5095000267028809,1.4754999876022339,1.1946699619293213,1.334015965461731,Arizona-Jane Dee Hull,6.374258041381836,9.98791217803955,0.5091311931610107,0.6000000238418579,1,1,3,0,12,19,4,16.558168411254883,1
22,22,22,0,0,0,0,AZ,2002,1.5069999694824219,1.5069999694824219,1.4539999961853027,0.9116385579109192,1,1,0,0,3.625,1,0,0,3.7200000286102295,21760.810546875,608.260009765625,0.6317232847213745,0.5095000267028809,1.4804999828338623,1.167389988899231,1.5412750244140625,Arizona-Jane Dee Hull,6.41224479675293,9.98791217803955,0.5080888271331787,0.6000000238418579,1,1,3,0,13,19,5,16.63297462463379,1
24,24,21,0,0,0,0,AZ,2003,2.069999933242798,2.069999933242798,1.6970000267028809,1.1266382932662964,0,0,1,0,3.8125,1,1,0,5.340000152587891,21760.810546875,631,0.5052728056907654,0.44670000672340393,1.8834999799728394,1.167389988899231,1.5412750244140625,Arizona-Jane Dee Hull,6.448888778686523,9.98791217803955,0.5713570713996887,0.3499999940395355,1,1,3,0,15,19,6,16.677885055541992,1
31,31,30,0,0,0,0,AZ,2004,2.0850000381469727,2.0850000381469727,1.7890000343322754,1.1312530040740967,0,0,1,0,4,1,1,0,8.960000038146973,21760.810546875,625.5,0.5052728056907654,0.4431999921798706,1.937000036239624,1.1940419673919678,1.4193940162658691,Arizona-Janet Napolitano,6.440148830413818,9.98791217803955,0.5713570713996887,0.3499999940395355,1,1,3,0,20,19,1,16.78891944885254,1
31,31,30,0,0,0,0,AZ,2005,2.1730000972747803,2.1730000972747803,1.875,1.2092365026474,0,0,1,0,4,1,1,0,10.800000190734863,21760.810546875,620,0.5052728056907654,0.4431999921798706,2.0239999294281006,1.1940419673919678,1.4193940162658691,Arizona-Janet Napolitano,6.431331157684326,9.98791217803955,0.5678591132164001,0.366666704416275,1,1,3,0,17,19,2,16.889265060424805,1
16,16,16,0,0,0,0,AZ,2006,2.2100000381469727,2.2100000381469727,2.0390000343322754,1.2099394798278809,1,0,1,0,4,1,1,0,10.890000343322754,21760.810546875,614.5,0.5052728056907654,0.4431999921798706,2.124500036239624,1.5457860231399536,1.6524070501327515,Arizona-Janet Napolitano,6.4224348068237305,9.98791217803955,0.5393068790435791,0.3499999940395355,1,1,3,0,7,19,3,16.963289260864258,1
29,29,27,0,0,0,0,AZ,2007,2.2920000553131104,2.2920000553131104,2.1089999675750732,1.2394641637802124,0,0,1,1,4,1,1,0,5.369999885559082,21760.810546875,609,0.6384573578834534,0.4431999921798706,2.200500011444092,1.5457860231399536,1.6524070501327515,Arizona-Janet Napolitano,6.413458824157715,9.98791217803955,0.5177856087684631,0.44999998807907104,1,1,3,0,14,19,4,17.053157806396484,1
30,30,27,0,0,0,0,AZ,2008,2.371999979019165,2.371999979019165,2.118000030517578,1.2387861013412476,0,0,1,1,4,1,1,0,1.5700000524520874,21760.810546875,603.5,0.6384573578834534,0.44909998774528503,2.244999885559082,1.615440011024475,1.6993980407714844,Arizona-Janet Napolitano,6.404401779174805,9.98791217803955,0.5177856087684631,0.44999998807907104,1,1,3,0,15,19,5,17.132200241088867,1
12,11,10,0,1,0,0,AZ,2009,2.4200000762939453,2.4200000762939453,2.311000108718872,1.2624181509017944,0,1,0,0,4,0,0,0,-4.079999923706055,21760.810546875,598,0.36154264211654663,0.5339000225067139,2.365499973297119,1.615440011024475,1.6993980407714844,Arizona-Janice K. Brewer,6.395261764526367,9.98791217803955,0.41134148836135864,0.5833333134651184,1,1,3,0,4,19,1,17.1412296295166,1
19,18,16,0,1,0,0,AZ,2010,2.430000066757202,2.430000066757202,2.3529999256134033,1.2457314729690552,1,1,0,0,4,0,0,0,1.0499999523162842,21760.810546875,592.5,0.36154264211654663,0.5339000225067139,2.3914999961853027,1.8323969841003418,1.751886010169983,Arizona-Janice K. Brewer,6.3860368728637695,9.98791217803955,0.400112509727478,0.5833333134651184,1,1,3,0,12,19,2,17.14708709716797,1
9,9,9,0,0,0,0,AZ,2011,2.502000093460083,2.502000093460083,2.5299999713897705,1.2893989086151123,0,1,0,1,4,0,0,0,5.269999980926514,21760.810546875,587,0.56127166748046875,0.5339000225067139,2.5160000324249268,1.8323969841003418,1.751886010169983,Arizona-Janice K. Brewer,6.376727104187012,9.98791217803955,0.3897568881511688,0.6666666865348816,1,1,3,0,8,19,3,17.152101516723633,1
7,7,7,0,0,0,0,AZ,2012,2.5360000133514404,2.5360000133514404,2.555999994277954,1.3455383777618408,0,1,0,1,4,0,0,0,3.609999895095825,21760.810546875,581.5,0.56127166748046875,0.5347999930381775,2.5460000038146973,1.7646169662475586,2.058964967727661,Arizona-Janice K. Brewer,6.367329120635986,9.98791217803955,0.3865759074687958,0.6666666865348816,1,1,3,0,4,19,4,17.10466957092285,1
9,9,9,0,0,0,0,AZ,2013,2.7019999027252197,2.7019999027252197,2.486999988555908,1.4365617036819458,0,1,0,1,4,0,0,0,2.740000009536743,21760.810546875,576,0.56127166748046875,0.5347999930381775,2.5945000648498535,1.7646169662475586,2.058964967727661,Arizona-Janice K. Brewer,6.357841968536377,9.98791217803955,0.438515305519104,0.6000000238418579,1,1,3,0,5,19,5,17.138765335083008,1
1,1,1,0,0,0,0,AZ,2014,2.7290000915527344,2.7290000915527344,2.427999973297119,1.436943531036377,1,1,0,1,4,0,0,0,NA,21760.810546875,570.5,0.56127166748046875,0.5347999930381775,2.5785000324249268,1.7646169662475586,2.058964967727661,Arizona-Janice K. Brewer,6.348265171051025,9.98791217803955,0.438515305519104,0.6000000238418579,1,1,3,0,1,19,6,NA,1
17,17,17,0,0,0,0,AR,2008,0.4860000014305115,0.4860000014305115,0.4449999928474426,0.2883608341217041,0,0,1,0,3.5,0,0,1,4.78000020980835,13654.91015625,394,0.5775839686393738,0.3885999917984009,0.46549999713897705,0.8624256253242493,0.8800303936004639,Arkansas-Beebe,5.978886127471924,9.521927833557129,0.14954659342765808,0.75,1,1,4,0,2,1,1,16.47960090637207,0
15,15,15,0,0,0,0,AR,2009,NA,0.624666690826416,NA,NA,0,0,1,0,3.5,0,0,1,-1.559999942779541,13654.91015625,405,0.5775839686393738,0.3885999917984009,NA,0.8624256253242493,0.8800303936004639,Arkansas-Beebe,6.00635290145874,9.521927833557129,NA,0.7099999785423279,1,1,4,0,1,1,2,16.493314743041992,0
17,17,17,2,0,0,0,AR,2010,NA,0.7633333206176758,NA,NA,1,0,1,0,3.5,0,0,1,2.25,13928.73046875,416,0.5775839686393738,0.3885999917984009,NA,0.9165729880332947,0.9297770857810974,Arkansas-Beebe,6.033085823059082,9.541780471801758,NA,0.7099999785423279,1,1,4,2,2,1,3,16.53348159790039,0
25,25,25,0,0,0,0,AR,2015,NA,NA,NA,NA,0,1,0,0,3.5,0,0,1,NA,39400,471,0.5719195604324341,0.6057000160217285,NA,NA,1.2451930046081543,Arkansas-Asa Hutchinson,6.156979084014893,10.581549644470215,NA,0.6399999856948853,1,1,4,0,5,1,1,NA,0
13,13,13,0,0,0,0,CA,1999,2.5810000896453857,2.5810000896453857,2.7360000610351562,1.3630529642105103,0,0,1,0,3.7916600704193115,0,0,0,6.909999847412109,68546.5625,2432.2900390625,0.6016688942909241,0.5109999775886536,2.6584999561309814,1.2302939891815186,1.4024770259857178,California-Gray Davis,7.796998977661133,11.135279655456543,0.42022430896759033,0.6000000238418579,0,0,5,0,10,16,1,18.60466766357422,0
5,5,5,0,0,0,0,CA,2000,2.5810000896453857,2.5810000896453857,2.7360000610351562,1.3630529642105103,0,0,1,0,3.8333001136779785,0,0,0,10.489999771118164,89763.3515625,2407.719970703125,0.6016688942909241,0.534500002861023,2.6584999561309814,1.3559800386428833,1.4636460542678833,California-Gray Davis,7.786850929260254,11.404939651489258,0.42022430896759033,0.5874999761581421,0,0,5,0,1,16,2,18.714841842651367,0
32,32,32,0,0,0,0,CA,2001,2.7820000648498535,2.7820000648498535,2.7950000762939453,1.3804594278335571,0,0,1,0,3.875,0,0,0,3.569999933242798,89763.3515625,2383.14990234375,0.6016688942909241,0.534500002861023,2.7885000705718994,1.3559800386428833,1.4636460542678833,California-Gray Davis,7.77659797668457,11.404939651489258,0.4827370047569275,0.625,0,0,5,0,3,16,3,18.79637336730957,0
15,14,13,0,1,1,0,CA,2002,2.7820000648498535,2.7820000648498535,2.7950000762939453,1.3804594278335571,1,0,1,0,3.875,0,0,0,1.6100000143051147,89763.3515625,2358.580078125,0.6016688942909241,0.534500002861023,2.7885000705718994,1.6630699634552002,1.6002899408340454,California-Gray Davis,7.766239166259766,11.404939651489258,0.4827370047569275,0.625,0,0,5,0,7,16,4,18.879369735717773,0
15,15,15,0,0,0,0,CA,2003,2.9260001182556152,2.9260001182556152,2.9179999828338623,1.485487699508667,1,0,1,1,3.916670083999634,0,0,0,4.269999980926514,89763.3515625,2334,0.5271276235580444,0.534500002861023,2.921999931335449,1.6630699634552002,1.6002899408340454,California-Gray Davis,7.755766868591309,11.404939651489258,0.5102218985557556,0.6000000238418579,0,0,5,0,6,16,5,18.96995735168457,0
15,15,15,0,0,0,0,CA,2004,2.9260001182556152,2.9260001182556152,2.9179999828338623,1.485487699508667,0,1,0,0,3.9583399295806885,1,1,0,6.210000038146973,89763.3515625,2289.5,0.6068640947341919,0.44359999895095825,2.921999931335449,1.6505260467529297,1.6513750553131104,California-Arnold Schwarzenegger,7.736526012420654,11.404939651489258,0.5102218985557556,0.4000000059604645,0,0,5,0,8,16,1,18.95189666748047,0
6,6,6,0,0,0,0,CA,2005,2.88700008392334,2.88700008392334,2.878999948501587,1.5151876211166382,0,1,0,0,4,1,1,0,5.639999866485596,89763.3515625,2245,0.6068640947341919,0.44359999895095825,2.882999897003174,1.6505260467529297,1.6513750553131104,California-Arnold Schwarzenegger,7.7169060707092285,11.404939651489258,0.5022395253181458,0.4000000059604645,0,0,5,0,1,16,2,18.98996353149414,0
23,22,22,0,1,0,0,CA,2006,2.88700008392334,2.88700008392334,2.878999948501587,1.5151876211166382,1,1,0,0,4,1,1,0,7.400000095367432,100535,2200.5,0.6068640947341919,0.44359999895095825,2.882999897003174,1.547389030456543,1.718319058418274,California-Arnold Schwarzenegger,7.69689416885376,11.518269538879395,0.5022395253181458,0.4000000059604645,0,0,5,0,12,16,3,19.070920944213867,0
12,12,12,0,0,0,0,CA,2007,3.009999990463257,3.009999990463257,2.944000005722046,1.5126848220825195,0,1,0,1,4,1,1,0,4.329999923706055,102546,2156,0.5895493626594543,0.44359999895095825,2.9769999980926514,1.547389030456543,1.718319058418274,California-Arnold Schwarzenegger,7.676474094390869,11.538080215454102,0.41772958636283875,0.4000000059604645,0,0,5,0,1,16,4,19.106300354003906,0
16,16,15,0,0,0,0,CA,2008,3.009999990463257,3.009999990463257,2.944000005722046,1.5126848220825195,0,1,0,1,4,1,1,0,2.0399999618530273,105365.8984375,2111.5,0.5895493626594543,0.36899998784065247,2.9769999980926514,1.53690505027771,1.7260819673538208,California-Arnold Schwarzenegger,7.6556267738342285,11.565199851989746,0.41772958636283875,0.4000000059604645,0,0,5,0,4,16,5,19.15688705444336,0
23,23,23,0,0,0,0,CA,2009,3.009999990463257,3.009999990463257,2.993000030517578,1.4682010412216187,0,1,0,1,4,1,1,0,-3.75,105365.8984375,2067,0.5895493626594543,0.36899998784065247,3.001499891281128,1.53690505027771,1.7260819673538208,California-Arnold Schwarzenegger,7.634336948394775,11.565199851989746,0.395091712474823,0.36250001192092896,0,0,5,0,14,16,6,19.167842864990234,0
19,18,18,0,1,0,0,CA,2010,3.002000093460083,3.002000093460083,3,1.4546399116516113,1,1,0,1,4,1,1,0,2.7799999713897705,86400.3984375,2022.5,0.5895493626594543,0.36899998784065247,3.000999927520752,1.8440049886703491,1.7773150205612183,California-Arnold Schwarzenegger,7.612584114074707,11.36676025390625,0.4061436951160431,0.36250001192092896,0,0,5,0,9,16,7,19.164520263671875,0
13,13,13,0,0,0,0,CA,2011,3.0959999561309814,3.0959999561309814,2.989000082015991,1.539303183555603,0,0,1,0,4,0,0,0,6.590000152587891,86400.3984375,1978,0.5680781602859497,0.6092000007629395,3.0425000190734863,1.8440049886703491,1.7773150205612183,California-Edmund G. Brown Jr.,7.590346813201904,11.36676025390625,0.3907400965690613,0.6499999761581421,0,0,5,0,11,16,1,19.231611251831055,0
6,6,6,0,0,0,0,CA,2012,3.0959999561309814,3.0959999561309814,2.989000082015991,1.5425994396209717,0,0,1,0,4,0,0,0,5.039999961853027,86400.3984375,1933.5,0.5680781602859497,0.6015999913215637,3.0425000190734863,1.4425079822540283,1.5937119722366333,California-Edmund G. Brown Jr.,7.567604064941406,11.36676025390625,0.3907400965690613,0.6499999761581421,0,0,5,0,2,16,2,19.186613082885742,0
3,3,3,0,0,0,0,CA,2013,3.0959999561309814,3.0959999561309814,3.010999917984009,1.4597798585891724,0,0,1,0,4,0,0,0,2.7699999809265137,82079.96875,1889,0.5680781602859497,0.6015999913215637,3.053499937057495,1.4425079822540283,1.5937119722366333,California-Edmund G. Brown Jr.,7.544332027435303,11.315460205078125,0.49775850772857666,0.675000011920929,1,1,5,0,1,16,3,19.268692016601562,0
5,5,5,0,0,0,0,CA,2014,3.0810000896453857,3.0810000896453857,3.1740000247955322,1.4515800476074219,1,0,1,0,4,0,0,1,NA,82079.96875,1844.5,0.5680781602859497,0.6015999913215637,3.127500057220459,1.4425079822540283,1.5937119722366333,California-Edmund G. Brown Jr.,7.520504951477051,11.315460205078125,0.5005344748497009,0.6875,1,1,5,0,0,16,4,NA,0
7,7,7,2,0,0,0,CA,2015,NA,NA,NA,NA,0,0,1,1,4,0,0,0,NA,97197,1800,0.599702000617981,0.6015999913215637,NA,NA,1.5937119722366333,California-Edmund G. Brown Jr.,7.496098041534424,11.48451042175293,NA,0.6499999761581421,1,1,5,2,0,16,5,NA,0
10,10,10,3,0,0,0,CO,1997,1.8949999809265137,1.8949999809265137,1.7309999465942383,1.0114450454711914,0,0,1,1,3.875,1,1,0,7.610000133514404,15867.259765625,212.42999267578125,0.5890195369720459,0.44429999589920044,1.812999963760376,1.6012229919433594,1.5948940515518188,Colorado-Roy Romer,5.363308906555176,9.672076225280762,0.4249970018863678,0.36923080682754517,1,1,6,4,2,18,10,16.054248809814453,0
22,22,20,2,0,1,0,CO,1998,2.009000062942505,2.009000062942505,1.718000054359436,1.0257433652877808,1,0,1,1,4,1,1,0,11.229999542236328,15867.259765625,211.86000061035156,0.5890195369720459,0.44429999589920044,1.8634999990463257,1.625923991203308,1.7656220197677612,Colorado-Roy Romer,5.360634803771973,9.672076225280762,0.4235365092754364,0.36923080682754517,1,1,6,5,7,18,11,16.12850570678711,0
20,20,20,2,0,0,0,CO,1999,2.0390000343322754,2.0390000343322754,2.0179998874664307,1.0716205835342407,0,1,0,0,3.958329916000366,0,0,0,8.430000305175781,15867.259765625,211.2899932861328,0.5032206177711487,0.4580000042915344,2.0285000801086426,1.625923991203308,1.7656220197677612,Colorado-Bill Owens,5.357953071594238,9.672076225280762,0.44324469566345215,0.615384578704834,1,1,6,2,15,18,1,16.27500343322754,0
17,16,16,2,1,0,0,CO,2000,2.119999885559082,2.119999885559082,2.0230000019073486,1.083922028541565,0,1,0,0,3.9166600704193115,0,0,0,11.649999618530273,27201.01953125,210.72000122070312,0.5032206177711487,0.5074999928474426,2.071500062942505,1.8021739721298218,1.8302210569381714,Colorado-Bill Owens,5.355265140533447,10.211050033569336,0.4489712119102478,0.615384578704834,1,1,6,2,7,18,2,16.340065002441406,0
25,25,21,2,0,4,0,CO,2001,2.053999900817871,2.053999900817871,2.2009999752044678,1.0778963565826416,0,1,0,0,3.875,1,0,0,5.28000020980835,27201.01953125,210.14999389648438,0.5032206177711487,0.5074999928474426,2.127500057220459,1.8021739721298218,1.8302210569381714,Colorado-Bill Owens,5.352569103240967,10.211050033569336,0.46469178795814514,0.5692307949066162,1,1,6,3,13,18,3,16.433082580566406,0
29,29,28,3,0,1,0,CO,2002,2.053999900817871,2.053999900817871,2.2720000743865967,1.0726536512374878,1,1,0,0,3.75,1,0,0,0.10999999940395355,27201.01953125,209.5800018310547,0.5032206177711487,0.5074999928474426,2.1630001068115234,1.8389480113983154,1.8982850313186646,Colorado-Bill Owens,5.349864959716797,10.211050033569336,0.4555532932281494,0.5692307949066162,1,1,6,5,11,18,4,16.509855270385742,0
37,36,29,3,1,2,0,CO,2003,2.0250000953674316,2.0250000953674316,2.193000078201294,1.1231132745742798,0,1,0,1,3.8125,0,0,0,2.109999895095825,27201.01953125,209,0.6504496932029724,0.5074999928474426,2.1089999675750732,1.8389480113983154,1.8982850313186646,Colorado-Bill Owens,5.34710693359375,10.211050033569336,0.47260379791259766,0.5692307949066162,1,1,6,3,15,18,5,16.509634017944336,0
17,17,10,3,0,0,0,CO,2004,2.0350000858306885,2.0350000858306885,2.190999984741211,1.1335866451263428,0,1,0,1,3.875,0,0,0,4.579999923706055,27201.01953125,212.5,0.6504496932029724,0.5169000029563904,2.11299991607666,1.8512330055236816,1.9052979946136475,Colorado-Bill Owens,5.3636369705200195,10.211050033569336,0.48005250096321106,0.5692307949066162,1,1,6,3,4,18,6,16.524639129638672,0
25,23,23,2,0,0,2,CO,2005,2.1559998989105225,2.1559998989105225,2.11299991607666,1.1462376117706299,0,1,0,1,3.875,1,1,0,6.730000019073486,27201.01953125,261,0.6504496932029724,0.5169000029563904,2.134500026702881,1.8512330055236816,1.9052979946136475,Colorado-Bill Owens,5.568345069885254,10.211050033569336,0.3253050148487091,0.46153849363327026,1,1,6,4,17,18,7,16.568115234375,0
22,22,21,13,0,1,0,CO,2006,2.0769999027252197,2.0769999027252197,2.1080000400543213,1.135722041130066,1,1,0,1,3.875,1,1,0,7.800000190734863,27201.01953125,219.5,0.6504496932029724,0.5169000029563904,2.0924999713897705,2.0428218841552734,2.0276310443878174,Colorado-Bill Owens,5.39589786529541,10.211050033569336,0.322842001914978,0.46153849363327026,1,1,6,14,1,18,8,16.646697998046875,0
39,39,37,3,0,1,0,CO,2007,2.2980000972747803,2.2980000972747803,2.4240000247955322,1.1836154460906982,0,0,1,0,3.875,0,0,0,5.710000038146973,27201.01953125,223,0.5865961313247681,0.47020000219345093,2.3610000610351562,2.0428218841552734,2.0276310443878174,Colorado-Bill Ritter,5.411645889282227,10.211050033569336,0.3399086892604828,0.6000000238418579,1,1,6,7,22,18,1,16.704822540283203,0
37,36,28,6,0,0,1,CO,2008,2.316999912261963,2.316999912261963,2.361999988555908,1.1653070449829102,0,0,1,0,3.875,0,0,0,4.699999809265137,27201.01953125,226.5,0.5865961313247681,0.5365999937057495,2.3394999504089355,2.1563620567321777,2.2882070541381836,Colorado-Bill Ritter,5.427149772644043,10.211050033569336,0.32869940996170044,0.615384578704834,1,1,6,7,9,18,2,16.777774810791016,0
31,30,29,2,0,1,1,CO,2009,2.3919999599456787,2.3919999599456787,2.621999979019165,1.2213109731674194,0,0,1,0,3.875,0,0,0,-2.740000009536743,27201.01953125,230,0.5865961313247681,0.5365999937057495,2.506999969482422,2.1563620567321777,2.2882070541381836,Colorado-Bill Ritter,5.442418098449707,10.211050033569336,0.3259049952030182,0.5846154093742371,1,1,6,2,7,18,3,16.851306915283203,0
30,30,30,0,0,0,0,CO,2010,2.3919999599456787,2.3919999599456787,2.621999979019165,1.2213109731674194,1,0,1,0,3.875,0,0,0,2.0299999713897705,27201.01953125,233.5,0.5865961313247681,0.5365999937057495,2.506999969482422,2.1861140727996826,2.331598997116089,Colorado-Bill Ritter,5.457456111907959,10.211050033569336,0.3259049952030182,0.5846154093742371,1,1,6,0,15,18,4,16.898223876953125,0
40,40,39,8,0,0,0,CO,2011,2.743000030517578,2.743000030517578,2.757999897003174,1.5827610492706299,0,0,1,0,3.875,1,0,0,7.320000171661377,27201.01953125,237,0.8208509683609009,0.5365999937057495,2.750499963760376,2.1861140727996826,2.331598997116089,Colorado-John Hickenlooper,5.4722700119018555,10.211050033569336,0.7585936188697815,0.4923076927661896,1,1,6,22,3,18,1,16.952322006225586,0
57,57,56,19,0,0,0,CO,2012,2.739000082015991,2.739000082015991,2.75,1.5304235219955444,0,0,1,0,3.875,1,0,0,5.059999942779541,27201.01953125,240.5,0.8208509683609009,0.5145000219345093,2.744499921798706,2.322464942932129,2.482464075088501,Colorado-John Hickenlooper,5.486868858337402,10.211050033569336,0.7585936188697815,0.4923076927661896,1,1,6,28,6,18,2,16.925931930541992,0
44,44,40,11,0,0,0,CO,2013,2.933000087738037,2.933000087738037,2.946000099182129,1.6355375051498413,0,0,1,0,3.875,0,0,0,3.4100000858306885,27201.01953125,244,0.8208509683609009,0.5145000219345093,2.939500093460083,2.322464942932129,2.482464075088501,Colorado-John Hickenlooper,5.50125789642334,10.211050033569336,0.3256322145462036,0.5538461804389954,1,1,6,21,7,18,3,16.959192276000977,0
31,31,29,3,0,0,0,CO,2014,2.927999973297119,2.927999973297119,2.8929998874664307,1.6428093910217285,1,0,1,0,3.875,0,0,0,NA,27201.01953125,247.5,0.8208509683609009,0.5145000219345093,2.9105000495910645,2.322464942932129,2.482464075088501,Colorado-John Hickenlooper,5.515442848205566,10.211050033569336,0.33296769857406616,0.5692307949066162,1,1,6,12,4,18,4,NA,0
11,10,9,0,1,0,0,CO,2015,NA,NA,NA,NA,0,0,1,1,3.875,1,0,0,NA,30000,251,0.5175452828407288,0.5145000219345093,NA,NA,2.482464075088501,Colorado-John Hickenlooper,5.529428958892822,10.308989524841309,NA,0.5230770111083984,1,1,6,0,3,18,5,NA,0
10,10,10,0,0,0,0,CT,1995,NA,NA,NA,NA,0,1,0,0,4,1,0,0,5.360000133514404,15196.2998046875,440.07000732421875,0.5253487825393677,0.3578000068664551,NA,NA,NA,Connecticut-John Rowland,6.089202880859375,9.628872871398926,NA,0.3973509967327118,1,1,7,0,10,17,1,16.259742736816406,1
5,5,5,0,0,0,0,CT,1996,1.1449999809265137,1.1449999809265137,1.4809999465942383,0.5764479637145996,0,1,0,0,4,1,0,0,4.869999885559082,15196.2998046875,446,0.5253487825393677,0.34689998626708984,1.312999963760376,1.0795480012893677,NA,Connecticut-John Rowland,6.1025590896606445,9.628872871398926,0.17189189791679382,0.3973509967327118,1,1,7,0,5,17,2,16.278133392333984,1
0,0,0,0,0,0,0,CT,1997,1.1720000505447388,1.1720000505447388,1.5190000534057617,0.5775708556175232,0,1,0,0,4,1,1,0,6.659999847412109,15196.2998046875,438.42999267578125,0.5253487825393677,0.34689998626708984,1.3454999923706055,1.0795480012893677,NA,Connecticut-John Rowland,6.085477828979492,9.628872871398926,0.17675049602985382,0.3642384111881256,1,1,7,0,0,17,3,16.29639434814453,1
1,1,1,0,0,0,0,CT,1998,1.1710000038146973,1.1710000038146973,1.5169999599456787,0.5740634799003601,1,1,0,0,4,1,1,0,7.159999847412109,15196.2998046875,430.8599853515625,0.5253487825393677,0.34689998626708984,1.343999981880188,1.1367319822311401,1.2505120038986206,Connecticut-John Rowland,6.068100929260254,9.628872871398926,0.17675049602985382,0.3642384111881256,1,1,7,0,1,17,4,16.355602264404297,1
5,5,5,0,0,0,0,CT,1999,1.1740000247955322,1.1740000247955322,1.5190000534057617,0.5865971446037292,0,1,0,0,4,1,1,0,4.929999828338623,15196.2998046875,423.2900085449219,0.6396488547325134,0.34689998626708984,1.346500039100647,1.1367319822311401,1.2505120038986206,Connecticut-John Rowland,6.050416946411133,9.628872871398926,0.1645880937576294,0.3642384111881256,1,1,7,0,5,17,5,16.406251907348633,1
5,5,5,0,0,0,0,CT,2000,1.1740000247955322,1.1740000247955322,1.5190000534057617,0.5858879685401917,0,1,0,0,4,1,1,0,8.59000015258789,19755.189453125,415.7200012207031,0.6396488547325134,0.38440001010894775,1.346500039100647,1.153493046760559,1.2650330066680908,Connecticut-John Rowland,6.032413959503174,9.89122200012207,0.1645880937576294,0.3642384111881256,1,1,7,0,4,17,6,16.513912200927734,1
6,5,4,0,1,1,0,CT,2001,1.1770000457763672,1.1770000457763672,1.4809999465942383,0.5780906677246094,0,1,0,0,4,1,1,0,4.239999771118164,19755.189453125,408.1499938964844,0.6396488547325134,0.38440001010894775,1.3289999961853027,1.153493046760559,1.2650330066680908,Connecticut-John Rowland,6.014081954956055,9.89122200012207,0.1636296957731247,0.33774828910827637,1,1,7,0,4,17,7,16.594783782958984,1
3,3,3,0,0,0,0,CT,2002,1.1740000247955322,1.1740000247955322,1.4809999465942383,0.5850194692611694,1,1,0,0,4.125,1,1,0,-0.25999999046325684,25387.619140625,400.5799865722656,0.6396488547325134,0.38440001010894775,1.3274999856948853,1.2359830141067505,1.2829370498657227,Connecticut-John Rowland,5.9954071044921875,10.142060279846191,0.1694777011871338,0.33774828910827637,1,1,7,0,3,17,8,16.679794311523438,1
10,10,10,0,0,0,0,CT,2003,1.1779999732971191,1.1779999732971191,1.4800000190734863,0.610431432723999,0,1,0,0,4,1,1,0,2,25387.619140625,393,0.56108558177948,0.38440001010894775,1.3289999961853027,1.2359830141067505,1.2829370498657227,Connecticut-John Rowland,5.976350784301758,10.142060279846191,0.1887138932943344,0.3774834871292114,1,1,7,0,3,17,9,16.699474334716797,1
7,7,5,0,0,1,0,CT,2004,1.1779999732971191,1.1779999732971191,1.4800000190734863,0.6086675524711609,0,1,0,0,3.875,1,1,0,6.900000095367432,25387.619140625,409.1700134277344,0.56108558177948,0.43950000405311584,1.3289999961853027,1.2795369625091553,1.365352988243103,Connecticut-M. JODI RELL,6.016571998596191,10.142060279846191,0.18493980169296265,0.37086090445518494,1,1,7,0,4,17,1,16.6293888092041,1
12,11,11,0,1,0,0,CT,2005,1.2230000495910645,1.2230000495910645,1.440999984741211,0.6104429960250854,0,1,0,0,3.875,1,1,0,5.059999942779541,25387.619140625,425.3399963378906,0.56108558177948,0.43950000405311584,1.3320000171661377,1.2795369625091553,1.365352988243103,Connecticut-M. JODI RELL,6.05523681640625,10.142060279846191,0.17874400317668915,0.34437090158462524,1,1,7,0,7,17,2,16.68683624267578,1
4,3,3,0,1,0,0,CT,2006,1.2289999723434448,1.2289999723434448,1.4140000343322754,0.6112293601036072,1,1,0,0,3.875,1,1,0,7.849999904632568,25387.619140625,441.510009765625,0.56108558177948,0.43950000405311584,1.3214999437332153,1.4255410432815552,1.4575450420379639,Connecticut-M. JODI RELL,6.09246301651001,10.142060279846191,0.1779583990573883,0.34437090158462524,1,1,7,0,3,17,3,16.693126678466797,1
0,0,0,0,0,0,0,CT,2007,1.2669999599456787,1.2669999599456787,1.4129999876022339,0.6074313521385193,0,1,0,0,3.875,1,1,0,6.190000057220459,25387.619140625,457.67999267578125,0.640682578086853,0.43950000405311584,1.340000033378601,1.4255410432815552,1.4575450420379639,Connecticut-M. JODI RELL,6.128353118896484,10.142060279846191,0.17622169852256775,0.29139068722724915,1,1,7,0,0,17,4,16.76045036315918,1
4,4,4,0,0,0,0,CT,2008,1.2660000324249268,1.2660000324249268,1.440000057220459,0.6046980023384094,0,1,0,0,3.875,1,1,0,1.309999942779541,25387.619140625,473.8500061035156,0.640682578086853,0.3822000026702881,1.3530000448226929,1.438249945640564,1.5271940231323242,Connecticut-M. JODI RELL,6.162999153137207,10.142060279846191,0.17622169852256775,0.29139068722724915,1,1,7,0,3,17,5,16.814111709594727,1
21,21,21,0,0,0,0,CT,2009,NA,1.2666666507720947,NA,NA,0,1,0,0,3.875,1,1,0,-3.8499999046325684,25387.619140625,490,0.640682578086853,0.3822000026702881,NA,1.438249945640564,1.5271940231323242,Connecticut-M. JODI RELL,6.196444034576416,10.142060279846191,NA,0.24503310024738312,1,1,7,0,14,17,6,16.8778018951416,1
12,11,11,0,1,0,0,CT,2010,NA,1.2673332691192627,1.3980000019073486,NA,1,1,0,0,3.875,1,1,0,3.4100000858306885,25387.619140625,506.19000244140625,0.640682578086853,0.3822000026702881,1.3980000019073486,1.6230080127716064,1.677651047706604,Connecticut-M. JODI RELL,6.228886127471924,10.142060279846191,NA,0.24503310024738312,1,1,7,0,6,17,7,16.88819694519043,1
16,16,16,0,0,0,0,CT,2011,1.2680000066757202,1.2680000066757202,1.4079999923706055,0.6507992148399353,0,0,1,0,3.875,0,0,0,4.710000038146973,25387.619140625,522.3599853515625,0.5028382539749146,0.60589998960495,1.3380000591278076,1.6230080127716064,1.677651047706604,Connecticut-Dannel Malloy,6.260270118713379,10.142060279846191,0.19180969893932343,0.6622517108917236,1,1,7,0,2,17,1,16.917810440063477,1
13,13,13,0,0,0,0,CT,2012,1.2680000066757202,1.2680000066757202,1.4079999923706055,0.6477817893028259,0,0,1,0,3.875,0,0,0,3.440000057220459,25387.619140625,538.530029296875,0.5028382539749146,0.5806000232696533,1.3380000591278076,1.7295759916305542,1.7554919719696045,Connecticut-Dannel Malloy,6.290699005126953,10.142060279846191,0.18587540090084076,0.6622517108917236,1,1,7,0,3,17,2,16.94123077392578,1
9,9,9,0,0,0,0,CT,2013,1.25,1.25,1.4459999799728394,0.6399622559547424,0,0,1,0,3.875,0,0,0,2.109999895095825,25387.619140625,554.70001220703125,0.5028382539749146,0.5806000232696533,1.3480000495910645,1.7295759916305542,1.7554919719696045,Connecticut-Dannel Malloy,6.3202290534973145,10.142060279846191,0.18195679783821106,0.6556292176246643,1,1,7,0,1,17,3,16.981800079345703,1
4,4,4,0,0,0,0,CT,2014,1.2690000534057617,1.2690000534057617,1.4459999799728394,0.6501303911209106,1,0,1,0,3.875,0,0,0,NA,25387.619140625,570.8699951171875,0.5028382539749146,0.5806000232696533,1.3574999570846558,1.7295759916305542,1.7554919719696045,Connecticut-Dannel Malloy,6.348911762237549,10.142060279846191,0.1822579950094223,0.6490066051483154,1,1,7,0,2,17,4,NA,1
8,8,8,0,0,0,0,CT,2015,NA,NA,NA,NA,0,0,1,0,3.875,0,0,0,NA,28000,587.03997802734375,0.5129644274711609,0.5806000232696533,NA,NA,1.7554919719696045,Connecticut-Dannel Malloy,6.376794815063477,10.239999771118164,NA,0.5695363879203796,1,1,7,1,4,17,5,NA,1
5,5,5,0,0,0,0,DE,1997,0.7170000076293945,0.7170000076293945,0.6600000262260437,0.3649374842643738,0,0,1,1,3.75,1,0,0,4.449999809265137,23574.2109375,61.709999084472656,0.6949518918991089,0.517799973487854,0.6884999871253967,NA,NA,Delaware-Carper,4.138521194458008,10.067950248718262,0.15652909874916077,0.3414633870124817,0,0,8,0,4,18,4,14.946380615234375,1
8,7,7,0,1,0,0,DE,1998,0.7170000076293945,0.7170000076293945,0.6600000262260437,0.3649374842643738,0,0,1,1,3.75,1,0,0,8.529999732971191,24934.259765625,65.41999816894531,0.6949518918991089,0.517799973487854,0.6884999871253967,NA,NA,Delaware-Carper,4.195998191833496,10.124039649963379,0.15652909874916077,0.31707319617271423,0,0,8,0,5,18,5,14.979730606079102,1
17,17,17,4,0,0,0,DE,1999,0.7369999885559082,0.7369999885559082,0.6449999809265137,0.39833247661590576,0,0,1,1,3.791670083999634,1,0,0,5.28000020980835,24934.259765625,69.12999725341797,0.6949518918991089,0.517799973487854,0.6909999847412109,NA,NA,Delaware-Carper,4.250349998474121,10.124039649963379,0.14107060432434082,0.3658536970615387,0,0,8,8,7,18,6,15.116024017333984,1
8,8,8,0,0,0,0,DE,2000,0.7369999885559082,0.7369999885559082,0.6449999809265137,0.39833247661590576,1,0,1,1,3.8333399295806885,1,0,0,8.569999694824219,26814.759765625,72.839996337890625,0.6949518918991089,0.5496000051498413,0.6909999847412109,1.0226730108261108,0.8610044121742249,Delaware-Carper,4.3018999099731445,10.19674015045166,0.14107060432434082,0.3658536970615387,0,0,8,0,7,18,7,15.17973518371582,1
27,26,22,0,1,0,0,DE,2001,0.7960000038146973,0.7960000038146973,0.578000009059906,0.4068795144557953,0,0,1,0,3.875,1,0,0,7.269999980926514,26814.759765625,76.55000305175781,0.59848952293396,0.5496000051498413,0.6869999766349792,1.0226730108261108,0.8610044121742249,Delaware-Carper,4.35092306137085,10.19674015045166,0.14326760172843933,0.3658536970615387,0,0,8,0,15,18,8,15.189814567565918,1
11,10,10,1,1,0,0,DE,2002,0.7960000038146973,0.7960000038146973,0.578000009059906,0.4068795144557953,0,0,1,0,3.875,1,0,0,4.159999847412109,30283.80078125,80.26000213623047,0.59848952293396,0.5496000051498413,0.6869999766349792,1.036389946937561,0.7105703949928284,Delaware-Minner,4.397654056549072,10.318400382995605,0.14326760172843933,0.3658536970615387,0,0,8,2,3,18,1,15.257970809936523,1
16,15,13,0,1,0,0,DE,2003,0.9599999785423279,0.9599999785423279,0.5730000138282776,0.4710869789123535,0,0,1,0,3.875,1,0,0,3.0199999809265137,30283.80078125,84,0.59848952293396,0.5496000051498413,0.7664999961853027,1.036389946937561,0.7105703949928284,Delaware-Minner,4.44265079498291,10.318400382995605,0.21160340309143066,0.2926828861236572,0,0,8,1,7,18,2,15.291715621948242,1
11,10,10,0,1,0,0,DE,2004,0.9599999785423279,0.9599999785423279,0.5730000138282776,0.4710869789123535,1,0,1,0,3.875,1,0,0,6.480000019073486,30283.80078125,82.33000183105469,0.59848952293396,0.5333999991416931,0.7664999961853027,1.019940972328186,0.8674098253250122,Delaware-Minner,4.42280912399292,10.318400382995605,0.21160340309143066,0.2926828861236572,0,0,8,0,7,18,3,15.407723426818848,1
13,13,13,1,0,0,0,DE,2005,0.9599999785423279,0.9599999785423279,0.5730000138282776,0.510628342628479,0,0,1,1,3.875,1,0,0,4.920000076293945,33094.5703125,80.660003662109375,0.5262936949729919,0.5333999991416931,0.7664999961853027,1.019940972328186,0.8674098253250122,Delaware-Minner,4.40256404876709,10.407159805297852,0.2159488946199417,0.3658536970615387,0,0,8,1,8,18,4,15.517387390136719,1
18,17,17,0,1,0,0,DE,2006,0.9599999785423279,0.9599999785423279,0.5730000138282776,0.510628342628479,0,0,1,1,3.875,1,0,0,6.820000171661377,36073.078125,78.98999786376953,0.5262936949729919,0.5333999991416931,0.7664999961853027,1.6393580436706543,1.0100539922714233,Delaware-Minner,4.38190221786499,10.493330001831055,0.2159488946199417,0.3658536970615387,0,0,8,0,13,18,5,15.610511779785156,1
11,11,11,1,0,0,0,DE,2007,0.9440000057220459,0.9440000057220459,0.5960000157356262,0.5480104684829712,0,0,1,1,3.875,1,0,0,3.1600000858306885,38081.421875,77.31999969482422,0.5262936949729919,0.5333999991416931,0.7699999809265137,1.6393580436706543,1.0100539922714233,Delaware-Minner,4.360803127288818,10.547510147094727,0.33189868927001953,0.4390243887901306,0,0,8,1,8,18,6,15.644782066345215,1
6,4,4,0,2,0,0,DE,2008,0.9440000057220459,0.9440000057220459,0.5960000157356262,0.5480104684829712,1,0,1,1,3.875,1,0,0,2.5299999713897705,38761.44921875,75.6500015258789,0.5262936949729919,0.6190999746322632,0.7699999809265137,1.0682049989700317,1.1389609575271606,Delaware-Minner,4.339250087738037,10.565210342407227,0.33189868927001953,0.46341460943222046,0,0,8,1,1,18,7,15.696725845336914,1
14,14,13,0,0,0,0,DE,2009,0.9430000185966492,0.9430000185966492,0.6740000247955322,0.5742363929748535,0,0,1,0,3.875,0,0,0,-0.6899999976158142,38761.44921875,74,0.6781331896781921,0.6190999746322632,0.8084999918937683,1.0682049989700317,1.1389609575271606,Delaware-Jack Markell,4.317488193511963,10.565210342407227,0.20410719513893127,0.5853657722473145,0,0,8,0,7,18,1,15.707777976989746,1
7,7,7,0,0,0,0,DE,2010,0.9430000185966492,0.9430000185966492,0.6890000104904175,0.5941367149353027,0,0,1,0,3.875,0,0,0,1.4800000190734863,37791.28125,73.9800033569336,0.6781331896781921,0.6190999746322632,0.8159999847412109,1.4146039485931396,1.2209219932556152,Delaware-Jack Markell,4.3172221183776855,10.539859771728516,0.22650940716266632,0.5853657722473145,0,0,8,0,5,18,2,15.74952220916748,1
11,11,11,0,0,0,0,DE,2011,1.0700000524520874,1.0700000524520874,0.8190000057220459,0.6640295386314392,0,0,1,0,3.875,0,0,1,5.179999828338623,38761.44921875,72.30999755859375,0.6781331896781921,0.6190999746322632,0.9445000290870667,1.4146039485931396,1.2209219932556152,Delaware-Jack Markell,4.294696807861328,10.565210342407227,0.24980640411376953,0.6341462731361389,0,0,8,0,6,18,3,15.769632339477539,1
4,4,4,0,0,0,0,DE,2012,1.0700000524520874,1.0700000524520874,0.8190000057220459,0.6640295386314392,1,0,1,0,3.875,0,0,1,4.329999923706055,38761.44921875,70.63999938964844,0.6781331896781921,0.5860999822616577,0.9445000290870667,1.417175054550171,1.4313440322875977,Delaware-Jack Markell,4.27165412902832,10.565210342407227,0.24980640411376953,0.6341462731361389,0,0,8,0,2,18,4,15.80455493927002,1
5,5,5,0,0,0,0,DE,2013,1.159999966621399,1.159999966621399,0.8510000109672546,0.6898926496505737,0,0,1,1,3.875,0,0,1,2.9200000762939453,39932,68.970001220703125,0.7080628871917725,0.5860999822616577,1.0054999589920044,1.417175054550171,1.4313440322875977,Delaware-Jack Markell,4.248065948486328,10.59496021270752,0.29469919204711914,0.6585366129875183,0,0,8,0,2,18,5,15.867448806762695,1
5,5,5,0,0,0,0,DE,2014,1.159999966621399,1.159999966621399,0.8510000109672546,0.6898926496505737,0,0,1,1,3.875,0,0,1,NA,39932,67.30000305175781,0.7080628871917725,0.5860999822616577,1.0054999589920044,1.417175054550171,1.4313440322875977,Delaware-Jack Markell,4.223909854888916,10.59496021270752,0.29469919204711914,0.6585366129875183,1,1,8,0,3,18,6,NA,1
9,9,8,0,0,0,0,DE,2015,NA,NA,NA,NA,0,0,1,1,3.875,0,0,0,NA,44541,65.62999725341797,0.7080628871917725,0.5860999822616577,NA,NA,1.4313440322875977,Delaware-Jack Markell,4.199154853820801,10.704190254211426,NA,0.6097561120986938,1,1,8,0,6,18,7,NA,1
261,260,32,4,1,228,0,FL,1998,1.309000015258789,1.309000015258789,1.406000018119812,0.7192187309265137,1,0,1,1,3.375,1,1,0,7.96999979019165,22587.720703125,1825.719970703125,0.5076009035110474,0.48019999265670776,1.3574999570846558,0.6724231243133545,0.8433123230934143,Florida-Lawton Chiles,7.510276794433594,10.0252103805542,0.2645426094532013,0.4749999940395355,1,1,9,10,19,16,8,17.41726303100586,1
263,262,33,2,1,229,0,FL,1999,1.3990000486373901,1.3990000486373901,1.3519999980926514,0.7135317325592041,0,1,0,0,3.375,0,0,0,4.949999809265137,22587.720703125,1790.5799560546875,0.5527288317680359,0.42320001125335693,1.375499963760376,0.6724231243133545,0.8433123230934143,Florida-Buddy MacKay,7.4908528327941895,10.0252103805542,0.23897920548915863,0.6083332896232605,1,1,9,6,24,16,1,17.49774169921875,1
345,345,50,4,0,294,0,FL,2000,1.4730000495910645,1.4730000495910645,1.3519999980926514,0.7299425005912781,0,1,0,0,3.375,0,0,0,8.029999732971191,23926.009765625,1755.43994140625,0.5527288317680359,0.4884999990463257,1.412500023841858,0.6090459823608398,0.8552036881446838,Florida-Jeb Bush,7.471045017242432,10.082759857177734,0.2354906052350998,0.6083332896232605,1,1,9,6,39,16,1,17.564678192138672,1
313,313,64,3,0,247,0,FL,2001,1.4919999837875366,1.4919999837875366,1.3229999542236328,0.7540882229804993,0,1,0,0,3.375,0,0,0,5.349999904632568,23926.009765625,1720.300048828125,0.5527288317680359,0.4884999990463257,1.4075000286102295,0.6090459823608398,0.8552036881446838,Florida-Jeb Bush,7.450835227966309,10.082759857177734,0.1560032069683075,0.6416667103767395,1,1,9,7,48,16,2,17.657012939453125,1
274,269,61,3,0,208,5,FL,2002,1.4919999837875366,1.4919999837875366,1.3049999475479126,0.7538979053497314,1,1,0,0,3.375,0,0,0,3.690000057220459,25296.94921875,1685.1600341796875,0.5527288317680359,0.4884999990463257,1.3984999656677246,0.8052135705947876,0.8159863948822021,Florida-Jeb Bush,7.430209159851074,10.138480186462402,0.15606489777565002,0.6416667103767395,1,1,9,6,52,16,3,17.671844482421875,1
211,210,38,3,0,172,1,FL,2003,1.4809999465942383,1.4809999465942383,1.315000057220459,0.7252798676490784,0,1,0,1,3.5,0,0,0,4.78000020980835,25296.94921875,1650,0.5647867321968079,0.4884999990463257,1.3980000019073486,0.8052135705947876,0.8159863948822021,Florida-Jeb Bush,7.409135818481445,10.138480186462402,0.193708598613739,0.675000011920929,1,1,9,5,27,16,4,17.73187828063965,1
243,242,50,4,1,192,0,FL,2004,1.4869999885559082,1.4869999885559082,1.315000057220459,0.7311125993728638,0,1,0,1,3.625,0,0,0,9.229999542236328,25296.94921875,1617.8299560546875,0.5647867321968079,0.5210000276565552,1.4010000228881836,0.728996992111206,0.899100124835968,Florida-Jeb Bush,7.389459133148193,10.138480186462402,0.19817820191383362,0.675000011920929,1,1,9,4,35,16,5,17.776321411132812,1
236,236,32,6,0,203,0,FL,2005,1.503999948501587,1.503999948501587,1.315000057220459,0.7248857617378235,0,1,0,1,3.625,0,0,0,9.079999923706055,27124.849609375,1585.6600341796875,0.5647867321968079,0.5210000276565552,1.409500002861023,0.728996992111206,0.899100124835968,Florida-Jeb Bush,7.369387149810791,10.208239555358887,0.19937290251255035,0.699999988079071,1,1,9,7,17,16,6,17.94925880432129,1
225,224,54,6,1,170,0,FL,2006,1.5160000324249268,1.5160000324249268,1.315000057220459,0.727462887763977,1,1,0,1,3.625,0,0,0,8.670000076293945,27124.849609375,1553.489990234375,0.5647867321968079,0.5210000276565552,1.4155000448226929,0.8673756718635559,1.0901639461517334,Florida-Jeb Bush,7.348903179168701,10.208239555358887,0.20035399496555328,0.699999988079071,1,1,9,10,38,16,7,18.032991409301758,1
196,196,36,2,0,159,0,FL,2007,1.534000039100647,1.534000039100647,1.3550000190734863,0.7743721604347229,0,1,0,0,3.625,0,0,0,4.050000190734863,28104.08984375,1521.3199462890625,0.5363501906394958,0.5210000276565552,1.4444999694824219,0.8673756718635559,1.0901639461517334,Florida-Charlie Crist,7.327991008758545,10.243709564208984,0.17556390166282654,0.658333420753479,1,1,9,2,25,16,1,18.001188278198242,1
214,214,56,7,0,157,0,FL,2008,1.5379999876022339,1.5379999876022339,1.3650000095367432,0.7850642204284668,0,1,0,0,3.625,0,0,0,0.6100000143051147,28952.759765625,1489.1500244140625,0.5363501906394958,0.48100000619888306,1.4515000581741333,0.8746837973594666,1.1706639528274536,Florida-Charlie Crist,7.306632041931152,10.273460388183594,0.17787310481071472,0.6499999761581421,1,1,9,8,38,16,2,18.0518741607666,1
214,214,36,4,0,177,0,FL,2009,NA,1.5980000495910645,NA,NA,0,1,0,0,3.625,0,0,0,-5.389999866485596,27505.669921875,1457,0.5363501906394958,0.48100000619888306,NA,0.8746837973594666,1.1706639528274536,Florida-Charlie Crist,7.284821033477783,10.222180366516113,NA,0.6333333253860474,1,1,9,5,29,16,3,18.006023406982422,1
230,230,51,3,0,179,0,FL,2010,1.6579999923706055,1.6579999923706055,NA,0.8655509352684021,1,1,0,0,3.625,0,0,0,4.159999847412109,26926.2890625,1424.81005859375,0.5363501906394958,0.48100000619888306,1.6579999923706055,0.9027531147003174,1.1981849670410156,Florida-Charlie Crist,7.262495994567871,10.200900077819824,0.2310428023338318,0.6333333253860474,1,1,9,4,33,16,4,18.042089462280273,1
241,241,35,1,0,206,0,FL,2011,1.722000002861023,1.722000002861023,1.5,0.8976612687110901,0,1,0,0,3.625,0,0,1,4.940000057220459,26926.2890625,1392.6400146484375,0.5059444308280945,0.48100000619888306,1.6109999418258667,0.9027531147003174,1.1981849670410156,Florida-Rick Scott,7.239674091339111,10.200900077819824,0.2198289930820465,0.675000011920929,1,1,9,3,30,16,1,18.09196662902832,1
255,254,32,0,0,221,1,FL,2012,1.722000002861023,1.722000002861023,1.5420000553131104,0.8974826335906982,0,1,0,0,3.625,0,0,1,4.070000171661377,26917.220703125,1360.469970703125,0.5059444308280945,0.4902999997138977,1.6319999694824219,0.8319761157035828,0.9881182909011841,Florida-Rick Scott,7.216320991516113,10.200559616088867,0.2200354039669037,0.675000011920929,1,1,9,3,23,16,2,18.057113647460938,1
345,344,104,0,0,240,1,FL,2013,1.7549999952316284,1.7549999952316284,1.5570000410079956,0.914303183555603,0,1,0,0,3.625,0,0,0,2.890000104904175,26917.220703125,1328.300048828125,0.5059444308280945,0.4902999997138977,1.656000018119812,0.8319761157035828,0.9881182909011841,Florida-Rick Scott,7.192408084869385,10.200559616088867,0.2094597965478897,0.6166666746139526,1,1,9,2,80,16,3,18.079565048217773,1
329,328,67,1,1,262,0,FL,2014,1.746000051498413,1.746000051498413,1.5570000410079956,0.9174613952636719,1,1,0,0,3.625,0,0,0,NA,26926.2890625,1296,0.5059444308280945,0.4902999997138977,1.6514999866485596,0.8319761157035828,0.9881182909011841,Florida-Rick Scott,7.167809009552002,10.200900077819824,0.20938439667224884,0.6166666746139526,1,1,9,1,65,16,4,NA,1
262,262,7,2,0,255,0,FL,2015,NA,NA,NA,NA,0,1,0,1,3.625,0,0,0,NA,29697,1263.9599609375,0.5056599974632263,0.4902999997138977,NA,NA,0.9881182909011841,Florida-Rick Scott,7.142796039581299,10.298830032348633,NA,0.6666666865348816,1,1,9,2,4,16,5,NA,1
338,327,308,5,11,19,0,GA,2003,1.5119999647140503,1.5119999647140503,1.4789999723434448,0.776750385761261,0,1,0,0,3.375,1,0,0,3.380000114440918,14688.5498046875,603,0.526416540145874,0.5467000007629395,1.4954999685287476,1.2341779470443726,0.8626791834831238,Georgia-George E. Perdue,6.403573989868164,9.594891548156738,0.32763180136680603,0.4000000059604645,1,1,10,5,284,12,1,17.192794799804688,1
448,444,428,4,4,17,0,GA,2004,1.5119999647140503,1.5119999647140503,1.4789999723434448,0.776750385761261,0,1,0,0,3.5,1,0,0,5.119999885559082,14688.5498046875,603.33001708984375,0.526416540145874,0.5792999863624573,1.4954999685287476,0.8944864273071289,0.9060688018798828,Georgia-George E. Perdue,6.404119968414307,9.594891548156738,0.32763180136680603,0.4000000059604645,1,1,10,5,399,12,2,17.245100021362305,1
465,451,435,3,14,17,0,GA,2005,1.5839999914169312,1.5839999914169312,1.621000051498413,0.8140333890914917,0,1,0,0,3.5,0,0,0,6.599999904632568,14688.5498046875,603.65997314453125,0.526416540145874,0.5792999863624573,1.6024999618530273,0.8944864273071289,0.9060688018798828,Georgia-George E. Perdue,6.404665946960449,9.594891548156738,0.30362430214881897,0.550000011920929,1,1,10,5,399,12,3,17.232906341552734,1
419,410,384,0,9,26,0,GA,2006,1.5839999914169312,1.5839999914169312,1.621000051498413,0.8140333890914917,1,1,0,0,3.5,0,0,0,6.949999809265137,14982.3203125,603.989990234375,0.526416540145874,0.5792999863624573,1.6024999618530273,1.013692021369934,1.0380619764328003,Georgia-George E. Perdue,6.405211925506592,9.614692687988281,0.30362430214881897,0.550000011920929,1,1,10,0,374,12,4,17.259132385253906,1
417,406,393,4,11,13,0,GA,2007,1.5989999771118164,1.5989999771118164,1.6260000467300415,0.822516679763794,0,1,0,1,3.5,0,0,0,5.5,15724,604.32000732421875,0.6025775671005249,0.5792999863624573,1.6124999523162842,1.013692021369934,1.0380619764328003,Georgia-George E. Perdue,6.405756950378418,9.663006782531738,0.27777960896492004,0.5888888835906982,1,1,10,7,368,12,5,17.446462631225586,1
422,419,413,5,3,6,0,GA,2008,1.5989999771118164,1.5989999771118164,1.6260000467300415,0.822516679763794,0,1,0,1,3.5,0,0,0,2.259999990463257,15724,604.6500244140625,0.6025775671005249,0.5210000276565552,1.6124999523162842,1.2238869667053223,0.9763060808181763,Georgia-George E. Perdue,6.406301975250244,9.663006782531738,0.27777960896492004,0.5944445133209229,1,1,10,9,378,12,6,17.403600692749023,1
353,348,329,3,5,19,0,GA,2009,1.6139999628067017,1.6139999628067017,1.5889999866485596,0.8415135145187378,0,1,0,1,3.5,0,0,0,-2.8299999237060547,15724,605,0.6025775671005249,0.5210000276565552,1.6015000343322754,1.2238869667053223,0.9763060808181763,Georgia-George E. Perdue,6.406879901885986,9.663006782531738,0.2687526047229767,0.5833333134651184,1,1,10,5,314,12,7,17.397809982299805,1
593,589,568,2,4,21,0,GA,2010,1.625,1.625,1.5920000076293945,0.8437587022781372,1,1,0,1,3.5,0,0,0,1.0099999904632568,15724,605.30999755859375,0.6025775671005249,0.5210000276565552,1.6085000038146973,1.5136480331420898,1.1240830421447754,Georgia-George E. Perdue,6.4073920249938965,9.663006782531738,0.26948589086532593,0.5833333134651184,1,1,10,2,545,12,8,17.418569564819336,1
346,340,334,2,6,5,0,GA,2011,1.6950000524520874,1.6950000524520874,1.809000015258789,0.9053901433944702,0,1,0,0,3.5,0,0,0,6.949999809265137,15724,605.6400146484375,0.5523326992988586,0.5210000276565552,1.7519999742507935,1.5136480331420898,1.1240830421447754,Georgia-George E. Perdue,6.407936096191406,9.663006782531738,0.24711260199546814,0.6000000238418579,1,1,10,2,308,12,9,17.437461853027344,1
298,292,288,0,6,4,0,GA,2012,1.6640000343322754,1.6640000343322754,1.7949999570846558,0.9005386829376221,0,1,0,0,3.5,0,0,0,4.110000133514404,15724,605.969970703125,0.5523326992988586,0.5318999886512756,1.7295000553131104,1.108299970626831,1.335008978843689,Georgia-Nathan Deal,6.4084792137146,9.663006782531738,0.24496890604496002,0.6424580812454224,1,1,10,0,282,12,1,17.4446964263916,1
631,623,612,1,8,11,0,GA,2013,1.7170000076293945,1.7170000076293945,1.8480000495910645,0.88547515869140625,0,1,0,0,3.5,0,0,0,2.690000057220459,15724,606.29998779296875,0.5523326992988586,0.5318999886512756,1.7825000286102295,1.108299970626831,1.335008978843689,Georgia-Nathan Deal,6.409022808074951,9.663006782531738,0.26008141040802,0.6611111164093018,1,1,10,1,596,12,2,17.47141456604004,1
398,391,383,3,7,7,0,GA,2014,1.74399995803833,1.74399995803833,1.843000054359436,0.8994622230529785,1,1,0,0,3.5,0,0,0,NA,15724,606.6300048828125,0.5523326992988586,0.5318999886512756,1.7934999465942383,1.108299970626831,1.335008978843689,Georgia-Nathan Deal,6.4095659255981445,9.663006782531738,0.2748591899871826,0.6611111164093018,1,1,10,12,349,12,3,NA,1
553,543,530,4,10,13,0,GA,2015,NA,NA,NA,NA,0,1,0,1,3.5,0,0,0,NA,17342,606.96002197265625,0.5402491092681885,0.5318999886512756,NA,NA,1.335008978843689,Georgia-Nathan Deal,6.410109043121338,9.760944366455078,NA,0.6666666865348816,1,1,10,9,502,12,4,NA,1
27,27,27,0,0,0,0,HI,1998,0.675000011920929,0.675000011920929,0.28299999237060547,0.3409971296787262,1,0,1,0,3.625,0,0,1,1.559999942779541,29014.419921875,231.4199981689453,0.5557257533073425,0.5692999958992004,0.4790000021457672,0.6195539236068726,1.0766609907150269,Hawaii-Cayetano,5.448545932769775,10.275580406188965,0.18633310496807098,0.7647058963775635,1,1,11,0,0,14,4,15.475922584533691,1
52,52,52,0,0,0,0,HI,1999,0.6980000138282776,0.6980000138282776,0.32100000977516174,0.3515261113643646,0,0,1,1,3.683000087738037,0,0,1,3.009999990463257,29014.419921875,219.1300048828125,0.5065160393714905,0.5692999958992004,0.5095000267028809,0.6195539236068726,1.0766609907150269,Hawaii-Cayetano,5.3942179679870605,10.275580406188965,0.18281880021095276,0.7647058963775635,1,1,11,0,0,14,5,15.5472993850708,1
32,32,32,0,0,0,0,HI,2000,0.6980000138282776,0.6980000138282776,0.32100000977516174,0.35171976685523987,0,0,1,1,3.7416000366210938,0,0,1,5.610000133514404,29014.419921875,206.83999633789062,0.5065160393714905,0.5579000115394592,0.5095000267028809,1.1469340324401855,0.9550113081932068,Hawaii-Cayetano,5.336769104003906,10.275580406188965,0.18265609443187714,0.7450981140136719,1,1,11,0,0,14,6,15.603177070617676,1
54,54,52,0,0,2,0,HI,2001,0.7210000157356262,0.7210000157356262,1.4429999589920044,0.3961537480354309,0,0,1,1,3.799999952316284,0,0,0,3.5,29014.419921875,194.5500030517578,0.5065160393714905,0.5579000115394592,1.0820000171661377,1.1469340324401855,0.9550113081932068,Hawaii-Cayetano,5.275815963745117,10.275580406188965,0.16503989696502686,0.6274510025978088,1,1,11,0,0,14,7,15.631108283996582,1
64,64,64,0,0,0,0,HI,2002,0.7210000157356262,0.7210000157356262,1.4429999589920044,0.3961537480354309,1,0,1,1,3.75,0,0,0,4.380000114440918,29014.419921875,182.25999450683594,0.5065160393714905,0.5579000115394592,1.0820000171661377,0.9461845755577087,0.9792823195457458,Hawaii-Cayetano,5.210906028747559,10.275580406188965,0.16503989696502686,0.6274510025978088,1,1,11,0,0,14,8,15.715167999267578,1
9,9,4,0,0,5,0,HI,2003,0.7319999933242798,0.7319999933242798,1.4429999589920044,0.36954420804977417,0,1,0,0,3.6875,1,1,1,4.960000038146973,29014.419921875,170,0.5230475664138794,0.37459999322891235,1.087499976158142,0.9461845755577087,0.9792823195457458,Hawaii-Linda Lingle,5.141664028167725,10.275580406188965,0.1546057015657425,0.29411768913269043,1,1,11,0,3,14,1,15.740036964416504,1
12,12,0,0,0,12,0,HI,2004,0.7319999933242798,0.7319999933242798,1.4429999589920044,0.36954420804977417,0,1,0,0,3.625,1,1,1,8.210000038146973,29014.419921875,200.8300018310547,0.5230475664138794,0.45260000228881836,1.087499976158142,1.0025479793548584,1.1788979768753052,Hawaii-Linda Lingle,5.3074259757995605,10.275580406188965,0.1546057015657425,0.29411768913269043,1,1,11,0,0,14,2,15.772954940795898,1
14,14,3,0,0,11,0,HI,2005,0.7139999866485596,0.7139999866485596,1.440999984741211,0.32137954235076904,0,1,0,0,3.625,1,1,1,7.099999904632568,29014.419921875,231.66000366210938,0.5230475664138794,0.45260000228881836,1.0774999856948853,1.0025479793548584,1.1788979768753052,Hawaii-Linda Lingle,5.449577808380127,10.275580406188965,0.1462422013282776,0.19607840478420258,1,1,11,0,3,14,3,15.846270561218262,1
4,4,3,0,0,1,0,HI,2006,0.6869999766349792,0.6869999766349792,1.440999984741211,0.32538628578186035,1,1,0,0,3.625,1,1,1,7.539999961853027,31009.16015625,262.489990234375,0.5230475664138794,0.45260000228881836,1.0640000104904175,1.0292810201644897,1.3911099433898926,Hawaii-Linda Lingle,5.574016094207764,10.342069625854492,0.1656506061553955,0.19607840478420258,1,1,11,0,2,14,4,15.906172752380371,1
11,11,8,0,0,3,0,HI,2007,0.6759999990463257,0.6759999990463257,1.3389999866485596,0.2958845794200897,0,1,0,1,3.625,1,1,1,6.199999809265137,32550.55078125,293.32000732421875,0.6388540863990784,0.45260000228881836,1.0075000524520874,1.0292810201644897,1.3911099433898926,Hawaii-Linda Lingle,5.684668064117432,10.390580177307129,0.1693253070116043,0.1568627953529358,1,1,11,0,6,14,5,16.009366989135742,1
2,2,2,0,0,0,0,HI,2008,0.6809999942779541,0.6809999942779541,1.3919999599456787,0.2954140305519104,0,1,0,1,3.625,1,1,1,4.820000171661377,33275.91015625,324.1499938964844,0.6388540863990784,0.26579999923706055,1.0364999771118164,1.1424800157546997,1.2403010129928589,Hawaii-Linda Lingle,5.784286022186279,10.412619590759277,0.1693253070116043,0.13725489377975464,1,1,11,0,0,14,6,16.07383155822754,1
10,10,10,0,0,0,0,HI,2009,NA,0.6710000038146973,NA,NA,0,1,0,1,3.625,1,1,1,0.800000011920929,44163.5703125,355,0.6388540863990784,0.26579999923706055,NA,1.1424800157546997,1.2403010129928589,Hawaii-Linda Lingle,5.8749308586120605,10.695679664611816,NA,0.11764709651470184,1,1,11,0,9,14,7,16.123207092285156,1
12,12,12,0,0,0,0,HI,2010,NA,0.6610000133514404,NA,NA,1,1,0,1,3.625,1,1,1,2.0899999141693115,44163.5703125,385.80999755859375,0.6388540863990784,0.26579999923706055,NA,1.7281689643859863,1.569883942604065,Hawaii-Linda Lingle,5.957932949066162,10.695679664611816,NA,0.11764709651470184,1,1,11,0,6,14,8,16.088695526123047,1
60,60,57,0,0,3,0,HI,2011,0.6510000228881836,0.6510000228881836,1.9609999656677246,0.2918449342250824,0,0,1,0,3.625,0,0,1,5.75,41954.8515625,416.6400146484375,0.5860618352890015,0.718500018119812,1.305999994277954,1.7281689643859863,1.569883942604065,Hawaii-Neil Abercrombie,6.0346198081970215,10.644370079040527,0.17661690711975098,0.8431373238563538,1,1,11,0,6,14,1,16.11441421508789,1
28,28,28,0,0,0,0,HI,2012,0.6449999809265137,0.6449999809265137,1.9609999656677246,0.30290040373802185,0,0,1,0,3.625,0,0,1,3.7200000286102295,41955.75,447.4700012207031,0.5860618352890015,0.7055000066757202,1.3029999732971191,1.6658380031585693,1.6768120527267456,Hawaii-Neil Abercrombie,6.105842113494873,10.644390106201172,0.18593829870224,0.8431373238563538,1,1,11,0,0,14,2,16.127817153930664,1
36,36,28,0,0,8,0,HI,2013,0.6639999747276306,0.6639999747276306,1.9670000076293945,0.2944207489490509,0,0,1,0,3.625,0,0,1,2.8399999141693115,41955.75,478.29998779296875,0.5860618352890015,0.7055000066757202,1.315500020980835,1.6658380031585693,1.6768120527267456,Hawaii-Neil Abercrombie,6.172327041625977,10.644390106201172,0.1969245970249176,0.8627451062202454,1,1,11,0,5,14,3,16.127859115600586,1
17,17,15,0,0,2,0,HI,2014,NA,NA,1.9670000076293945,NA,1,0,1,0,3.625,0,0,1,NA,52454.44140625,509.1300048828125,0.5860618352890015,0.7055000066757202,1.9670000076293945,1.6658380031585693,1.6768120527267456,Hawaii-Neil Abercrombie,6.2346649169921875,10.867719650268555,NA,0.8627451062202454,1,1,11,0,0,14,4,NA,1
23,23,20,0,0,3,0,HI,2015,NA,NA,NA,NA,0,0,1,0,3.625,0,0,1,NA,59004,539.96002197265625,0.571526825428009,0.7055000066757202,NA,NA,1.6768120527267456,Hawaii-David Ige,6.293344974517822,10.985380172729492,NA,0.8627451062202454,1,1,11,0,0,14,1,NA,1
7,7,3,0,0,0,0,ID,1995,NA,NA,NA,NA,0,1,0,0,3.75,0,0,1,7.429999828338623,10880.41015625,181.5,0.5437248349189758,0.4203000068664551,NA,1.3460259437561035,1.3458579778671265,Idaho-Philip Batt,5.20674991607666,9.294811248779297,NA,0.8142856955528259,1,1,12,0,1,19,1,14.871942520141602,0
23,23,18,0,0,0,0,ID,1996,0.9700000286102295,0.9700000286102295,1.1790000200271606,0.5763489007949829,0,1,0,0,3.75,0,0,1,6.369999885559082,11206.8203125,183,0.5437248349189758,0.5217999815940857,1.0744999647140503,1.6743710041046143,1.5595099925994873,Idaho-Philip Batt,5.214935779571533,9.324366569519043,0.47203999757766724,0.8142856955528259,1,1,12,0,11,19,2,14.941258430480957,0
18,18,16,0,0,0,0,ID,1997,1.2519999742507935,1.2519999742507935,1.0529999732971191,0.614501416683197,0,1,0,0,3.75,0,0,1,4.420000076293945,11206.8203125,200.2899932861328,0.5437248349189758,0.5217999815940857,1.152500033378601,1.6743710041046143,1.5595099925994873,Idaho-Philip Batt,5.304747104644775,9.324366569519043,0.4357030987739563,0.8428571224212646,1,1,12,0,11,19,3,14.994338989257812,0
16,15,14,0,1,0,0,ID,1998,1.3990000486373901,1.3990000486373901,1.0529999732971191,0.6472763419151306,1,1,0,0,3.75,0,0,1,8.600000381469727,11206.8203125,217.5800018310547,0.5437248349189758,0.5217999815940857,1.2259999513626099,1.5699379444122314,1.5619299411773682,Idaho-Philip Batt,5.387152194976807,9.324366569519043,0.4357030987739563,0.8428571224212646,1,1,12,0,4,19,4,15.0324068069458,0
13,12,8,0,1,0,0,ID,1999,1.4980000257492065,1.4980000257492065,1.1390000581741333,0.6779213547706604,0,1,0,0,3.6670000553131104,0,0,1,6.559999942779541,11206.8203125,234.8699951171875,0.6996150612831116,0.5217999815940857,1.31850004196167,1.5699379444122314,1.5619299411773682,Idaho-Dirk Kempthorne,5.463281154632568,9.324366569519043,0.44731611013412476,0.8285713791847229,1,1,12,0,3,19,1,15.14440631866455,0
17,17,13,0,0,0,0,ID,2000,1.5010000467300415,1.5010000467300415,1.2020000219345093,0.6825593113899231,0,1,0,0,3.583400011062622,0,0,1,8.5,13382.900390625,252.16000366210938,0.6996150612831116,0.6717000007629395,1.3515000343322754,1.7304420471191406,1.89547598361969,Idaho-Dirk Kempthorne,5.534021854400635,9.501808166503906,0.44532039761543274,0.8285713791847229,1,1,12,0,8,19,2,15.211429595947266,0
16,16,14,0,0,0,0,ID,2001,1.5240000486373901,1.5240000486373901,1.2330000400543213,0.6297499537467957,0,1,0,0,3.5,0,0,1,4.78000020980835,13382.900390625,269.45001220703125,0.6996150612831116,0.6717000007629395,1.378499984741211,1.7304420471191406,1.89547598361969,Idaho-Dirk Kempthorne,5.6000871658325195,9.501808166503906,0.41847971081733704,0.8714284896850586,1,1,12,0,8,19,3,15.303112983703613,0
7,7,7,0,0,0,0,ID,2002,1.5959999561309814,1.5959999561309814,1.4160000085830688,0.6480420231819153,1,1,0,0,3.5,0,0,1,3.1700000762939453,14186.240234375,28.739999771118164,0.6996150612831116,0.6717000007629395,1.50600004196167,1.755344033241272,1.831305980682373,Idaho-Dirk Kempthorne,3.3924930095672607,9.560098648071289,0.4229899048805237,0.8714284896850586,1,1,12,0,4,19,4,15.346919059753418,0
15,13,11,0,2,0,0,ID,2003,1.5839999914169312,1.5839999914169312,1.6679999828338623,0.8028380274772644,0,1,0,0,3.5,0,0,1,4.079999923706055,14186.240234375,304,0.5742107629776001,0.6717000007629395,1.6260000467300415,1.755344033241272,1.831305980682373,Idaho-Dirk Kempthorne,5.720312118530273,9.560098648071289,0.4416401982307434,0.7714285850524902,1,1,12,0,5,19,5,15.375643730163574,0
12,11,6,0,1,1,0,ID,2004,1.5640000104904175,1.5640000104904175,1.6970000267028809,0.798710286617279,0,1,0,0,3.5,0,0,1,9.149999618530273,14186.240234375,293.1700134277344,0.5742107629776001,0.6837999820709229,1.6304999589920044,1.7155439853668213,1.9227999448776245,Idaho-Dirk Kempthorne,5.684157848358154,9.560098648071289,0.44179511070251465,0.7714285850524902,1,1,12,0,3,19,6,15.443385124206543,0
23,23,19,0,0,0,0,ID,2005,1.5989999771118164,1.5989999771118164,1.9670000076293945,0.7758044004440308,0,1,0,0,3.5,0,0,1,6.199999809265137,14186.240234375,282.3399963378906,0.5742107629776001,0.6837999820709229,1.7829999923706055,1.7155439853668213,1.9227999448776245,Idaho-Dirk Kempthorne,5.646646976470947,9.560098648071289,0.4295124113559723,0.8142856955528259,1,1,12,0,11,19,7,15.516777992248535,0
45,45,39,0,0,1,0,ID,2006,1.6130000352859497,1.6130000352859497,1.9620000123977661,0.7741143703460693,1,1,0,0,3.5,0,0,1,9.850000381469727,14186.240234375,271.510009765625,0.5742107629776001,0.6837999820709229,1.787500023841858,1.9229949712753296,2.0302600860595703,Idaho-Dirk Kempthorne,5.607675075531006,9.560098648071289,0.41566869616508484,0.8142856955528259,1,1,12,0,28,19,8,15.54888916015625,0
21,21,19,0,0,1,0,ID,2007,1.86899995803833,1.86899995803833,1.9620000123977661,0.8918284177780151,0,1,0,0,3.5,0,0,1,5.739999771118164,14612.3896484375,260.67999267578125,0.5442282557487488,0.6837999820709229,1.9155000448226929,1.9229949712753296,2.0302600860595703,Idaho-CL Otter,5.567121982574463,9.589693069458008,0.3807015120983124,0.7285714149475098,1,1,12,0,12,19,1,15.63124942779541,0
5,5,5,0,0,0,0,ID,2008,1.8899999856948853,1.8899999856948853,1.9570000171661377,0.9088128209114075,0,1,0,0,3.5,0,0,1,1.190000057220459,14612.3896484375,249.85000610351562,0.5442282557487488,0.6121000051498413,1.9234999418258667,2.097074031829834,2.079257011413574,Idaho-CL Otter,5.524855136871338,9.589693069458008,0.3781155049800873,0.7285714149475098,1,1,12,0,2,19,2,15.73340129852295,0
17,17,14,0,0,0,0,ID,2009,1.8799999952316284,1.8799999952316284,1.8229999542236328,0.89359283447265625,0,1,0,0,3.5,0,0,1,-2.2899999618530273,14612.3896484375,239,0.5442282557487488,0.6121000051498413,1.8515000343322754,2.097074031829834,2.079257011413574,Idaho-CL Otter,5.4806389808654785,9.589693069458008,0.36243748664855957,0.7428572177886963,1,1,12,0,8,19,3,15.778239250183105,0
15,15,15,0,0,0,0,ID,2010,1.9240000247955322,1.9240000247955322,1.8860000371932983,0.9007205367088318,1,1,0,0,3.5,0,0,1,2.4800000190734863,14612.3896484375,228.19000244140625,0.5442282557487488,0.6121000051498413,1.9049999713897705,2.072031021118164,2.1005959510803223,Idaho-CL Otter,5.434550762176514,9.589693069458008,0.38478779792785645,0.7428572177886963,1,1,12,0,11,19,4,15.7783203125,0
15,15,14,0,0,0,0,ID,2011,1.9420000314712524,1.9420000314712524,1.8450000286102295,0.8358930349349976,0,1,0,0,3.5,0,0,1,5.099999904632568,14612.3896484375,217.36000061035156,0.6427361369132996,0.6121000051498413,1.8934999704360962,2.072031021118164,2.1005959510803223,Idaho-CL Otter,5.386145114898682,9.589693069458008,0.40497058629989624,0.8142856955528259,1,1,12,0,8,19,5,15.817631721496582,0
9,9,9,0,0,0,0,ID,2012,1.9910000562667847,1.9910000562667847,1.850000023841858,0.83817291259765625,0,1,0,0,3.5,0,0,1,3.9100000858306885,14612.3896484375,206.52999877929688,0.6427361369132996,0.6409000158309937,1.9205000400543213,2.3108110427856445,2.122389078140259,Idaho-CL Otter,5.335276126861572,9.589693069458008,0.4050500988960266,0.8142856955528259,1,1,12,0,8,19,6,15.772686958312988,0
7,7,6,0,0,0,0,ID,2013,1.8509999513626099,1.8509999513626099,2.003999948501587,0.839354395866394,0,1,0,0,3.5,0,0,1,3.6700000762939453,14904.33984375,195.6999969482422,0.6427361369132996,0.6409000158309937,1.9275000095367432,2.3108110427856445,2.122389078140259,Idaho-CL Otter,5.281680107116699,9.609475135803223,0.36084040999412537,0.8142856955528259,1,1,12,0,4,19,7,15.814044952392578,0
8,8,7,0,0,1,0,ID,2014,1.9179999828338623,1.9179999828338623,2.003999948501587,0.8804407715797424,1,1,0,0,3.5,0,0,1,NA,14904.33984375,184.8699951171875,0.6427361369132996,0.6409000158309937,1.9609999656677246,2.3108110427856445,2.122389078140259,Idaho-CL Otter,5.225048065185547,9.609475135803223,0.35995471477508545,0.8142856955528259,1,1,12,0,5,19,8,NA,0
13,11,10,0,2,0,0,ID,2015,NA,NA,NA,NA,0,1,0,0,3.5,0,0,1,NA,16684,174.0399932861328,0.5813028812408447,0.6409000158309937,NA,NA,2.122389078140259,Idaho-CL Otter,5.16501522064209,9.722265243530273,NA,0.800000011920929,1,1,12,0,4,19,9,NA,0
7,6,6,0,1,0,0,IL,1996,1.2130000591278076,1.2130000591278076,1.1080000400543213,0.6853065490722656,0,1,0,0,3.9375,0,0,0,6.360000133514404,38321.69921875,969,0.6497082114219666,0.36809998750686646,1.1605000495910645,0.7411218881607056,0.9621924757957458,Illinois-Edgar,6.877295970916748,10.553799629211426,0.2236219048500061,0.5423728823661804,1,2,13,0,2,19,6,17.21976661682129,1
3,3,3,0,0,0,0,IL,1997,1.2259999513626099,1.2259999513626099,1.1469999551773071,0.680306613445282,0,1,0,0,3.96875,1,0,0,5.570000171661377,38321.69921875,959.8599853515625,0.6497082114219666,0.36809998750686646,1.1864999532699585,0.7411218881607056,0.9621924757957458,Illinois-Edgar,6.867828845977783,10.553799629211426,0.4240373969078064,0.49152541160583496,1,2,13,0,3,19,7,17.258047103881836,1
4,4,4,0,0,0,0,IL,1998,1.2259999513626099,1.2259999513626099,1.1579999923706055,0.6766500473022461,1,1,0,0,4,1,0,0,5.900000095367432,42650.2890625,950.719970703125,0.6497082114219666,0.36809998750686646,1.1920000314712524,0.8439788222312927,0.94371098279953,Illinois-Edgar,6.85827112197876,10.660810470581055,0.4306654930114746,0.49152541160583496,1,2,13,0,2,19,8,17.28141212463379,1
19,19,19,0,0,0,0,IL,1999,1.2940000295639038,1.2940000295639038,1.1649999618530273,0.7007719874382019,0,1,0,0,4.058330059051514,1,0,0,4.019999980926514,42650.2890625,941.58001708984375,0.5181216597557068,0.36809998750686646,1.2295000553131104,0.8439788222312927,0.94371098279953,Illinois-George H. Ryan,6.848620891571045,10.660810470581055,0.46506819128990173,0.47457629442214966,1,2,13,0,14,19,1,17.352340698242188,1
16,16,16,0,0,0,0,IL,2000,1.2940000295639038,1.2940000295639038,1.1649999618530273,0.7007719874382019,0,1,0,0,4.116662979125977,1,0,0,7.400000095367432,46063.109375,932.44000244140625,0.5181216597557068,0.42579999566078186,1.2295000553131104,0.8453757166862488,1.0052720308303833,Illinois-George H. Ryan,6.838877201080322,10.73779010772705,0.46506819128990173,0.47457629442214966,1,2,13,0,10,19,2,17.423595428466797,1
12,12,12,0,0,0,0,IL,2001,1.1610000133514404,1.1610000133514404,1.1519999504089355,0.7066267728805542,0,1,0,0,4.175000190734863,1,0,0,2.9600000381469727,46063.109375,923.29998779296875,0.5181216597557068,0.42579999566078186,1.156499981880188,0.8453757166862488,1.0052720308303833,Illinois-George H. Ryan,6.829037189483643,10.73779010772705,0.5099400281906128,0.47457629442214966,1,2,13,0,8,19,3,17.510496139526367,1
10,10,9,0,0,0,0,IL,2002,1.1610000133514404,1.1610000133514404,1.1519999504089355,0.7066267728805542,1,1,0,0,4.125,1,0,0,1.3899999856948853,50583.01171875,914.15997314453125,0.5181216597557068,0.42579999566078186,1.156499981880188,0.9799932241439819,0.9506487846374512,Illinois-George H. Ryan,6.819098949432373,10.831390380859375,0.5099400281906128,0.47457629442214966,1,2,13,0,5,19,4,17.569198608398438,1
19,19,18,0,0,1,0,IL,2003,1.1339999437332153,1.1339999437332153,1.090000033378601,0.6772356033325195,0,0,1,0,4.0625,0,0,0,2,50583.01171875,905,0.5366182327270508,0.5460000038146973,1.1119999885559082,0.9799932241439819,0.9506487846374512,Illinois-Rod R. Blagojevich,6.809039115905762,10.831390380859375,0.5753998160362244,0.5593221187591553,1,2,13,0,9,19,1,17.598655700683594,1
14,12,12,0,2,0,0,IL,2004,1.1339999437332153,1.1339999437332153,1.090000033378601,0.6772356033325195,0,0,1,0,4,0,0,0,4.480000019073486,50583.01171875,917.5,0.5366182327270508,0.5482000112533569,1.1119999885559082,0.9583510160446167,1.0726079940795898,Illinois-Rod R. Blagojevich,6.822741985321045,10.831390380859375,0.5753998160362244,0.5593221187591553,1,2,13,0,9,19,2,17.6707820892334,1
10,9,9,0,1,0,0,IL,2005,1.2619999647140503,1.2619999647140503,1.1119999885559082,0.7290215492248535,0,0,1,0,4,0,0,0,4.360000133514404,50583.01171875,930,0.5366182327270508,0.5482000112533569,1.187000036239624,0.9583510160446167,1.0726079940795898,Illinois-Rod R. Blagojevich,6.836258888244629,10.831390380859375,0.5871946811676025,0.5508474707603455,1,2,13,0,7,19,3,17.69293212890625,1
12,12,11,0,0,0,0,IL,2006,1.2619999647140503,1.2619999647140503,1.1119999885559082,0.7290215492248535,1,0,1,0,4,0,0,0,6.900000095367432,52243.1796875,942.5,0.5366182327270508,0.5482000112533569,1.187000036239624,1.2100739479064941,1.062440037727356,Illinois-Rod R. Blagojevich,6.849596977233887,10.863679885864258,0.5871946811676025,0.5508474707603455,1,2,13,0,5,19,4,17.68778419494629,1
2,2,2,0,0,0,0,IL,2007,1.2430000305175781,1.2430000305175781,1.055999994277954,0.7410193681716919,0,0,1,0,4,0,0,0,5.599999904632568,52243.1796875,955,0.5591452717781067,0.5482000112533569,1.1495000123977661,1.2100739479064941,1.062440037727356,Illinois-Rod R. Blagojevich,6.862758159637451,10.863679885864258,0.6054571866989136,0.5593221187591553,1,2,13,0,2,19,5,17.748058319091797,1
2,1,1,0,1,0,0,IL,2008,1.2430000305175781,1.2430000305175781,1.055999994277954,0.7410193681716919,0,0,1,0,4,0,0,0,2.940000057220459,59255.6015625,967.5,0.5591452717781067,0.6183000206947327,1.1495000123977661,1.081483006477356,1.0725059509277344,Illinois-Rod R. Blagojevich,6.875749111175537,10.989629745483398,0.6054571866989136,0.5677965879440308,1,2,13,0,1,19,6,17.810222625732422,1
21,21,21,0,0,0,0,IL,2009,1.2760000228881836,1.2760000228881836,1.0759999752044678,0.7490527033805847,0,0,1,0,4,0,0,0,-3.7699999809265137,61506.94140625,980,0.5591452717781067,0.6183000206947327,1.1759999990463257,1.081483006477356,1.0725059509277344,Illinois-Rod R. Blagojevich,6.888573169708252,11.026920318603516,0.587011992931366,0.5932204127311707,1,2,13,0,18,19,7,17.861358642578125,1
14,14,14,0,0,0,0,IL,2010,1.2960000038146973,1.2960000038146973,1.0789999961853027,0.7575010657310486,1,0,1,0,4,0,0,0,1.6200000047683716,61506.94140625,992.5,0.5591452717781067,0.6183000206947327,1.1875,1.115394949913025,1.2822680473327637,Illinois-Pat Quinn,6.901234149932861,11.026920318603516,0.578388512134552,0.5932204127311707,1,2,13,0,9,19,1,17.89724349975586,1
5,5,5,0,0,0,0,IL,2011,1.4809999465942383,1.4809999465942383,1.1100000143051147,0.8666460514068604,0,0,1,0,4,0,0,0,4.989999771118164,61506.94140625,1005,0.5046021342277527,0.6183000206947327,1.2955000400543213,1.115394949913025,1.2822680473327637,Illinois-Pat Quinn,6.913736820220947,11.026920318603516,0.6073049902915955,0.5423728823661804,1,2,13,0,5,19,2,17.901561737060547,1
3,3,3,0,0,0,0,IL,2012,1.4490000009536743,1.4490000009536743,1.1130000352859497,0.8811156749725342,0,0,1,0,4,0,0,0,4.039999961853027,61506.94140625,1017.5,0.5046021342277527,0.574999988079071,1.281000018119812,1.5970590114593506,1.5124410390853882,Illinois-Pat Quinn,6.926085948944092,11.026920318603516,0.5987684726715088,0.5423728823661804,1,2,13,0,1,19,3,17.87712860107422,1
6,6,6,0,0,0,0,IL,2013,1.3910000324249268,1.3910000324249268,1.2050000429153442,0.8786320090293884,0,0,1,0,4,0,0,1,2.119999885559082,61506.94140625,1030,0.5046021342277527,0.574999988079071,1.2979999780654907,1.5970590114593506,1.5124410390853882,Illinois-Pat Quinn,6.938283920288086,11.026920318603516,0.6115440726280212,0.6016948819160461,1,2,13,0,5,19,4,17.930015563964844,1
11,11,11,0,0,0,0,IL,2014,1.3680000305175781,1.3680000305175781,1.194000005722046,0.870935320854187,1,0,1,0,4,0,0,1,NA,61506.94140625,1042.5,0.5046021342277527,0.574999988079071,1.281000018119812,1.5970590114593506,1.5124410390853882,Illinois-Pat Quinn,6.95033597946167,11.026920318603516,0.620805025100708,0.6016948819160461,1,2,13,0,8,19,5,NA,1
16,16,16,0,0,0,0,IL,2015,NA,NA,NA,NA,0,1,0,0,4,1,1,1,NA,67836,1055,0.5202974677085876,0.4065999984741211,NA,NA,1.5124410390853882,Illinois-Pat Quinn,6.962244033813477,11.124859809875488,NA,0.39830508828163147,1,2,13,0,13,19,6,NA,1
23,11,11,2,0,0,12,IN,1999,1.3480000495910645,1.3480000495910645,1.0230000019073486,0.7036875486373901,0,0,1,0,2.983299970626831,1,0,0,4.210000038146973,10517.73046875,233.5800018310547,0.5241419076919556,0.4154999852180481,1.1855000257492065,1.1874840259552002,1.3339439630508423,Indiana-Frank O'Bannon,5.457797050476074,9.260912895202637,0.20326119661331177,0.5299999713897705,1,1,14,3,2,14,3,16.674123764038086,1
33,8,8,1,0,0,25,IN,2000,1.3459999561309814,1.3459999561309814,1.0230000019073486,0.699321448802948,1,0,1,0,2.966599941253662,1,0,0,6.730000019073486,10517.73046875,250.44000244140625,0.5241419076919556,0.4101000130176544,1.184499979019165,1.0693609714508057,1.4113869667053223,Indiana-Frank O'Bannon,5.527204990386963,9.260912895202637,0.19901080429553986,0.5299999713897705,1,1,14,1,2,14,4,16.769784927368164,1
18,11,11,1,0,0,7,IN,2001,1.3270000219345093,1.3270000219345093,1.0420000553131104,0.6976131200790405,0,0,1,1,2.950000047683716,1,0,0,2.549999952316284,10517.73046875,267.29998779296875,0.5757283568382263,0.4101000130176544,1.184499979019165,1.0693609714508057,1.4113869667053223,Indiana-Frank O'Bannon,5.592105865478516,9.260912895202637,0.20569820702075958,0.5299999713897705,1,1,14,1,5,14,5,16.823923110961914,1
22,9,9,2,2,0,11,IN,2002,1.3389999866485596,1.3389999866485596,1.0420000553131104,0.7000364661216736,0,0,1,1,3.125,1,0,0,1.3799999952316284,10517.73046875,284.1600036621094,0.5757283568382263,0.4101000130176544,1.190500020980835,1.3176790475845337,1.279845952987671,Indiana-Frank O'Bannon,5.653049945831299,9.260912895202637,0.20468829572200775,0.5199999809265137,1,1,14,2,4,14,6,16.840059280395508,1
53,28,18,3,0,0,25,IN,2003,1.409000039100647,1.409000039100647,1.11899995803833,0.7101039886474609,0,0,1,1,3,1,0,0,2.809999942779541,10517.73046875,304,0.5757283568382263,0.4101000130176544,1.2640000581741333,1.3176790475845337,1.279845952987671,Indiana-Frank O'Bannon,5.720312118530273,9.260912895202637,0.2060175985097885,0.5099999904632568,1,1,14,3,7,14,7,16.87400245666504,1
31,14,14,3,0,0,17,IN,2004,1.3980000019073486,1.3980000019073486,1.1169999837875366,0.7107232809066772,1,0,1,0,2.875,1,0,0,4.980000019073486,10517.73046875,293.1700134277344,0.5757283568382263,0.39259999990463257,1.2575000524520874,1.1392179727554321,1.343088984489441,Indiana-Joseph Kernan,5.684157848358154,9.260912895202637,0.20426370203495026,0.5099999904632568,1,1,14,3,8,14,1,16.97918128967285,1
56,39,37,5,0,1,17,IN,2005,1.38100004196167,1.38100004196167,1.1119999885559082,0.7170903086662292,0,1,0,0,2.875,0,0,1,2.8499999046325684,10517.73046875,282.3399963378906,0.5391035676002502,0.599399983882904,1.246500015258789,1.1392179727554321,1.343088984489441,Indiana-Joseph Kernan,5.646646976470947,9.260912895202637,0.15978629887104034,0.5199999809265137,1,1,14,8,14,14,2,17.018173217773438,1
19,11,11,2,0,0,8,IN,2006,1.3949999809265137,1.3949999809265137,1.1779999732971191,0.720819354057312,0,1,0,0,2.875,0,0,1,6.010000228881836,10517.73046875,271.510009765625,0.5391035676002502,0.599399983882904,1.2864999771118164,1.1909300088882446,1.459036946296692,Indiana-Mitch Daniels,5.607675075531006,9.260912895202637,0.14721770584583282,0.5199999809265137,1,1,14,2,4,14,1,17.03261947631836,1
22,12,12,3,0,0,10,IN,2007,1.3899999856948853,1.3899999856948853,1.2020000219345093,0.722266674041748,0,1,0,0,2.875,1,0,0,3.569999933242798,10517.73046875,260.67999267578125,0.5391035676002502,0.599399983882904,1.2960000038146973,1.1909300088882446,1.459036946296692,Indiana-Mitch Daniels,5.567121982574463,9.260912895202637,0.20867620408535004,0.49000000953674316,1,1,14,3,2,14,2,17.093503952026367,1
27,16,14,5,0,1,11,IN,2008,1.3819999694824219,1.3819999694824219,1.1779999732971191,0.7177498936653137,1,1,0,0,2.875,1,0,0,3.5199999809265137,10517.73046875,249.85000610351562,0.5391035676002502,0.48809999227523804,1.2799999713897705,1.4534189701080322,1.5024820566177368,Indiana-Mitch Daniels,5.524855136871338,9.260912895202637,0.20373889803886414,0.49000000953674316,1,1,14,5,4,14,3,17.16252326965332,1
13,13,12,3,0,1,0,IN,2009,NA,1.3849999904632568,NA,NA,0,1,0,1,2.875,1,0,0,-3.1600000858306885,20505.939453125,239,0.5909596681594849,0.48809999227523804,NA,1.4534189701080322,1.5024820566177368,Indiana-Mitch Daniels,5.4806389808654785,9.928518295288086,NA,0.47999998927116394,1,1,14,3,2,14,4,17.177825927734375,1
5,5,4,0,0,0,0,IN,2010,NA,1.3880000114440918,NA,NA,0,1,0,1,2.875,1,0,0,2.5799999237060547,20505.939453125,228.19000244140625,0.5909596681594849,0.48809999227523804,NA,1.2318320274353027,1.6346989870071411,Indiana-Mitch Daniels,5.434550762176514,9.928518295288086,NA,0.47999998927116394,1,1,14,0,2,14,5,17.23333168029785,1
15,9,8,3,0,0,6,IN,2011,1.3910000324249268,1.3910000324249268,1.2920000553131104,0.7225518822669983,0,1,0,0,2.875,0,0,1,6.119999885559082,20505.939453125,217.36000061035156,0.5909596681594849,0.48809999227523804,1.3415000438690186,1.2318320274353027,1.6346989870071411,Indiana-Mitch Daniels,5.386145114898682,9.928518295288086,0.11786379665136337,0.6000000238418579,1,1,14,3,1,14,6,17.2463436126709,1
23,6,5,4,0,1,17,IN,2012,1.3910000324249268,1.3910000324249268,1.2920000553131104,0.7215973138809204,1,1,0,0,2.875,0,0,1,5.230000019073486,20505.939453125,206.52999877929688,0.5909596681594849,0.5404000282287598,1.3415000438690186,1.2836289405822754,1.5154119729995728,Indiana-Mitch Daniels,5.335276126861572,9.928518295288086,0.11786379665136337,0.6000000238418579,1,1,14,4,0,14,7,17.279306411743164,1
27,25,16,3,2,0,0,IN,2013,1.4220000505447388,1.4220000505447388,1.2699999809265137,0.6935843825340271,0,1,0,0,2.875,0,0,1,2.3399999141693115,20505.939453125,195.6999969482422,0.5153608918190002,0.5404000282287598,1.3459999561309814,1.2836289405822754,1.5154119729995728,Indiana-Mike Pense,5.281680107116699,9.928518295288086,0.11611989885568619,0.6899999976158142,1,1,14,3,7,14,1,17.325565338134766,1
12,10,9,4,2,0,0,IN,2014,1.4220000505447388,1.4220000505447388,1.2719999551773071,0.6938717365264893,0,1,0,0,2.875,0,0,1,NA,21887.75,184.8699951171875,0.5153608918190002,0.5404000282287598,1.347000002861023,1.2836289405822754,1.5154119729995728,Indiana-Mike Pense,5.225048065185547,9.993727684020996,0.11066470295190811,0.6899999976158142,1,1,14,4,2,14,2,NA,1
12,9,9,2,0,0,3,IN,2015,NA,NA,NA,NA,0,1,0,0,2.875,0,0,1,NA,24140,174.0399932861328,0.5153608918190002,0.5404000282287598,NA,NA,1.5154119729995728,Indiana-Mike Pense,5.16501522064209,10.091670036315918,NA,0.699999988079071,0,0,14,3,0,14,3,NA,1
2,2,2,0,0,0,0,IA,1993,NA,NA,NA,NA,0,1,0,0,4.125,1,0,0,0.4099999964237213,16411.279296875,173.625,0.6093877553939819,0.3727000057697296,NA,NA,NA,Iowa-Terry Edward Branstad,5.1626410484313965,9.705784797668457,NA,0.5099999904632568,1,2,15,0,1,16,10,15.789429664611816,1
7,7,6,0,0,0,0,IA,1994,NA,NA,NA,NA,1,1,0,0,4,1,0,0,8.989999771118164,16411.279296875,175.75,0.6093877553939819,0.3727000057697296,NA,NA,NA,Iowa-Terry Edward Branstad,5.174736022949219,9.705784797668457,NA,0.5099999904632568,1,2,15,0,6,16,11,15.83565902709961,1
2,2,2,0,0,0,0,IA,1995,NA,NA,NA,NA,0,1,0,0,4,1,0,0,4.159999847412109,16411.279296875,177.875,0.5774543881416321,0.3727000057697296,NA,NA,NA,Iowa-Terry Edward Branstad,5.186686992645264,9.705784797668457,NA,0.6399999856948853,1,2,15,0,2,16,12,15.864391326904297,1
3,3,3,0,0,0,0,IA,1996,1.4869999885559082,1.4869999885559082,1.3220000267028809,0.7584885954856873,0,1,0,0,4,1,0,0,8.989999771118164,17045.970703125,180,0.5774543881416321,0.3991999924182892,1.4045000076293945,NA,NA,Iowa-Terry Edward Branstad,5.1984968185424805,9.743727684020996,0.1680150032043457,0.6399999856948853,1,2,15,0,0,16,13,15.917558670043945,1
2,2,2,0,0,0,0,IA,1997,1.5049999952316284,1.5049999952316284,1.4179999828338623,0.7708685398101807,0,1,0,0,4,0,0,0,4.639999866485596,17045.970703125,178.86000061035156,0.5774543881416321,0.3991999924182892,1.4615000486373901,NA,NA,Iowa-Terry Edward Branstad,5.192179203033447,9.743727684020996,0.1416040062904358,0.5400000214576721,1,2,15,0,0,16,14,15.969826698303223,1
7,7,6,0,0,1,0,IA,1998,1.5049999952316284,1.5049999952316284,1.409999966621399,0.7708685398101807,1,1,0,0,4,0,0,0,4.920000076293945,18242.810546875,177.72000122070312,0.5774543881416321,0.3991999924182892,1.4574999809265137,1.2370660305023193,1.5450940132141113,Iowa-Terry Edward Branstad,5.18582010269165,9.811580657958984,0.1416040062904358,0.5400000214576721,1,2,15,0,6,16,15,16.01610565185547,1
13,13,13,0,0,0,0,IA,1999,1.4850000143051147,1.4850000143051147,1.4229999780654907,0.76578289270401,0,0,1,0,4.041669845581055,1,1,0,2.680000066757202,18242.810546875,176.5800018310547,0.5293349027633667,0.5026000142097473,1.4539999961853027,1.2370660305023193,1.5450940132141113,Iowa-Tom Vilsack,5.1794209480285645,9.811580657958984,0.1580033004283905,0.4399999976158142,1,2,15,0,11,16,1,16.071279525756836,1
3,3,3,0,0,0,0,IA,2000,1.4850000143051147,1.4850000143051147,1.4220000505447388,0.7626369595527649,0,0,1,0,4.083340167999268,1,1,0,7.039999961853027,18821.2890625,175.44000244140625,0.5293349027633667,0.48539999127388,1.4535000324249268,1.5531740188598633,1.6744760274887085,Iowa-Tom Vilsack,5.172980785369873,9.84279727935791,0.15149620175361633,0.4399999976158142,1,2,15,0,3,16,2,16.168825149536133,1
8,8,7,0,0,0,0,IA,2001,1.49399995803833,1.49399995803833,1.5,0.7646443843841553,0,0,1,0,4.125,1,1,0,2.9600000381469727,18821.2890625,174.3000030517578,0.5293349027633667,0.48539999127388,1.496999979019165,1.5531740188598633,1.6744760274887085,Iowa-Tom Vilsack,5.166499137878418,9.84279727935791,0.2493657022714615,0.4399999976158142,1,2,15,0,4,16,3,16.231290817260742,1
2,2,2,0,0,0,0,IA,2002,1.50600004196167,1.50600004196167,1.531000018119812,0.7659456729888916,1,0,1,0,4.125,1,1,0,2.9200000762939453,18821.2890625,173.16000366210938,0.5293349027633667,0.48539999127388,1.5184999704360962,1.523074984550476,1.6800739765167236,Iowa-Tom Vilsack,5.159975051879883,9.84279727935791,0.16293449699878693,0.4399999976158142,1,2,15,0,2,16,4,16.252235412597656,1
8,8,8,0,0,0,0,IA,2003,1.5230000019073486,1.5230000019073486,1.5509999990463257,0.7768908143043518,0,0,1,0,4.0625,1,1,0,2.5,18821.2890625,172,0.542042076587677,0.48539999127388,1.5369999408721924,1.523074984550476,1.6800739765167236,Iowa-Tom Vilsack,5.153292179107666,9.84279727935791,0.16536550223827362,0.46000000834465027,1,2,15,0,6,16,5,16.276351928710938,1
4,4,3,0,0,0,0,IA,2004,1.5099999904632568,1.5099999904632568,1.5499999523162842,0.7774686813354492,0,0,1,0,4,1,1,0,8.5600004196167,18821.2890625,175.1699981689453,0.542042076587677,0.49230000376701355,1.5299999713897705,1.533437967300415,1.6976189613342285,Iowa-Tom Vilsack,5.171450138092041,9.84279727935791,0.16686339676380157,0.4699999988079071,1,2,15,0,2,16,6,16.303001403808594,1
6,6,6,0,0,0,0,IA,2005,1.468999981880188,1.468999981880188,1.524999976158142,0.7585576772689819,0,0,1,0,4,1,0,0,2.680000066757202,19386.16015625,178.33999633789062,0.542042076587677,0.49230000376701355,1.496999979019165,1.533437967300415,1.6976189613342285,Iowa-Tom Vilsack,5.1892828941345215,9.872365951538086,0.1915062963962555,0.49000000953674316,1,2,15,0,2,16,7,16.359859466552734,1
7,7,7,0,0,0,0,IA,2006,1.472000002861023,1.472000002861023,1.524999976158142,0.7588233351707458,1,0,1,0,4,1,0,0,5.360000133514404,19386.16015625,181.50999450683594,0.542042076587677,0.49230000376701355,1.4984999895095825,1.5044339895248413,1.731361985206604,Iowa-Tom Vilsack,5.206805229187012,9.872365951538086,0.1915062963962555,0.49000000953674316,1,2,15,0,4,16,8,16.415985107421875,1
5,4,4,0,1,0,0,IA,2007,1.475000023841858,1.475000023841858,1.5160000324249268,0.7539694905281067,0,0,1,0,4,0,0,0,7.190000057220459,22667.509765625,184.67999267578125,0.5490117073059082,0.49230000376701355,1.4954999685287476,1.5044339895248413,1.731361985206604,Iowa-Chet Culver,5.224024772644043,10.028730392456055,0.19771510362625122,0.5400000214576721,1,2,15,0,2,16,1,16.443260192871094,1
5,5,3,0,0,0,0,IA,2008,1.472000002861023,1.472000002861023,1.5160000324249268,0.7531668543815613,0,0,1,0,4,0,0,0,7.690000057220459,22667.509765625,187.85000610351562,0.5490117073059082,0.5393000245094299,1.49399995803833,1.6294139623641968,1.8677610158920288,Iowa-Chet Culver,5.240952968597412,10.028730392456055,0.19584150612354279,0.5299999713897705,1,2,15,0,1,16,2,16.512182235717773,1
10,10,10,0,0,0,0,IA,2009,1.4809999465942383,1.4809999465942383,1.628000020980835,0.7646391987800598,0,0,1,0,4,0,0,0,-1.3200000524520874,22667.509765625,191,0.5490117073059082,0.5393000245094299,1.5544999837875366,1.6294139623641968,1.8677610158920288,Iowa-Chet Culver,5.257494926452637,10.028730392456055,0.19071580469608307,0.5600000023841858,1,2,15,0,6,16,3,16.598817825317383,1
7,7,7,0,0,0,0,IA,2010,1.4809999465942383,1.4809999465942383,1.628000020980835,0.7646391987800598,1,0,1,0,4,0,0,0,1.4199999570846558,22667.509765625,194.19000244140625,0.5490117073059082,0.5393000245094299,1.5544999837875366,1.7515779733657837,1.9233520030975342,Iowa-Chet Culver,5.273972988128662,10.028730392456055,0.19071580469608307,0.5600000023841858,1,2,15,0,4,16,4,16.60706901550293,1
7,7,7,0,0,0,0,IA,2011,NA,1.49399995803833,NA,NA,0,1,0,0,4,1,0,0,9.279999732971191,22667.509765625,197.36000061035156,0.5499845743179321,0.4438999891281128,NA,1.7515779733657837,1.9233520030975342,Iowa-Terry Edward Branstad,5.290082931518555,10.028730392456055,NA,0.6000000238418579,1,2,15,0,1,16,16,16.661518096923828,1
5,5,5,0,0,0,0,IA,2012,1.5069999694824219,1.5069999694824219,1.6030000448226929,0.7813805341720581,0,1,0,0,4,1,0,0,3.7899999618530273,22667.509765625,200.52999877929688,0.5499845743179321,0.4618000090122223,1.5549999475479126,1.9477039575576782,1.9782299995422363,Iowa-Terry Edward Branstad,5.305937767028809,10.028730392456055,0.19740480184555054,0.6000000238418579,1,2,15,0,2,16,17,16.6928768157959,1
3,3,3,0,0,0,0,IA,2013,NA,1.5069999694824219,1.6390000581741333,NA,0,1,0,0,4,1,0,0,3.2300000190734863,22667.509765625,203.6999969482422,0.5499845743179321,0.4618000090122223,1.6390000581741333,1.9477039575576782,1.9782299995422363,Iowa-Terry Edward Branstad,5.3215460777282715,10.028730392456055,NA,0.5299999713897705,1,2,15,0,2,16,18,16.700397491455078,1
2,2,2,0,0,0,0,IA,2014,NA,NA,NA,NA,1,1,0,0,4,1,0,0,NA,22667.509765625,206.8699951171875,0.5499845743179321,0.4618000090122223,NA,1.9477039575576782,1.9782299995422363,Iowa-Terry Edward Branstad,5.336913108825684,10.028730392456055,NA,0.5299999713897705,1,2,15,0,1,16,19,NA,1
5,5,5,0,0,0,0,IA,2015,NA,NA,NA,NA,0,1,0,0,4,1,0,0,NA,25000,210.0399932861328,0.6128150820732117,0.4618000090122223,NA,NA,1.9782299995422363,Iowa-Terry Edward Branstad,5.352047920227051,10.126669883728027,NA,0.5600000023841858,1,2,15,0,2,16,20,NA,1
7,7,7,0,0,0,0,KS,1993,NA,NA,NA,NA,0,0,1,0,4.875,1,1,0,4.630000114440918,3481.72998046875,119.5,0.5329180359840393,0.33739998936653137,NA,NA,NA,Kansas-Joan Finney,4.79164981842041,8.155571937561035,NA,0.47200000286102295,1,1,16,0,3,18,3,15.478446960449219,1
8,8,8,0,0,0,0,KS,1994,NA,NA,NA,NA,1,0,1,0,3.75,1,1,0,4.570000171661377,3710.218994140625,120,0.5329180359840393,0.33739998936653137,NA,NA,NA,Kansas-Joan Finney,4.795791149139404,8.219115257263184,NA,0.47200000286102295,1,1,16,0,6,18,4,15.622479438781738,1
11,11,11,0,0,0,0,KS,1995,NA,NA,NA,NA,0,1,0,0,3.75,0,0,0,4.150000095367432,3597.7880859375,120.5,0.6409399509429932,0.3887999951839447,NA,NA,NA,Kansas-Bill Graves,4.7999138832092285,8.188352584838867,NA,0.6399999856948853,1,1,16,0,10,18,1,15.668097496032715,1
10,10,10,0,0,0,0,KS,1996,1.2940000295639038,1.2940000295639038,1.128000020980835,0.6939161419868469,0,1,0,0,3.75,0,0,0,6.559999942779541,3941.427001953125,121,0.6409399509429932,0.542900025844574,1.2109999656677246,0.8568317294120789,0.7350724935531616,Kansas-Bill Graves,4.804020881652832,8.279552459716797,0.3395082950592041,0.6480000019073486,1,1,16,0,10,18,2,15.714600563049316,1
9,9,9,0,0,0,0,KS,1997,1.3240000009536743,1.3240000009536743,1.1699999570846558,0.7128674983978271,0,1,0,0,3.75,0,0,0,6.25,3884.304931640625,118,0.6409399509429932,0.542900025844574,1.246999979019165,0.8568317294120789,0.7350724935531616,Kansas-Bill Graves,4.779122829437256,8.2649564743042,0.2815347909927368,0.6159999966621399,1,1,16,0,9,18,3,15.743358612060547,1
9,9,8,0,0,1,0,KS,1998,1.312000036239624,1.312000036239624,1.0640000104904175,0.707961916923523,1,1,0,0,3.75,0,0,0,6.75,3884.304931640625,115,0.6409399509429932,0.542900025844574,1.187999963760376,0.6403319835662842,0.7823073863983154,Kansas-Bill Graves,4.753590106964111,8.2649564743042,0.27218949794769287,0.6159999966621399,1,1,16,0,5,18,4,15.767142295837402,1
11,11,10,0,0,1,0,KS,1999,1.2769999504089355,1.2769999504089355,0.9570000171661377,0.7007297277450562,0,1,0,1,3.75,0,0,0,3.859999895095825,3884.304931640625,112,0.7640764117240906,0.542900025844574,1.1169999837875366,0.6403319835662842,0.7823073863983154,Kansas-Bill Graves,4.72738790512085,8.2649564743042,0.2585098147392273,0.6159999966621399,1,1,16,0,7,18,5,15.8538236618042,1
9,9,8,0,0,0,0,KS,2000,1.281000018119812,1.281000018119812,0.9570000171661377,0.7050455808639526,0,1,0,1,3.75,0,0,0,6.21999979019165,4312.26806640625,109,0.7640764117240906,0.5803999900817871,1.11899995803833,0.8852707147598267,0.7457979917526245,Kansas-Bill Graves,4.700479984283447,8.369452476501465,0.26425468921661377,0.6159999966621399,1,1,16,0,7,18,6,15.945819854736328,1
8,8,8,0,0,0,0,KS,2001,1.3569999933242798,1.3569999933242798,1.0010000467300415,0.7468270659446716,0,1,0,1,3.75,0,0,0,3.859999895095825,4770.15087890625,106,0.7640764117240906,0.5803999900817871,1.1790000200271606,0.8852707147598267,0.7457979917526245,Kansas-Bill Graves,4.6728291511535645,8.470342636108398,0.27618709206581116,0.6320000290870667,1,1,16,0,5,18,7,16.056854248046875,1
7,7,6,0,0,0,0,KS,2002,1.3739999532699585,1.3739999532699585,1.0010000467300415,0.7471374869346619,1,1,0,1,3.875,0,0,0,0.800000011920929,5314.171875,103,0.7640764117240906,0.5803999900817871,1.1875,0.5401219129562378,0.8108229041099548,Kansas-Bill Graves,4.644391059875488,8.57832145690918,0.2830202877521515,0.6320000290870667,1,1,16,0,5,18,8,16.079076766967773,1
22,21,20,6,1,1,0,KS,2003,1.3300000429153442,1.3300000429153442,0.9779999852180481,0.7229087948799133,0,0,1,0,3.8125,1,1,0,3.3299999237060547,4297.759765625,100,0.5397147536277771,0.3723999857902527,1.1540000438690186,0.5401219129562378,0.8108229041099548,Kansas-Kathleen Sebelius,4.615119934082031,8.366082191467285,0.33368098735809326,0.36000001430511475,1,1,16,6,10,18,1,16.102310180664062,1
14,12,11,0,2,2,0,KS,2004,1.3009999990463257,1.3009999990463257,0.9169999957084656,0.7163495421409607,0,0,1,0,3.75,1,1,0,4.260000228881836,6426.69287109375,108.33000183105469,0.5397147536277771,0.3662000000476837,1.1089999675750732,1.0509040355682373,1.0531409978866577,Kansas-Kathleen Sebelius,4.694371223449707,8.768370628356934,0.33301079273223877,0.36000001430511475,1,1,16,0,8,18,2,16.14361000061035,1
7,7,6,0,0,1,0,KS,2005,1.3919999599456787,1.3919999599456787,1.1339999437332153,0.7638810873031616,0,0,1,0,3.75,1,1,0,4.980000019073486,4285.97314453125,116.66000366210938,0.5397147536277771,0.3662000000476837,1.2630000114440918,1.0509040355682373,1.0531409978866577,Kansas-Kathleen Sebelius,4.767798900604248,8.363336563110352,0.3576093018054962,0.335999995470047,1,1,16,0,3,18,3,16.186521530151367,1
16,15,15,3,1,0,0,KS,2006,1.3919999599456787,1.3919999599456787,1.1339999437332153,0.7648156881332397,1,0,1,0,3.75,1,1,0,8.329999923706055,5007.70703125,124.98999786376953,0.5397147536277771,0.3662000000476837,1.2630000114440918,0.8613129258155823,1.2861980199813843,Kansas-Kathleen Sebelius,4.836203098297119,8.518933296203613,0.36333730816841125,0.335999995470047,1,1,16,3,8,18,4,16.252620697021484,1
27,26,23,0,1,2,0,KS,2007,1.3630000352859497,1.3630000352859497,1.1339999437332153,0.7628052234649658,0,0,1,1,3.75,1,1,0,6.320000171661377,4943.3310546875,133.32000732421875,0.5888049006462097,0.3662000000476837,1.2484999895095825,0.8613129258155823,1.2861980199813843,Kansas-Kathleen Sebelius,4.9002251625061035,8.5059967041015625,0.3540995121002197,0.37599998712539673,1,1,16,2,5,18,5,16.298873901367188,1
13,13,11,2,0,2,0,KS,2008,1.3630000352859497,1.3630000352859497,1.1339999437332153,0.7629992365837097,0,0,1,1,3.75,1,1,0,7.889999866485596,7058.6640625,141.64999389648438,0.5888049006462097,0.4154999852180481,1.2484999895095825,1.4841610193252563,1.221585988998413,Kansas-Kathleen Sebelius,4.960393905639648,8.862153053283691,0.35965800285339355,0.37599998712539673,1,1,16,2,8,18,6,16.42892074584961,1
10,10,9,0,0,0,0,KS,2009,1.3799999952316284,1.3799999952316284,1.3530000448226929,0.749201774597168,0,0,1,0,3.75,1,1,0,-3.75,5053.0419921875,150,0.5888049006462097,0.4154999852180481,1.3665000200271606,1.4841610193252563,1.221585988998413,Kansas-Kathleen Sebelius,5.017280101776123,8.52794361114502,0.3457094132900238,0.3919999897480011,1,1,16,0,7,18,7,16.465639114379883,1
14,12,12,0,2,0,0,KS,2010,1.3799999952316284,1.3799999952316284,1.3530000448226929,0.749201774597168,1,0,1,0,3.75,1,1,0,1.0499999523162842,7154.77392578125,149.97999572753906,0.5888049006462097,0.4154999852180481,1.3665000200271606,1.0073479413986206,1.3589990139007568,Kansas-Mark Parkinson,5.017148017883301,8.875675201416016,0.3457094132900238,0.3919999897480011,1,1,16,0,10,18,1,16.467029571533203,1
49,48,45,6,1,2,0,KS,2011,1.5219999551773071,1.5219999551773071,1.3539999723434448,0.7608517408370972,0,1,0,0,3.75,0,0,1,8.930000305175781,5168.19287109375,158.30999755859375,0.6626829504966736,0.5648000240325928,1.437999963760376,1.0073479413986206,1.3589990139007568,Kansas-Sam Brownback,5.070851802825928,8.550472259521484,0.35229840874671936,0.7360000014305115,1,1,16,6,7,18,1,16.491500854492188,1
11,11,11,3,0,0,0,KS,2012,NA,1.5915000438690186,1.3860000371932983,NA,0,1,0,0,3.75,0,0,1,2.7799999713897705,5742.1337890625,166.63999938964844,0.6626829504966736,0.5965999960899353,1.3860000371932983,1.803467035293579,1.47906494140625,Kansas-Sam Brownback,5.121819019317627,8.655760765075684,NA,0.7360000014305115,1,1,16,3,0,18,2,16.499956130981445,1
3,3,3,1,0,0,0,KS,2013,1.6610000133514404,1.6610000133514404,1.6740000247955322,0.8047974109649658,0,1,0,0,3.75,0,0,1,2.380000114440918,5675.94482421875,174.97000122070312,0.6626829504966736,0.5965999960899353,1.6675000190734863,1.803467035293579,1.47906494140625,Kansas-Sam Brownback,5.170312881469727,8.644168853759766,0.4059753119945526,0.7200000286102295,1,1,16,1,1,18,3,16.490753173828125,1
6,6,6,1,0,0,0,KS,2014,1.6419999599456787,1.6419999599456787,1.6699999570846558,0.8062706589698792,1,1,0,0,3.75,0,0,1,NA,4536.22314453125,183.3000030517578,0.6626829504966736,0.5965999960899353,1.656000018119812,1.803467035293579,1.47906494140625,Kansas-Sam Brownback,5.216565132141113,8.42007064819336,0.42686939239501953,0.7360000014305115,1,1,16,1,1,18,4,NA,1
7,7,7,1,0,0,0,KS,2015,NA,NA,NA,NA,0,1,0,1,3.75,0,0,1,NA,NA,191.6300048828125,0.519235372543335,0.5965999960899353,NA,NA,1.47906494140625,Kansas-Sam Brownback,5.260770797729492,NA,NA,0.7760000228881836,1,1,16,1,2,18,5,NA,1
513,512,509,9,1,2,0,KY,2012,NA,NA,NA,NA,0,0,1,1,3.75,1,0,1,3.5,10240.2802734375,415.9700012207031,0.6122350692749023,0.37779998779296875,NA,1.123703956604004,0.915523886680603,Kentucky-Steven Beshear,6.033013820648193,9.234182357788086,NA,0.5899999737739563,1,2,17,10,486,0,5,17.020082473754883,1
440,440,437,1,0,3,0,KY,2013,NA,NA,NA,NA,0,0,1,1,3.75,1,0,1,2.0199999809265137,5757.5478515625,419.29998779296875,0.6122350692749023,0.37779998779296875,NA,1.123703956604004,0.915523886680603,Kentucky-Steven Beshear,6.040968894958496,8.658440589904785,NA,0.550000011920929,1,1,17,1,426,0,6,17.012466430664062,1
511,511,511,0,0,0,0,KY,2014,NA,NA,NA,NA,0,0,1,1,3.75,1,0,1,NA,4814.580078125,422.6300048828125,0.6122350692749023,0.37779998779296875,NA,1.123703956604004,0.915523886680603,Kentucky-Steven Beshear,6.048861026763916,8.47961139678955,NA,0.5400000214576721,1,1,17,0,503,0,7,NA,1
48,39,36,0,9,3,0,LA,1993,NA,NA,NA,NA,0,0,1,0,3.625,0,0,1,4.980000019073486,15232.5703125,396.875,0.6116935610771179,0.45579999685287476,NA,NA,NA,Louisiana-Edwin Edwards,5.986137866973877,9.631257057189941,NA,0.8380951881408691,1,1,18,0,11,19,2,16.277318954467773,0
46,46,45,0,0,1,0,LA,1994,NA,NA,NA,NA,0,0,1,0,3.5,0,0,1,6.570000171661377,15232.5703125,404.25,0.6116935610771179,0.45579999685287476,NA,NA,NA,Louisiana-Edwin Edwards,6.004504203796387,9.631257057189941,NA,0.8380951881408691,1,1,18,0,26,19,3,16.282426834106445,0
36,36,36,0,0,0,0,LA,1995,NA,NA,NA,NA,1,0,1,0,3.5625,0,0,1,4.849999904632568,15232.5703125,411.625,0.6116935610771179,0.45579999685287476,NA,NA,NA,Louisiana-Edwin Edwards,6.022539138793945,9.631257057189941,NA,0.8190475702285767,1,1,18,0,11,19,4,16.37476921081543,0
81,78,75,0,3,2,0,LA,1996,0.5389999747276306,0.5389999747276306,0.6259999871253967,0.4451413154602051,0,1,0,0,3.625,1,1,0,4.360000133514404,15232.5703125,419,0.6350131630897522,0.399399995803833,0.5824999809265137,NA,NA,Louisiana-Edwin Edwards,6.040255069732666,9.631257057189941,0.37193378806114197,0.25714290142059326,1,1,18,0,40,19,5,16.348468780517578,0
55,55,55,0,0,0,0,LA,1997,0.5519999861717224,0.5519999861717224,0.6259999871253967,0.4519537389278412,0,1,0,0,3.6875,1,1,0,5.230000019073486,15232.5703125,457.42999267578125,0.6350131630897522,0.399399995803833,0.5889999866485596,NA,NA,Louisiana-M.J. Mike Foster,6.127808094024658,9.631257057189941,0.38508129119873047,0.25714290142059326,1,1,18,0,29,19,1,16.364145278930664,0
68,67,64,0,1,3,0,LA,1998,0.5619999766349792,0.5619999766349792,0.6259999871253967,0.4464423358440399,0,1,0,0,3.75,1,1,0,4.610000133514404,15232.5703125,495.8599853515625,0.6350131630897522,0.399399995803833,0.593999981880188,NA,NA,Louisiana-M.J. Mike Foster,6.208308219909668,9.631257057189941,0.37897560000419617,0.25714290142059326,1,1,18,0,33,19,2,16.412504196166992,0
53,51,50,0,2,1,0,LA,1999,0.5619999766349792,0.5619999766349792,0.6259999871253967,0.4506710171699524,1,1,0,0,3.7330000400543213,1,1,0,2.109999895095825,15232.5703125,534.28997802734375,0.6350131630897522,0.399399995803833,0.593999981880188,NA,NA,Louisiana-M.J. Mike Foster,6.282808780670166,9.631257057189941,0.38388198614120483,0.2666667103767395,1,1,18,0,20,19,3,16.45821762084961,0
56,56,56,0,0,0,0,LA,2000,0.609000027179718,0.609000027179718,0.5690000057220459,0.4581669867038727,0,1,0,1,3.716599941253662,1,1,0,5.489999771118164,15232.5703125,572.719970703125,0.6779811978340149,0.5254999995231628,0.5889999866485596,0.35907208919525146,0.4400894045829773,Louisiana-M.J. Mike Foster,6.3521409034729,9.631257057189941,0.36967238783836365,0.27619048953056335,1,1,18,0,24,19,4,16.5078125,0
61,59,59,0,2,0,0,LA,2001,0.593999981880188,0.593999981880188,0.5569999814033508,0.46029984951019287,0,1,0,1,3.700000047683716,1,1,0,6.679999828338623,15232.5703125,611.1500244140625,0.6779811978340149,0.5254999995231628,0.5755000114440918,0.35907208919525146,0.4400894045829773,Louisiana-M.J. Mike Foster,6.4169769287109375,9.631257057189941,0.37247249484062195,0.31428569555282593,1,1,18,0,24,19,5,16.487600326538086,0
71,71,71,0,0,0,0,LA,2002,0.5989999771118164,0.5989999771118164,0.6100000143051147,0.46324360370635986,0,1,0,1,3.875,1,1,0,2.690000057220459,15232.5703125,649.58001708984375,0.6779811978340149,0.5254999995231628,0.6044999957084656,0.35907208919525146,0.5635762810707092,Louisiana-M.J. Mike Foster,6.477863788604736,9.631257057189941,0.374563604593277,0.32380950450897217,1,1,18,0,24,19,6,16.577821731567383,0
40,40,40,0,0,0,0,LA,2003,0.5910000205039978,0.5910000205039978,0.4309999942779541,0.4607570469379425,1,1,0,1,3.875,1,1,0,3.190000057220459,15232.5703125,688,0.6779811978340149,0.5254999995231628,0.5109999775886536,NA,0.5635762810707092,Louisiana-M.J. Mike Foster,6.53524112701416,9.631257057189941,0.3736000955104828,0.32380950450897217,1,1,18,0,14,19,7,16.60808753967285,0
67,67,67,0,0,0,0,LA,2004,0.6320000290870667,0.6320000290870667,0.5329999923706055,0.48770755529403687,0,0,1,0,3.875,0,0,0,5.320000171661377,15232.5703125,684.33001708984375,0.5194886922836304,0.4221999943256378,0.5824999809265137,0.3074786961078644,0.42449629306793213,Louisiana-M.J. Mike Foster,6.529901027679443,9.631257057189941,0.37932050228118896,0.6285715103149414,1,1,18,0,30,19,8,16.706886291503906,0
102,101,101,0,1,0,0,LA,2005,0.640999972820282,0.640999972820282,0.5,0.48688381910324097,0,0,1,0,3.875,0,0,0,7.199999809265137,15232.5703125,680.65997314453125,0.5194886922836304,0.4221999943256378,0.5705000162124634,0.3074786961078644,0.42449629306793213,Louisiana-Kathleen Blanco,6.52453088760376,9.631257057189941,0.37280070781707764,0.6380953192710876,1,1,18,0,25,19,1,16.74988555908203,0
53,52,50,0,1,2,0,LA,2006,0.6399999856948853,0.6399999856948853,0.5,0.4885622262954712,0,0,1,0,3.875,0,0,0,6.199999809265137,15232.5703125,676.989990234375,0.5194886922836304,0.4221999943256378,0.5699999928474426,0.3304961919784546,0.32258230447769165,Louisiana-Kathleen Blanco,6.5191330909729,9.631257057189941,0.3778764009475708,0.6380953192710876,1,1,18,0,7,19,2,16.861316680908203,0
37,37,35,0,0,2,0,LA,2007,0.6610000133514404,0.6610000133514404,0.4779999852180481,0.492678701877594,1,0,1,0,3.875,0,0,0,9.729999542236328,15232.5703125,673.32000732421875,0.5194886922836304,0.4221999943256378,0.5695000290870667,0.3304961919784546,0.32258230447769165,Louisiana-Kathleen Blanco,6.513704776763916,9.631257057189941,0.3782911002635956,0.561904788017273,1,1,18,0,5,19,3,17.03504180908203,0
113,112,104,0,1,8,0,LA,2008,0.7599999904632568,0.7599999904632568,0.640999972820282,0.4635181427001953,0,1,0,0,3.875,1,1,0,7.03000020980835,15232.5703125,669.6300048828125,0.7553597092628479,0.5856000185012817,0.7005000114440918,0.4892522990703583,0.5072711110115051,Louisiana-Bobby Jindal,6.508216857910156,9.631257057189941,0.334150493144989,0.46666669845581055,1,1,18,0,33,19,1,17.216148376464844,0
22,21,21,0,1,0,0,LA,2009,0.7599999904632568,0.7599999904632568,0.5199999809265137,0.4565652012825012,0,1,0,0,3.875,1,1,0,-2.5399999618530273,15232.5703125,666,0.7553597092628479,0.5856000185012817,0.6399999856948853,0.4892522990703583,0.5072711110115051,Louisiana-Bobby Jindal,6.5027899742126465,9.631257057189941,0.33011558651924133,0.4761905074119568,1,1,18,0,10,19,2,17.13511085510254,0
21,19,18,0,2,1,0,LA,2010,0.7829999923706055,0.7829999923706055,0.6430000066757202,0.4623550772666931,0,1,0,0,3.875,1,0,0,3.5,15232.5703125,662.30999755859375,0.7553597092628479,0.5856000185012817,0.7129999995231628,0.386927992105484,0.31644201278686523,Louisiana-Bobby Jindal,6.497241973876953,9.631257057189941,0.31969839334487915,0.4761905074119568,1,1,18,0,6,19,3,17.201963424682617,0
27,22,22,0,5,0,0,LA,2011,0.7910000085830688,0.7910000085830688,0.5360000133514404,0.4665200114250183,1,1,0,0,3.875,1,0,0,4.480000019073486,15232.5703125,658.6400146484375,0.7553597092628479,0.5856000185012817,0.6635000109672546,0.386927992105484,0.31644201278686523,Louisiana-Bobby Jindal,6.49169397354126,9.631257057189941,0.1919918954372406,0.4952380955219269,1,1,18,0,5,19,4,17.187448501586914,0
25,23,21,0,2,2,0,LA,2012,0.9120000004768372,0.9120000004768372,0.75,0.5249419212341309,0,1,0,1,3.875,0,0,0,4.329999923706055,15232.5703125,654.969970703125,0.786343514919281,0.5777999758720398,0.8309999704360962,0.41381680965423584,0.6353840231895447,Louisiana-Bobby Jindal,6.486114978790283,9.631257057189941,0.16763779520988464,0.5523809790611267,1,1,18,0,6,19,5,17.139108657836914,0
21,17,17,0,4,0,0,LA,2013,0.9290000200271606,0.9290000200271606,0.75,0.5323951244354248,0,1,0,1,3.875,0,0,0,2.0999999046325684,15232.5703125,651.29998779296875,0.786343514919281,0.5777999758720398,0.8395000100135803,0.41381680965423584,0.6353840231895447,Louisiana-Bobby Jindal,6.480504989624023,9.631257057189941,0.17928749322891235,0.5523809790611267,1,1,18,0,2,19,6,17.14054298400879,0
18,16,16,0,2,0,0,LA,2014,0.8999999761581421,0.8999999761581421,0.7369999885559082,0.5308499336242676,0,1,0,1,3.875,0,0,0,NA,15232.5703125,647.6300048828125,0.786343514919281,0.5777999758720398,0.8184999823570251,0.41381680965423584,0.6353840231895447,Louisiana-Bobby Jindal,6.474863052368164,9.631257057189941,0.17928749322891235,0.561904788017273,1,1,18,1,3,19,7,NA,0
17,9,9,0,8,0,0,LA,2015,NA,NA,NA,NA,1,1,0,1,3.875,0,0,0,NA,16800,643.96002197265625,0.786343514919281,0.5777999758720398,NA,NA,0.6353840231895447,Louisiana-Bobby Jindal,6.469188213348389,9.729193687438965,NA,0.533333420753479,1,1,18,0,1,19,8,NA,0
1,1,1,0,0,0,0,ME,1995,NA,NA,NA,NA,0,0,0,0,3.25,1,0,0,4.46999979019165,9044.337890625,133.625,0.5,0.5,NA,NA,NA,Maine-Angus S. King Jr.,4.902493000030518,9.110004425048828,NA,NA,1,1,19,0,1,17,1,15.101302146911621,NA
10,10,10,0,0,0,0,ME,1996,1.3289999961853027,1.3289999961853027,1.7699999809265137,0.8050358295440674,0,0,0,0,3.375,1,0,0,5.710000038146973,6800.25390625,133,0.5,0.5,1.5494999885559082,1.5102790594100952,1.5735160112380981,Maine-Angus S. King Jr.,4.8978400230407715,8.824861526489258,0.4450111985206604,NA,1,1,19,0,7,17,2,15.133373260498047,NA
7,7,7,0,0,0,0,ME,1997,1.3289999961853027,1.3289999961853027,1.496000051498413,0.807133138179779,0,0,0,0,3.5,1,1,0,5.480000019073486,9520.35546875,136.2899932861328,0.5,0.5,1.412500023841858,1.5102790594100952,1.5735160112380981,Maine-Angus S. King Jr.,4.922094821929932,9.16129207611084,0.39058560132980347,NA,1,1,19,0,5,17,3,15.192026138305664,NA
2,2,2,0,0,0,0,ME,1998,1.343000054359436,1.343000054359436,1.496000051498413,0.808411180973053,1,0,0,0,3.625,1,1,0,6.75,6800.25390625,139.5800018310547,0.5,0.5,1.4194999933242798,1.5482150316238403,1.5865479707717896,Maine-Angus S. King Jr.,4.94577693939209,8.824861526489258,0.3907332122325897,NA,1,1,19,0,1,17,4,15.244199752807617,NA
3,3,3,0,0,0,0,ME,1999,1.36899995803833,1.36899995803833,1.5010000467300415,0.8034473657608032,0,0,0,1,3.4579999446868896,1,1,0,4.860000133514404,9520.35546875,142.8699951171875,0.5,0.5,1.434999942779541,1.5482150316238403,1.5865479707717896,Maine-Angus S. King Jr.,4.968910217285156,9.16129207611084,0.3052496016025543,NA,1,1,19,0,2,17,5,15.294041633605957,NA
3,3,3,0,0,0,0,ME,2000,1.36899995803833,1.36899995803833,1.5010000467300415,0.8034473657608032,0,0,0,1,3.2909998893737793,1,1,0,7.28000020980835,6800.25390625,146.16000366210938,0.5,0.5,1.434999942779541,1.6352670192718506,1.539654016494751,Maine-Angus S. King Jr.,4.991519927978516,8.824861526489258,0.3052496016025543,NA,1,1,19,0,2,17,6,15.394505500793457,NA
4,4,4,0,0,0,0,ME,2001,1.3849999904632568,1.3849999904632568,1.5470000505447388,0.7900791168212891,0,0,0,1,3.125,1,0,0,5.010000228881836,9520.35546875,149.4499969482422,0.5,0.5,1.465999960899353,1.6352670192718506,1.539654016494751,Maine-Angus S. King Jr.,5.0136308670043945,9.16129207611084,0.29144740104675293,NA,1,1,19,0,2,17,7,15.466522216796875,NA
7,7,6,0,0,1,0,ME,2002,1.3849999904632568,1.3849999904632568,1.5759999752044678,0.7900791168212891,1,0,0,1,3.375,1,0,0,3.4200000762939453,9805.9658203125,152.74000549316406,0.5,0.5,1.4804999828338623,1.4720029830932617,1.6436549425125122,Maine-Angus S. King Jr.,5.0352630615234375,9.190848350524902,0.29144740104675293,NA,1,1,19,0,0,17,8,15.550724983215332,NA
25,25,25,0,0,0,0,ME,2003,1.4500000476837158,1.4500000476837158,1.6649999618530273,0.8010636568069458,0,0,1,0,3.25,0,0,0,5.139999866485596,7004.26220703125,156,0.5320355296134949,0.4909000098705292,1.5575000047683716,1.4720029830932617,1.6436549425125122,Maine-Angus S. King Jr.,5.056245803833008,8.854416847229004,0.3064942955970764,0.5298013091087341,1,1,19,0,20,17,9,15.619214057922363,NA
19,19,19,0,0,0,0,ME,2004,1.444000005722046,1.444000005722046,1.6649999618530273,0.7951961159706116,0,0,1,0,3.125,0,0,0,5.420000076293945,9805.9658203125,158.1699981689453,0.5320355296134949,0.5357000231742859,1.5544999837875366,1.4684460163116455,1.7818629741668701,Maine-John E. Baldacci,5.069972991943359,9.190848350524902,0.3029569983482361,0.5298013091087341,1,1,19,0,12,17,1,15.710851669311523,NA
28,28,28,0,0,0,0,ME,2005,1.5720000267028809,1.5720000267028809,1.562999963760376,0.8578128814697266,0,0,1,0,3.125,0,0,0,2.0899999141693115,10321.8798828125,160.33999633789062,0.5320355296134949,0.5357000231742859,1.5674999952316284,1.4684460163116455,1.7818629741668701,Maine-John E. Baldacci,5.083514213562012,9.242117881774902,0.31092149019241333,0.503311276435852,1,1,19,0,16,17,2,15.74454402923584,NA
11,11,11,0,0,0,0,ME,2006,1.5720000267028809,1.5720000267028809,1.562999963760376,0.8578128814697266,1,0,1,0,3.125,0,0,0,6.119999885559082,7847.4931640625,162.50999450683594,0.5320355296134949,0.5357000231742859,1.5674999952316284,1.6838899850845337,1.975546956062317,Maine-John E. Baldacci,5.096874237060547,8.968076705932617,0.31092149019241333,0.503311276435852,1,1,19,0,4,17,3,15.79395866394043,NA
18,18,18,0,0,0,0,ME,2007,1.6770000457763672,1.6770000457763672,1.4359999895095825,0.8709264993667603,0,0,1,1,3.125,0,0,0,4.389999866485596,11526.8798828125,164.67999267578125,0.5577942728996277,0.5357000231742859,1.55649995803833,1.6838899850845337,1.975546956062317,Maine-John E. Baldacci,5.110057830810547,9.3525238037109375,0.268113911151886,0.5894039869308472,1,1,19,0,12,17,4,15.798340797424316,NA
13,13,13,0,0,0,0,ME,2008,1.659000039100647,1.659000039100647,1.4359999895095825,0.8669390082359314,0,0,1,1,3.125,0,0,0,3.5,8446.822265625,166.85000610351562,0.5577942728996277,0.5770999789237976,1.5475000143051147,1.690606951713562,1.8798459768295288,Maine-John E. Baldacci,5.123071193695068,9.041664123535156,0.26459190249443054,0.5960264801979065,1,1,19,0,7,17,5,15.823614120483398,NA
12,12,12,0,0,0,0,ME,2009,NA,1.7109999656677246,NA,NA,0,0,1,1,3.125,0,0,0,0.3400000035762787,12264.0302734375,169,0.5577942728996277,0.5770999789237976,NA,1.690606951713562,1.8798459768295288,Maine-John E. Baldacci,5.13579797744751,9.414507865905762,NA,0.6357616186141968,1,1,19,0,5,17,6,15.881240844726562,NA
16,15,15,0,1,0,0,ME,2010,NA,1.7630000114440918,NA,NA,1,0,1,1,3.125,0,0,0,0.8600000143051147,8759.6337890625,171.19000244140625,0.5577942728996277,0.5770999789237976,NA,1.8781559467315674,2.0987300872802734,Maine-John E. Baldacci,5.148599147796631,9.078023910522461,NA,0.6357616186141968,1,1,19,0,9,17,7,15.886103630065918,NA
22,21,21,1,1,0,0,ME,2011,1.815000057220459,1.815000057220459,1.5399999618530273,0.9503002762794495,0,1,0,0,3.125,0,0,0,4.650000095367432,12559.6201171875,173.36000061035156,0.6659449338912964,0.40380001068115234,1.6775000095367432,1.8781559467315674,2.0987300872802734,Maine-Paul R. LePage,5.161121845245361,9.438322067260742,0.26646819710731506,0.5099338293075562,1,1,19,1,11,17,1,15.89559555053711,NA
7,7,7,0,0,0,0,ME,2012,1.8229999542236328,1.8229999542236328,1.6200000047683716,0.9525285959243774,0,1,0,0,3.125,0,0,0,3.1600000858306885,8759.6337890625,175.52999877929688,0.6659449338912964,0.4097999930381775,1.721500039100647,2.2532620429992676,2.2490360736846924,Maine-Paul R. LePage,5.17349100112915,9.078023910522461,0.26186320185661316,0.5165563225746155,1,1,19,0,3,17,2,15.890406608581543,NA
7,7,7,0,0,0,0,ME,2013,1.8350000381469727,1.8350000381469727,1.6950000524520874,0.9390441179275513,0,1,0,0,3.125,1,1,0,2.240000009536743,12559.6201171875,177.6999969482422,0.6659449338912964,0.4097999930381775,1.7649999856948853,2.2532620429992676,2.2490360736846924,Maine-Paul R. LePage,5.185708999633789,9.438322067260742,0.2601760923862457,0.3973509967327118,1,1,19,0,3,17,3,15.87945556640625,NA
3,3,3,0,0,0,0,ME,2014,1.8350000381469727,1.8350000381469727,1.7000000476837158,0.9390441179275513,1,1,0,0,3.125,1,1,0,NA,8759.6337890625,179.8699951171875,0.6659449338912964,0.4097999930381775,1.7675000429153442,2.2532620429992676,2.2490360736846924,Maine-Paul R. LePage,5.197779178619385,9.078023910522461,0.2601760923862457,0.38410601019859314,1,1,19,0,3,17,4,NA,NA
9,9,7,0,0,2,0,ME,2015,NA,NA,NA,NA,0,1,0,1,3.125,1,0,0,NA,14074,182.0399932861328,0.5262731909751892,0.4097999930381775,NA,NA,2.2490360736846924,Maine-Paul R. LePage,5.209704875946045,9.552154541015625,NA,0.45033109188079834,1,1,19,0,3,17,5,NA,NA
1,1,1,0,0,0,0,MD,1979,NA,NA,NA,NA,0,0,1,0,4.616300106048584,0,0,1,9.930000305175781,14507.2099609375,328,NA,0.5303999781608582,NA,NA,NA,Maryland-Parris N. Glendening,5.796058177947998,9.582469940185547,NA,0.8865247964859009,NA,NA,20,0,1,19,1,NA,0
1,1,0,0,0,1,0,MD,1983,NA,NA,NA,NA,0,0,1,1,4.5,0,0,1,7.329999923706055,19040.7109375,380.8800048828125,NA,0.4713999927043915,NA,NA,NA,Maryland-William Donald Shaefer,5.9451069831848145,9.854387283325195,NA,0.8794326186180115,NA,NA,20,0,0,19,4,15.602023124694824,0
1,0,0,0,1,0,0,MD,1990,NA,NA,NA,NA,1,0,1,0,4.369999885559082,0,0,1,5.960000038146973,22667.509765625,461.5,NA,0.4819999933242798,NA,NA,NA,Maryland-Parris N. Glendening,6.1366472244262695,10.028730392456055,NA,0.8865247964859009,NA,NA,20,0,0,19,2,16.101537704467773,0
3,3,3,0,0,0,0,MD,1991,NA,NA,NA,NA,0,0,1,1,4.302499771118164,0,0,1,3.630000114440918,22667.509765625,468.75,0.5976759791374207,0.4819999933242798,NA,NA,NA,Maryland-William Donald Shaefer,6.152201175689697,10.028730392456055,NA,0.8297873139381409,NA,NA,20,0,3,19,5,16.1928768157959,0
11,11,11,0,0,0,0,MD,1993,NA,NA,NA,NA,0,0,1,1,4.167500019073486,0,0,1,4.070000171661377,24480.91015625,483.25,0.5976759791374207,0.49799999594688416,NA,NA,NA,Maryland-William Donald Shaefer,6.182600975036621,10.105690002441406,NA,0.8226950168609619,1,1,20,0,6,19,6,16.249677658081055,0
8,8,8,0,0,0,0,MD,1994,NA,NA,NA,NA,1,0,1,1,4.125,0,0,1,4.579999923706055,25387.619140625,490.5,0.5976759791374207,0.49799999594688416,NA,NA,NA,Maryland-William Donald Shaefer,6.19746208190918,10.142060279846191,NA,0.8297873139381409,1,1,20,0,7,19,7,16.283599853515625,0
26,26,26,0,0,0,0,MD,1995,NA,NA,NA,NA,0,0,1,0,4.125,0,0,1,4.300000190734863,25387.619140625,497.75,0.5021249055862427,0.49799999594688416,NA,NA,NA,Maryland-William Donald Shaefer,6.212104797363281,10.142060279846191,NA,0.7092198729515076,1,1,20,0,22,19,8,16.358951568603516,0
4,4,4,0,0,0,0,MD,1996,1.7170000076293945,1.7170000076293945,1.2009999752044678,0.8542843461036682,0,0,1,0,4.125,0,0,1,4.639999866485596,26149.240234375,505,0.5021249055862427,0.5425000190734863,1.4589999914169312,NA,NA,Maryland-Parris N. Glendening,6.226537227630615,10.171609878540039,0.4732314944267273,0.7092198729515076,1,1,20,0,4,19,3,16.407432556152344,0
9,9,8,0,0,1,0,MD,1997,1.7170000076293945,1.7170000076293945,1.218000054359436,0.8542843461036682,0,0,1,0,4.125,0,0,1,5.599999904632568,26149.240234375,554.28997802734375,0.5021249055862427,0.5425000190734863,1.4674999713897705,NA,NA,Maryland-Parris N. Glendening,6.3194899559021,10.171609878540039,0.4732314944267273,0.7092198729515076,1,1,20,0,6,19,4,16.4547061920166,0
8,8,8,0,0,0,0,MD,1998,1.7170000076293945,1.7170000076293945,1.2389999628067017,0.8519018888473511,1,0,1,0,4.125,0,0,1,7.630000114440918,26929.009765625,603.58001708984375,0.5021249055862427,0.5425000190734863,1.4780000448226929,1.247022032737732,1.2264460325241089,Maryland-Parris N. Glendening,6.404533863067627,10.201000213623047,0.467517614364624,0.7021275758743286,1,1,20,0,4,19,5,16.488365173339844,0
4,4,4,0,0,0,0,MD,1999,1.6710000038146973,1.6710000038146973,1.6480000019073486,0.8214807510375977,0,0,1,1,4.183300018310547,0,0,1,6.210000038146973,26929.009765625,652.8699951171875,0.5516550540924072,0.5425000190734863,1.659500002861023,1.247022032737732,1.2264460325241089,Maryland-Parris N. Glendening,6.482909202575684,10.201000213623047,0.4553970992565155,0.7517731189727783,1,1,20,0,2,19,6,16.558900833129883,0
5,5,5,0,0,0,0,MD,2000,1.680999994277954,1.680999994277954,1.6480000019073486,0.8237524628639221,0,0,1,1,4.216000080108643,0,0,1,8.579999923706055,27736.880859375,702.15997314453125,0.5516550540924072,0.5656999945640564,1.6644999980926514,1.247022032737732,1.2264460325241089,Maryland-Parris N. Glendening,6.555583953857422,10.230549812316895,0.45686331391334534,0.7517731189727783,1,1,20,0,3,19,7,16.66868019104004,0
7,7,7,1,0,0,0,MD,2001,1.680999994277954,1.680999994277954,1.6480000019073486,0.8237524628639221,0,0,1,1,4.300000190734863,0,0,1,5.5,27736.880859375,751.45001220703125,0.5516550540924072,0.5656999945640564,1.6644999980926514,NA,1.2264460325241089,Maryland-Parris N. Glendening,6.623333930969238,10.230549812316895,0.45686331391334534,0.7517731189727783,1,1,20,1,5,19,8,16.772193908691406,0
3,3,3,0,0,0,0,MD,2002,1.6710000038146973,1.6710000038146973,1.6480000019073486,0.817248523235321,1,0,1,1,4.125,0,0,1,4.099999904632568,28569.23046875,800.739990234375,0.5516550540924072,0.5656999945640564,1.659500002861023,1.1561360359191895,1.2604379653930664,Maryland-Parris N. Glendening,6.686783790588379,10.260120391845703,0.45416170358657837,0.7517731189727783,1,1,20,0,1,19,9,16.845857620239258,0
5,5,5,0,0,0,0,MD,2003,1.7450000047683716,1.7450000047683716,1.6799999475479126,0.8773787021636963,0,1,0,0,4.125,1,1,1,4.800000190734863,28569.23046875,850,0.5195420980453491,0.4018000066280365,1.712499976158142,1.1561360359191895,1.2604379653930664,"Maryland-Robert L. Ehrlich, Jr.",6.7464118003845215,10.260120391845703,0.4834350049495697,0.30496451258659363,1,2,20,0,3,19,1,16.89691734313965,0
8,8,8,0,0,0,0,MD,2004,1.6959999799728394,1.6959999799728394,1.6799999475479126,0.8690436482429504,0,1,0,0,4.125,1,1,1,7.449999809265137,28569.23046875,802,0.5195420980453491,0.4293000102043152,1.687999963760376,1.277390956878662,1.2126820087432861,"Maryland-Robert L. Ehrlich, Jr.",6.688354015350342,10.260120391845703,0.48306408524513245,0.30496451258659363,1,1,20,0,3,19,2,16.91368865966797,0
4,4,4,0,0,0,0,MD,2005,1.690999984741211,1.690999984741211,1.74399995803833,0.8612739443778992,0,1,0,0,4.125,1,1,1,5.599999904632568,28569.23046875,754,0.5195420980453491,0.4293000102043152,1.7174999713897705,1.277390956878662,1.2126820087432861,"Maryland-Robert L. Ehrlich, Jr.",6.626718044281006,10.260120391845703,0.4299907982349396,0.30496451258659363,1,1,20,0,3,19,3,16.994874954223633,0
6,6,6,0,0,0,0,MD,2006,1.7020000219345093,1.7020000219345093,1.74399995803833,0.8714223504066467,1,1,0,0,4.125,1,1,1,6.53000020980835,36721.37109375,706,0.5195420980453491,0.4293000102043152,1.7230000495910645,1.3433350324630737,1.5812269449234009,"Maryland-Robert L. Ehrlich, Jr.",6.561030864715576,10.511139869689941,0.42925840616226196,0.30496451258659363,1,1,20,0,6,19,4,17.062841415405273,0
16,16,15,0,0,1,0,MD,2007,1.7649999856948853,1.7649999856948853,1.7039999961853027,0.8571975231170654,0,0,1,0,4.125,0,0,1,4.53000020980835,39441.46875,658,0.5330407023429871,0.5590999722480774,1.7345000505447388,1.3433350324630737,1.5812269449234009,Maryland-Martin O'Malley,6.490724086761475,10.582599639892578,0.41309550404548645,0.7375885844230652,1,1,20,0,11,19,1,17.15717887878418,0
10,10,10,0,0,0,0,MD,2008,1.784000039100647,1.784000039100647,1.809000015258789,0.8623532056808472,0,0,1,0,4.125,0,0,1,3.7200000286102295,39441.46875,610,0.5330407023429871,0.6191999912261963,1.7964999675750732,1.3350850343704224,1.303501009941101,Maryland-Martin O'Malley,6.415097236633301,10.582599639892578,0.40585950016975403,0.7375885844230652,1,1,20,0,6,19,2,17.227582931518555,0
7,6,6,0,1,0,0,MD,2009,1.7929999828338623,1.7929999828338623,1.7960000038146973,0.860416829586029,0,0,1,0,4.125,0,0,1,-0.3199999928474426,39441.46875,562,0.5330407023429871,0.6191999912261963,1.7944999933242798,1.3350850343704224,1.303501009941101,Maryland-Martin O'Malley,6.333280086517334,10.582599639892578,0.40307340025901794,0.7375885844230652,1,1,20,0,5,19,3,17.270723342895508,0
6,6,6,0,0,0,0,MD,2010,1.7929999828338623,1.7929999828338623,1.7960000038146973,0.8632538318634033,1,0,1,0,4.125,0,0,1,2.6600000858306885,39441.46875,514,0.5330407023429871,0.6191999912261963,1.7944999933242798,1.6775879859924316,1.8184139728546143,Maryland-Martin O'Malley,6.244166851043701,10.582599639892578,0.40307340025901794,0.7375885844230652,1,1,20,0,4,19,4,17.284683227539062,0
6,6,5,0,0,1,0,MD,2011,1.9589999914169312,1.9589999914169312,1.819000005722046,0.9347653388977051,0,0,1,1,4.125,0,0,1,5.639999866485596,39441.46875,466,0.5737508535385132,0.6191999912261963,1.8890000581741333,1.6775879859924316,1.8184139728546143,Maryland-Martin O'Malley,6.146328926086426,10.582599639892578,0.3953627943992615,0.6950355172157288,1,1,20,0,2,19,5,17.29075813293457,0
8,8,8,0,0,0,0,MD,2012,1.9589999914169312,1.9589999914169312,1.819000005722046,0.9347653388977051,0,0,1,1,4.125,0,0,1,3.490000009536743,39441.46875,418,0.5737508535385132,0.619700014591217,1.8890000581741333,1.2714320421218872,1.3805530071258545,Maryland-Martin O'Malley,6.03787088394165,10.582599639892578,0.3953627943992615,0.6950355172157288,1,1,20,0,4,19,6,17.386463165283203,0
5,5,5,0,0,0,0,MD,2013,1.965999960899353,1.965999960899353,1.819000005722046,0.9405525922775269,0,0,1,1,4.125,0,0,1,1.5800000429153442,39441.46875,370,0.5737508535385132,0.619700014591217,1.8925000429153442,1.2714320421218872,1.3805530071258545,Maryland-Martin O'Malley,5.916202068328857,10.582599639892578,0.39769649505615234,0.6950355172157288,1,1,20,0,3,19,7,17.34688377380371,0
15,14,14,2,1,0,0,MD,2014,1.9589999914169312,1.9589999914169312,1.8389999866485596,0.9378378987312317,1,0,1,1,4.125,0,0,1,NA,39441.46875,322,0.5737508535385132,0.619700014591217,1.8990000486373901,1.2714320421218872,1.3805530071258545,Maryland-Martin O'Malley,5.777651786804199,10.582599639892578,0.3973340094089508,0.6950355172157288,1,1,20,4,6,19,8,NA,0
27,22,22,4,1,1,4,MD,2015,NA,NA,NA,NA,0,1,0,0,4.125,1,1,1,NA,45207,274,0.5192304253578186,0.35899999737739563,NA,NA,1.3805530071258545,Maryland-Martin O'Malley,5.616771221160889,10.719030380249023,NA,0.3546099066734314,1,1,20,6,13,19,9,NA,0
18,18,18,0,0,0,0,MA,1993,NA,NA,NA,NA,0,1,0,0,3.75,1,1,1,3.990000009536743,27201.01953125,827.5,0.5166847705841064,0.29030001163482666,NA,NA,NA,Massachusetts-William F. Weld,6.719616889953613,10.211050033569336,NA,0.21875,1,1,21,0,15,16,3,16.765562057495117,1
12,12,12,1,0,0,0,MA,1994,NA,NA,NA,NA,1,1,0,0,3.5,1,1,1,4.96999979019165,27201.01953125,836,0.5166847705841064,0.29030001163482666,NA,NA,NA,Massachusetts-William F. Weld,6.729824066162109,10.211050033569336,NA,0.21875,1,1,21,1,8,16,4,16.8323974609375,1
6,6,6,1,0,0,0,MA,1995,1.0140000581741333,1.0140000581741333,0.9789999723434448,0.4965868592262268,0,1,0,0,3.4375,1,1,1,5.78000020980835,27201.01953125,844.5,0.714853823184967,0.29030001163482666,0.9965000152587891,NA,NA,Massachusetts-William F. Weld,6.739927768707275,10.211050033569336,0.1388085037469864,0.21875,1,1,21,1,4,16,5,16.894615173339844,1
10,10,10,0,0,0,0,MA,1996,1.0140000581741333,1.0140000581741333,0.9789999723434448,0.4965868592262268,0,1,0,0,3.375,1,1,1,6.349999904632568,42079.96875,850,0.714853823184967,0.2809000015258789,0.9965000152587891,NA,NA,Massachusetts-William F. Weld,6.7464118003845215,10.647350311279297,0.1388085037469864,0.21250000596046448,1,1,21,0,5,16,6,16.941818237304688,1
9,9,8,0,0,1,0,MA,1997,0.9729999899864197,0.9729999899864197,0.8960000276565552,0.42506086826324463,0,1,0,0,3.3125,1,1,1,6.300000190734863,42079.96875,862.1400146484375,0.714853823184967,0.2809000015258789,0.934499979019165,NA,NA,Massachusetts-William F. Weld,6.760577201843262,10.647350311279297,0.13218609988689423,0.18125000596046448,1,1,21,0,5,16,7,16.976287841796875,1
8,7,7,0,1,0,0,MA,1998,0.9729999899864197,0.9729999899864197,0.8960000276565552,0.42506086826324463,1,1,0,0,3.25,1,1,1,6.340000152587891,42079.96875,874.280029296875,0.714853823184967,0.2809000015258789,0.934499979019165,1.1050920486450195,1.2132099866867065,Massachusetts-Argeo Paul Cellucci,6.774543762207031,10.647350311279297,0.13218609988689423,0.18125000596046448,1,1,21,0,5,16,1,17.040485382080078,1
8,8,8,0,0,0,0,MA,1999,0.9649999737739563,0.9649999737739563,0.9620000123977661,0.38421374559402466,0,1,0,0,3.608299970626831,1,1,1,6.579999923706055,42079.96875,886.41998291015625,0.5174737572669983,0.2809000015258789,0.9635000228881836,1.1050920486450195,1.2132099866867065,Massachusetts-Argeo Paul Cellucci,6.788318157196045,10.647350311279297,0.12229380011558533,0.17499999701976776,1,1,21,0,7,16,2,17.06664276123047,1
8,8,8,0,0,0,0,MA,2000,0.9649999737739563,0.9649999737739563,0.9620000123977661,0.38421374559402466,0,1,0,0,3.9660000801086426,1,1,1,11.260000228881836,42079.96875,898.55999755859375,0.5174737572669983,0.32499998807907104,0.9635000228881836,1.1967359781265259,1.2475240230560303,Massachusetts-Argeo Paul Cellucci,6.801906108856201,10.647350311279297,0.12229380011558533,0.18125000596046448,1,1,21,0,5,16,3,17.104711532592773,1
9,9,9,1,0,0,0,MA,2001,0.9760000109672546,0.9760000109672546,0.9629999995231628,0.37242716550827026,0,1,0,0,4.324999809265137,1,1,1,4.110000133514404,42079.96875,910.70001220703125,0.5174737572669983,0.32499998807907104,0.9695000052452087,1.1967359781265259,1.2475240230560303,Massachusetts-Argeo Paul Cellucci,6.815310955047607,10.647350311279297,0.11627809703350067,0.15000000596046448,0,0,21,1,8,16,4,17.199487686157227,1
8,8,8,0,0,0,0,MA,2002,0.9929999709129333,0.9929999709129333,0.968999981880188,0.36670687794685364,1,1,0,0,3.875,1,1,1,0.029999999329447746,45446.55078125,922.84002685546875,0.5174737572669983,0.32499998807907104,0.9810000061988831,1.4731459617614746,1.3538169860839844,Massachusetts-Jane Swift,6.82853889465332,10.724309921264648,0.11586839705705643,0.13750000298023224,0,0,21,0,6,16,1,17.164390563964844,1
13,13,13,0,0,0,0,MA,2003,1.0099999904632568,1.0099999904632568,0.968999981880188,0.3827878534793854,0,1,0,0,4,1,1,1,2.4600000381469727,45446.55078125,935,0.5255073308944702,0.32499998807907104,0.9894999861717224,1.4731459617614746,1.3538169860839844,Massachusetts-Mitt Romney,6.841616153717041,10.724309921264648,0.10915269702672958,0.14374999701976776,0,0,21,0,12,16,1,17.143085479736328,1
7,6,6,0,1,0,0,MA,2004,1.0099999904632568,1.0099999904632568,0.9829999804496765,0.382806658744812,0,1,0,0,4.125,1,1,1,5.03000020980835,45446.55078125,929.66998291015625,0.5255073308944702,0.3677999973297119,0.9965000152587891,1.4871159791946411,1.4892200231552124,Massachusetts-Mitt Romney,6.835905075073242,10.724309921264648,0.10914579778909683,0.14374999701976776,0,0,21,0,5,16,2,17.295230865478516,1
7,7,7,0,0,0,0,MA,2005,1.0420000553131104,1.0420000553131104,0.9390000104904175,0.3767423927783966,0,1,0,0,4.125,1,1,1,4.349999904632568,48399.671875,924.34002685546875,0.5255073308944702,0.3677999973297119,0.9904999732971191,1.4871159791946411,1.4892200231552124,Massachusetts-Mitt Romney,6.830161094665527,10.787269592285156,0.11399649828672409,0.13124999403953552,0,0,21,0,6,16,3,17.341896057128906,1
5,5,5,0,0,0,0,MA,2006,1.0420000553131104,1.0420000553131104,0.9390000104904175,0.37667331099510193,1,1,0,0,4.125,1,1,1,7.610000133514404,50385.3515625,919.010009765625,0.5255073308944702,0.3677999973297119,0.9904999732971191,1.4564820528030396,1.46841299533844,Massachusetts-Mitt Romney,6.824385166168213,10.82748031616211,0.11410090327262878,0.13124999403953552,0,0,21,0,4,16,4,17.400054931640625,1
20,20,20,0,0,0,0,MA,2007,1.0670000314712524,1.0670000314712524,0.9070000052452087,0.36548468470573425,0,0,1,0,4.125,0,0,1,5.070000171661377,52804.4296875,913.67999267578125,0.6115822792053223,0.6194000244140625,0.9869999885559082,1.4564820528030396,1.46841299533844,Massachusetts-Mitt Romney,6.818573951721191,10.874369621276855,0.11351200193166733,0.8812500238418579,0,0,21,0,14,16,5,17.490081787109375,1
14,14,13,0,0,1,0,MA,2008,1.0670000314712524,1.0670000314712524,0.8970000147819519,0.36548468470573425,0,0,1,0,4.125,0,0,1,3.0999999046325684,52804.4296875,908.3499755859375,0.6115822792053223,0.6179999709129333,0.9819999933242798,1.4067460298538208,1.4626359939575195,Massachusetts-Deval Patrick,6.812729835510254,10.874369621276855,0.11351200193166733,0.875,0,0,21,0,11,16,1,17.514293670654297,1
8,8,8,0,0,0,0,MA,2009,NA,1.0787999629974365,NA,NA,0,0,1,0,4.125,0,0,1,-1.6200000047683716,52804.4296875,903,0.6115822792053223,0.6179999709129333,NA,1.4067460298538208,1.4626359939575195,Massachusetts-Deval Patrick,6.80682897567749,10.874369621276855,NA,0.893750011920929,0,0,21,0,5,16,2,17.52684783935547,1
9,9,7,0,0,2,0,MA,2010,NA,1.0906000137329102,NA,NA,1,0,1,0,4.125,0,0,1,3.069999933242798,52804.4296875,897.69000244140625,0.6115822792053223,0.6179999709129333,NA,1.4839860200881958,1.5383189916610718,Massachusetts-Deval Patrick,6.800938129425049,10.874369621276855,NA,0.893750011920929,0,0,21,0,3,16,3,17.54802703857422,1
13,13,12,0,0,1,0,MA,2011,NA,1.1023999452590942,NA,NA,0,0,1,0,4.125,0,0,1,6,55429.3203125,892.3599853515625,0.5356988906860352,0.6179999709129333,NA,1.4839860200881958,1.5383189916610718,Massachusetts-Deval Patrick,6.794990062713623,10.922880172729492,NA,0.800000011920929,0,0,21,0,10,16,4,17.58091163635254,1
5,5,5,0,0,0,0,MA,2012,NA,1.1141999959945679,NA,NA,0,0,1,0,4.125,0,0,1,3.8499999046325684,55580.73828125,887.030029296875,0.5356988906860352,0.6067000031471252,NA,1.4262670278549194,1.688122034072876,Massachusetts-Deval Patrick,6.789006233215332,10.925609588623047,NA,0.7875000238418579,0,0,21,0,5,16,5,17.634489059448242,1
4,4,3,0,0,1,0,MA,2013,1.1260000467300415,1.1260000467300415,NA,0.49944692850112915,0,0,1,0,4.125,0,0,1,2.4100000858306885,54431.94921875,881.70001220703125,0.5356988906860352,0.6067000031471252,1.1260000467300415,1.4262670278549194,1.688122034072876,Massachusetts-Deval Patrick,6.782985210418701,10.904729843139648,0.17704980075359344,0.8187500238418579,0,0,21,0,0,16,6,17.65195083618164,1
6,6,5,0,0,1,0,MA,2014,1.1260000467300415,1.1260000467300415,NA,0.49944692850112915,1,0,1,0,4.125,0,0,1,NA,54431.94921875,876.3699951171875,0.5356988906860352,0.6067000031471252,1.1260000467300415,1.4262670278549194,1.688122034072876,Massachusetts-Deval Patrick,6.776928901672363,10.904729843139648,0.17704980075359344,0.8187500238418579,0,0,21,0,4,16,7,NA,1
12,12,12,0,0,0,0,MA,2015,NA,NA,NA,NA,0,1,0,0,4.125,1,1,1,NA,60033,871.03997802734375,0.5098012089729309,0.3752000033855438,NA,NA,1.688122034072876,Massachusetts-Charlie Baker,6.770834922790527,11.002670288085938,NA,0.21875,0,0,21,0,8,16,1,NA,1
21,21,21,0,0,0,0,MI,1993,NA,NA,NA,NA,0,1,0,0,3.9791500568389893,1,0,0,5.329999923706055,41209.5390625,1332,0.5034708380699158,0.3637999892234802,NA,NA,NA,Michigan-John Engler,7.195187091827393,10.626449584960938,NA,0.5,1,2,22,0,19,17,3,16.966442108154297,0
30,30,29,0,0,0,0,MI,1994,NA,NA,NA,NA,1,1,0,0,3.875,1,0,0,7.53000020980835,43270.46875,1341,0.5034708380699158,0.3637999892234802,NA,NA,NA,Michigan-John Engler,7.201916217803955,10.675250053405762,NA,0.5,1,2,22,0,28,17,4,17.06828498840332,0
25,25,25,0,0,0,0,MI,1995,NA,NA,NA,NA,0,1,0,0,3.875,0,0,0,5.730000019073486,43270.46875,1350,0.6150856614112854,0.3637999892234802,NA,NA,NA,Michigan-John Engler,7.208600997924805,10.675250053405762,NA,0.5090909004211426,1,2,22,0,23,17,5,17.231788635253906,0
13,13,13,0,0,0,0,MI,1996,1.7300000190734863,1.7300000190734863,2.2269999980926514,1.0174407958984375,0,1,0,0,3.875,0,0,0,5.239999771118164,44568.859375,1359,0.6150856614112854,0.384799987077713,1.9785000085830688,NA,1.2610199451446533,Michigan-John Engler,7.215240001678467,10.70481014251709,0.25578930974006653,0.5090909004211426,1,2,22,0,12,17,6,17.27004623413086,0
20,20,20,0,0,0,0,MI,1997,1.784000039100647,1.784000039100647,2.2290000915527344,0.9858954548835754,0,1,0,0,3.875,1,0,0,5.309999942779541,44568.859375,1329.5699462890625,0.6150856614112854,0.384799987077713,2.006500005722046,NA,1.2610199451446533,Michigan-John Engler,7.193363189697266,10.70481014251709,0.4283447861671448,0.47272729873657227,1,2,22,0,19,17,7,17.29817771911621,0
6,6,6,0,0,0,0,MI,1998,1.812999963760376,1.812999963760376,2.247999906539917,0.9927272796630859,1,1,0,0,3.875,1,0,0,5.710000038146973,47053.21875,1300.1400146484375,0.6150856614112854,0.384799987077713,2.0304999351501465,1.1873290538787842,1.3992730379104614,Michigan-John Engler,7.170996189117432,10.75905990600586,0.4291206896305084,0.4636363983154297,1,2,22,0,4,17,8,17.34381103515625,0
13,13,13,0,0,0,0,MI,1999,1.9520000219345093,1.9520000219345093,2.2219998836517334,1.0132718086242676,0,1,0,1,3.875,0,0,0,4.829999923706055,47053.21875,1270.7099609375,0.6221562623977661,0.384799987077713,2.0869998931884766,1.1873290538787842,1.3992730379104614,Michigan-John Engler,7.148118019104004,10.75905990600586,0.22640809416770935,0.5272727012634277,1,2,22,0,13,17,9,17.374359130859375,0
13,13,13,0,0,0,0,MI,2000,1.9609999656677246,1.9609999656677246,2.2019999027252197,1.0154411792755127,0,1,0,1,3.875,0,0,0,6.28000020980835,49917.48828125,1241.280029296875,0.6221562623977661,0.46140000224113464,2.0815000534057617,0.8949090838432312,1.4519850015640259,Michigan-John Engler,7.124703884124756,10.81814956665039,0.22732959687709808,0.5272727012634277,1,2,22,0,13,17,10,17.479167938232422,0
9,9,9,0,0,0,0,MI,2001,1.930999994277954,1.930999994277954,2.1710000038146973,0.984581708908081,0,1,0,1,3.875,0,0,0,1.1200000047683716,49917.48828125,1211.8499755859375,0.6221562623977661,0.46140000224113464,2.0510001182556152,0.8949090838432312,1.4519850015640259,Michigan-John Engler,7.1007280349731445,10.81814956665039,0.33985158801078796,0.5272727012634277,1,2,22,0,7,17,11,17.556318283081055,0
23,23,23,0,0,0,0,MI,2002,1.9079999923706055,1.9079999923706055,2.180000066757202,0.985643208026886,1,1,0,1,3.875,0,0,0,0.6399999856948853,70178.6171875,1182.4200439453125,0.6221562623977661,0.46140000224113464,2.0439999103546143,1.5113639831542969,1.6082470417022705,Michigan-John Engler,7.0761637687683105,11.158809661865234,0.35006511211395264,0.5181818008422852,1,2,22,0,20,17,12,17.59576988220215,0
25,24,24,1,1,0,0,MI,2003,2.013000011444092,2.013000011444092,1.9500000476837158,1.0360841751098633,0,0,1,0,3.875,1,1,0,2.809999942779541,70178.6171875,1153,0.5203337669372559,0.5127999782562256,1.9815000295639038,1.5113639831542969,1.6082470417022705,Michigan-John Engler,7.050990104675293,11.158809661865234,0.26631250977516174,0.4272727072238922,1,2,22,2,18,17,13,17.61149787902832,0
36,34,34,0,2,0,0,MI,2004,1.996999979019165,1.996999979019165,1.9500000476837158,1.0321162939071655,0,0,1,0,3.875,1,1,0,3.3499999046325684,70178.6171875,1123,0.5203337669372559,0.5123000144958496,1.9735000133514404,1.118090033531189,1.628859043121338,Michigan-Jennifer Granholm,7.024649143218994,11.158809661865234,0.2627071142196655,0.4272727072238922,1,2,22,0,34,17,1,17.650917053222656,0
28,26,26,2,2,0,0,MI,2005,1.940999984741211,1.940999984741211,1.9500000476837158,1.0164047479629517,0,0,1,0,3.875,1,1,0,2.549999952316284,72218.703125,1093,0.5203337669372559,0.5123000144958496,1.9455000162124634,1.118090033531189,1.628859043121338,Michigan-Jennifer Granholm,6.99759578704834,11.187470436096191,0.26759210228919983,0.47272729873657227,1,2,22,2,13,17,2,17.6368465423584,0
22,18,18,2,4,0,0,MI,2006,1.934000015258789,1.934000015258789,2.0269999504089355,1.012305498123169,1,0,1,0,3.875,1,1,0,2.569999933242798,72218.703125,1063,0.5203337669372559,0.5123000144958496,1.9804999828338623,1.6591249704360962,1.6714709997177124,Michigan-Jennifer Granholm,6.969789981842041,11.187470436096191,0.26759210228919983,0.4545454978942871,1,2,22,3,15,17,3,17.661252975463867,0
50,49,49,2,1,0,0,MI,2007,1.8559999465942383,1.8559999465942383,1.9129999876022339,0.9856870770454407,0,0,1,1,3.875,1,0,0,2.609999895095825,72218.703125,1033,0.571245551109314,0.5123000144958496,1.8845000267028809,1.6591249704360962,1.6714709997177124,Michigan-Jennifer Granholm,6.941189765930176,11.187470436096191,0.3682608902454376,0.5272727012634277,1,2,22,2,43,17,4,17.68754768371582,0
27,27,27,10,0,0,0,MI,2008,1.8559999465942383,1.8559999465942383,1.9129999876022339,0.9856870770454407,0,0,1,1,3.875,1,0,0,1.5800000429153442,72218.703125,1003,0.571245551109314,0.5733000040054321,1.8845000267028809,1.1253379583358765,1.8210819959640503,Michigan-Jennifer Granholm,6.911746978759766,11.187470436096191,0.3682608902454376,0.5272727012634277,1,2,22,12,12,17,5,17.724027633666992,0
53,53,53,1,0,0,0,MI,2009,NA,1.8763333559036255,NA,NA,0,0,1,1,3.875,1,0,0,-4.449999809265137,72218.703125,973,0.571245551109314,0.5733000040054321,NA,1.1253379583358765,1.8210819959640503,Michigan-Jennifer Granholm,6.881411075592041,11.187470436096191,NA,0.6090909242630005,1,2,22,1,48,17,6,17.739145278930664,0
21,21,21,2,0,0,0,MI,2010,NA,1.8966666460037231,NA,NA,1,0,1,1,3.875,1,0,0,2.509999990463257,72218.703125,943,0.571245551109314,0.5733000040054321,NA,1.586961030960083,1.9059280157089233,Michigan-Jennifer Granholm,6.850125789642334,11.187470436096191,NA,0.6000000238418579,1,2,22,2,17,17,7,17.757287979125977,0
13,13,13,0,0,0,0,MI,2011,1.9170000553131104,1.9170000553131104,2.2190001010894775,0.9840742349624634,0,1,0,0,3.875,0,0,0,5.460000038146973,64996.828125,913,0.5928977727890015,0.4088999927043915,2.068000078201294,1.586961030960083,1.9059280157089233,Michigan-Richard Snyder,6.817831039428711,11.082110404968262,0.15861870348453522,0.5727273225784302,1,2,22,0,13,17,1,17.770626068115234,0
17,17,17,0,0,0,0,MI,2012,1.9170000553131104,1.9170000553131104,2.2190001010894775,0.9827533960342407,0,1,0,0,3.875,0,0,0,3.4700000286102295,65160.03125,883,0.5928977727890015,0.4458000063896179,2.068000078201294,1.1697050333023071,1.689803957939148,Michigan-Richard Snyder,6.784457206726074,11.084620475769043,0.15688130259513855,0.5636364221572876,1,2,22,0,15,17,2,17.76520347595215,0
11,10,10,0,1,0,0,MI,2013,1.8849999904632568,1.8849999904632568,2.2190001010894775,0.98808354139328,0,1,0,0,3.875,0,0,0,2.5399999618530273,65160.03125,853,0.5928977727890015,0.4458000063896179,2.052000045776367,1.1697050333023071,1.689803957939148,Michigan-Richard Snyder,6.7499308586120605,11.084620475769043,0.18816259503364563,0.5363637208938599,1,2,22,0,8,17,3,17.796119689941406,0
12,12,12,0,0,0,0,MI,2014,1.9119999408721924,1.9119999408721924,2.2190001010894775,0.9889407157897949,1,1,0,0,3.875,0,0,0,NA,65160.03125,823,0.5928977727890015,0.4458000063896179,2.065500020980835,1.1697050333023071,1.689803957939148,Michigan-Richard Snyder,6.714169979095459,11.084620475769043,0.18816259503364563,0.5363637208938599,1,2,22,0,11,17,4,NA,0
15,15,15,0,0,0,0,MI,2015,NA,NA,NA,NA,0,1,0,1,3.875,0,0,0,NA,71865,793,0.5207911729812622,0.4458000063896179,NA,NA,1.689803957939148,Michigan-Richard Snyder,6.6770830154418945,11.182559967041016,NA,0.5727273225784302,1,2,22,0,13,17,5,NA,0
28,28,28,10,0,0,0,MN,1993,NA,NA,NA,NA,0,1,0,0,4.02085018157959,1,1,0,3.009999990463257,25368.5703125,624.5,0.5172525644302368,0.31850001215934753,NA,NA,NA,Minnesota-Arne Carlson,6.43855094909668,10.14130973815918,NA,0.3582090139389038,1,2,23,10,8,20,3,16.380699157714844,1
9,9,9,0,0,0,0,MN,1994,NA,NA,NA,NA,1,1,0,0,3.875,1,1,0,7.260000228881836,25368.5703125,629,0.5172525644302368,0.31850001215934753,NA,NA,NA,Minnesota-Arne Carlson,6.445720195770264,10.14130973815918,NA,0.3731342852115631,1,2,23,0,2,20,4,16.451112747192383,1
14,14,14,2,0,0,0,MN,1995,1.753999948501587,1.753999948501587,1.6360000371932983,0.9904448390007019,0,1,0,0,3.875,1,1,0,5.809999942779541,25368.5703125,633.5,0.6499311923980713,0.31850001215934753,1.6950000524520874,NA,NA,Minnesota-Arne Carlson,6.452836990356445,10.14130973815918,0.36599889397621155,0.4701491892337799,1,2,23,2,1,20,5,16.497709274291992,1
18,18,18,4,0,0,0,MN,1996,1.753999948501587,1.753999948501587,1.6360000371932983,0.9904448390007019,0,1,0,0,3.875,1,1,0,7.860000133514404,26906.33984375,638,0.6499311923980713,0.3495999872684479,1.6950000524520874,0.9615663886070251,1.5019869804382324,Minnesota-Arne Carlson,6.45990514755249,10.200149536132812,0.36599889397621155,0.48507460951805115,1,2,23,4,2,20,6,16.572290420532227,1
20,20,20,3,0,0,0,MN,1997,1.8300000429153442,1.8300000429153442,1.593999981880188,1.018890142440796,0,1,0,0,3.875,1,1,0,5.619999885559082,26906.33984375,632.8599853515625,0.6499311923980713,0.3495999872684479,1.7120000123977661,0.9615663886070251,1.5019869804382324,Minnesota-Arne Carlson,6.4518280029296875,10.200149536132812,0.35830068588256836,0.4776118993759155,1,2,23,3,3,20,7,16.63664436340332,1
19,19,19,2,0,0,0,MN,1998,1.8300000429153442,1.8300000429153442,1.593999981880188,1.018890142440796,1,1,0,0,3.875,1,1,0,8.9399995803833,26906.33984375,627.719970703125,0.6499311923980713,0.3495999872684479,1.7120000123977661,0.9615663886070251,1.5821670293807983,Minnesota-Arne Carlson,6.443686008453369,10.200149536132812,0.35830068588256836,0.46268659830093384,1,2,23,2,0,20,8,16.628662109375,1
20,20,20,1,0,0,0,MN,1999,1.906999945640564,1.906999945640564,1.5870000123977661,1.032282829284668,0,0,0,0,3.916670083999634,1,0,0,5.28000020980835,26906.33984375,622.58001708984375,0.5,0.5,1.746999979019165,NA,1.5821670293807983,Minnesota-Jesse Ventura,6.435476779937744,10.200149536132812,0.30942440032958984,NA,1,2,23,1,6,20,1,16.728395462036133,1
11,11,11,1,0,0,0,MN,2000,1.906999945640564,1.906999945640564,1.5870000123977661,1.032282829284668,0,0,0,0,3.9583399295806885,1,0,0,8.430000305175781,28234.650390625,617.44000244140625,0.5,0.5,1.746999979019165,1.651324987411499,1.6670329570770264,Minnesota-Jesse Ventura,6.427199840545654,10.248339653015137,0.30942440032958984,NA,1,2,23,1,1,20,2,16.794836044311523,1
13,13,13,1,0,0,0,MN,2001,1.9290000200271606,1.9290000200271606,1.6239999532699585,1.0441169738769531,0,0,0,0,4,1,0,0,4.099999904632568,28234.650390625,612.29998779296875,0.5,0.5,1.7764999866485596,1.651324987411499,1.6670329570770264,Minnesota-Jesse Ventura,6.418854236602783,10.248339653015137,0.3108547031879425,NA,1,2,23,1,1,20,3,16.904666900634766,1
12,12,12,1,0,0,0,MN,2002,1.9290000200271606,1.9290000200271606,1.6239999532699585,1.0441169738769531,1,0,0,0,4.25,1,0,0,2.4000000953674316,28234.650390625,607.15997314453125,0.5,0.5,1.7764999866485596,1.726999044418335,1.7263610363006592,Minnesota-Jesse Ventura,6.410438060760498,10.248339653015137,0.3108547031879425,NA,1,2,23,1,0,20,4,16.97157096862793,1
16,16,16,0,0,0,0,MN,2003,2,2,1.6729999780654907,1.0462394952774048,0,1,0,0,4.0625,1,0,0,4.679999828338623,28234.650390625,602,0.5489374995231628,0.45500001311302185,1.8365000486373901,1.726999044418335,1.7263610363006592,Minnesota-Timothy Pawlenty,6.401916980743408,10.248339653015137,0.3138507902622223,0.611940324306488,1,1,23,0,3,20,1,17.04962730407715,1
10,10,10,1,0,0,0,MN,2004,2,2,1.6729999780654907,1.0462394952774048,0,1,0,0,3.875,1,0,0,5.420000076293945,28234.650390625,600,0.5489374995231628,0.47609999775886536,1.8365000486373901,1.3285000324249268,1.8611400127410889,Minnesota-Timothy Pawlenty,6.398594856262207,10.248339653015137,0.3138507902622223,0.60447758436203,1,1,23,1,3,20,2,17.025484085083008,1
22,22,22,1,0,0,0,MN,2005,1.902999997138977,1.902999997138977,1.7059999704360962,1.0539610385894775,0,1,0,0,3.875,1,0,0,2.9800000190734863,28234.650390625,598,0.5489374995231628,0.47609999775886536,1.8044999837875366,1.3285000324249268,1.8611400127410889,Minnesota-Timothy Pawlenty,6.395261764526367,10.248339653015137,0.3226523995399475,0.5074626803398132,1,1,23,1,8,20,3,17.11018943786621,1
15,15,15,3,0,0,0,MN,2006,1.902999997138977,1.902999997138977,1.7059999704360962,1.0539610385894775,1,1,0,0,3.875,1,0,0,5.769999980926514,28235.560546875,596,0.5489374995231628,0.47609999775886536,1.8044999837875366,1.8597110509872437,1.9319360256195068,Minnesota-Timothy Pawlenty,6.3919172286987305,10.248370170593262,0.3226523995399475,0.5074626803398132,1,1,23,4,2,20,4,17.12784194946289,1
22,21,21,2,1,0,0,MN,2007,1.968000054359436,1.968000054359436,1.5859999656677246,1.023569941520691,0,1,0,0,3.875,1,1,0,5.960000038146973,28235.560546875,594,0.5051836371421814,0.47609999775886536,1.7769999504089355,1.8597110509872437,1.9319360256195068,Minnesota-Timothy Pawlenty,6.388560771942139,10.248370170593262,0.3800244927406311,0.3656716048717499,1,1,23,2,4,20,5,17.153528213500977,1
17,17,17,3,0,0,0,MN,2008,1.965999960899353,1.965999960899353,1.6059999465942383,1.0205506086349487,0,1,0,0,3.875,1,1,0,4.349999904632568,28235.560546875,592,0.5051836371421814,0.4381999969482422,1.7860000133514404,1.5320450067520142,2.125359058380127,Minnesota-Timothy Pawlenty,6.385193824768066,10.248370170593262,0.3800244927406311,0.3582090139389038,1,1,23,3,6,20,6,17.22517967224121,1
14,14,14,1,0,0,0,MN,2009,1.9539999961853027,1.9539999961853027,NA,1.0084320306777954,0,1,0,0,3.875,1,1,0,-3.7100000381469727,28235.560546875,590,0.5051836371421814,0.4381999969482422,1.9539999961853027,1.5320450067520142,2.125359058380127,Minnesota-Timothy Pawlenty,6.3818159103393555,10.248370170593262,0.3758656084537506,0.3507463037967682,1,1,23,1,3,20,7,17.26709747314453,1
19,19,18,3,0,0,0,MN,2010,1.9539999961853027,1.9539999961853027,NA,1.0084320306777954,1,1,0,0,3.875,1,1,0,4.010000228881836,28235.560546875,588,0.5051836371421814,0.4381999969482422,1.9539999961853027,2.069983959197998,2.2384109497070312,Minnesota-Timothy Pawlenty,6.3784260749816895,10.248370170593262,0.3758656084537506,0.3507463037967682,1,1,23,4,0,20,8,17.269983291625977,1
36,36,35,6,0,0,0,MN,2011,2.0959999561309814,2.0959999561309814,NA,1.0999449491500854,0,0,1,0,3.875,1,1,0,6.639999866485596,28235.560546875,586,0.5023965835571289,0.5406000018119812,2.0959999561309814,2.069983959197998,2.2384109497070312,Minnesota-Mark Dayton,6.375024795532227,10.248370170593262,0.26626649498939514,0.46268659830093384,1,1,23,8,7,20,1,17.301982879638672,1
12,12,12,3,0,0,0,MN,2012,2.0959999561309814,2.0959999561309814,NA,1.1008154153823853,0,0,1,0,3.875,1,1,0,4.579999923706055,28235.560546875,584,0.5023965835571289,0.5264999866485596,2.0959999561309814,2.164444923400879,1.9085580110549927,Minnesota-Mark Dayton,6.371612071990967,10.248370170593262,0.26626649498939514,0.4552238881587982,1,1,23,3,1,20,2,17.324350357055664,1
14,14,14,4,0,0,0,MN,2013,2.0929999351501465,2.0929999351501465,NA,1.1044310331344604,0,0,1,0,3.875,0,0,0,2.7699999809265137,28235.560546875,582,0.5023965835571289,0.5264999866485596,2.0929999351501465,2.164444923400879,1.9085580110549927,Minnesota-Mark Dayton,6.368186950683594,10.248370170593262,0.3307875990867615,0.5447760820388794,1,1,23,4,0,20,3,17.372541427612305,1
18,18,18,2,0,0,0,MN,2014,2.0929999351501465,2.0929999351501465,NA,1.1044310331344604,1,0,1,0,3.875,0,0,0,NA,28235.560546875,580,0.5023965835571289,0.5264999866485596,2.0929999351501465,2.164444923400879,1.9085580110549927,Minnesota-Mark Dayton,6.364750862121582,10.248370170593262,0.3307875990867615,0.5447760820388794,1,1,23,2,3,20,4,NA,1
17,17,17,2,0,0,0,MN,2015,NA,NA,NA,NA,0,0,1,0,3.875,1,0,0,NA,31141,578,0.5293989181518555,0.5264999866485596,NA,NA,1.9085580110549927,Minnesota-Mark Dayton,6.361301898956299,10.346309661865234,NA,0.46268659830093384,1,1,23,2,2,20,5,NA,1
9,9,9,0,0,0,0,MS,1993,NA,NA,NA,NA,0,1,0,0,3.5416500568389893,1,1,1,6.53000020980835,9067.0048828125,129,0.5164588093757629,0.4968000054359436,NA,NA,NA,Mississippi-Fordice,4.86753511428833,9.112507820129395,NA,0.180327907204628,0,0,24,0,6,19,2,15.535625457763672,1
12,12,12,0,0,0,0,MS,1994,NA,NA,NA,NA,0,1,0,0,3.5,1,1,1,8.210000038146973,9067.0048828125,130,0.5164588093757629,0.4968000054359436,NA,NA,NA,Mississippi-Fordice,4.875196933746338,9.112507820129395,NA,0.180327907204628,0,0,24,0,6,19,3,15.636348724365234,1
5,5,5,0,0,0,0,MS,1995,NA,NA,NA,NA,1,1,0,0,3.5,1,1,0,5.579999923706055,9067.0048828125,131,0.5164588093757629,0.4968000054359436,NA,NA,NA,Mississippi-Fordice,4.8828020095825195,9.112507820129395,NA,0.25409838557243347,0,0,24,0,0,19,4,15.702171325683594,1
3,3,3,0,0,0,0,MS,1996,0.8700000047683716,0.8700000047683716,0.8619999885559082,0.6575016379356384,0,1,0,1,3.5,1,1,0,6.099999904632568,9067.0048828125,132,0.5555547475814819,0.4921000003814697,0.8659999966621399,NA,NA,Mississippi-Fordice,4.8903489112854,9.112507820129395,0.4946241080760956,0.2786884903907776,0,0,24,0,1,19,5,15.82197380065918,1
6,6,6,0,0,0,0,MS,1997,0.8460000157356262,0.8460000157356262,0.8360000252723694,0.6486589312553406,0,1,0,1,3.5,1,1,0,5.630000114440918,9067.0048828125,134.57000732421875,0.5555547475814819,0.4921000003814697,0.8410000205039978,NA,NA,Mississippi-Fordice,4.909488201141357,9.112507820129395,0.48896950483322144,0.28688520193099976,0,0,24,0,3,19,6,15.896696090698242,1
8,8,8,0,0,0,0,MS,1998,0.8410000205039978,0.8410000205039978,0.8360000252723694,0.6527890563011169,0,1,0,1,3.5,1,1,0,6.059999942779541,9067.0048828125,137.13999938964844,0.5555547475814819,0.4921000003814697,0.8385000228881836,NA,NA,Mississippi-Fordice,4.928267002105713,9.112507820129395,0.4874778985977173,0.2950820028781891,0,0,24,0,3,19,7,15.958654403686523,1
10,10,5,0,0,5,0,MS,1999,0.8500000238418579,0.8500000238418579,0.8360000252723694,0.6416496634483337,1,1,0,1,3.458329916000366,1,1,0,3.509999990463257,9067.0048828125,139.7100067138672,0.5555547475814819,0.4921000003814697,0.8429999947547913,NA,NA,Mississippi-Fordice,4.9467010498046875,9.112507820129395,0.4629526138305664,0.2950820028781891,0,0,24,0,3,19,8,16.020767211914062,1
11,11,11,3,0,0,0,MS,2000,0.8569999933242798,0.8569999933242798,0.875,0.6366779208183289,0,0,1,0,3.4166600704193115,0,0,0,5.53000020980835,9067.0048828125,142.27999877929688,0.5055633783340454,0.40700000524520874,0.8659999966621399,0.6365755796432495,0.6794378757476807,Mississippi-Musgrove,4.964800834655762,9.112507820129395,0.4596911072731018,0.7049180269241333,0,0,24,3,5,19,1,16.122987747192383,1
12,11,11,1,1,0,0,MS,2001,0.8610000014305115,0.8610000014305115,0.875,0.6329700350761414,0,0,1,0,3.375,0,0,0,5.800000190734863,9067.0048828125,144.85000610351562,0.5055633783340454,0.40700000524520874,0.8679999709129333,0.6365755796432495,0.6794378757476807,Mississippi-Musgrove,4.982579231262207,9.112507820129395,0.45326030254364014,0.7049180269241333,0,0,24,1,3,19,2,16.177318572998047,1
12,11,11,0,1,0,0,MS,2002,0.8510000109672546,0.8510000109672546,0.902999997138977,0.630449116230011,0,0,1,0,3.75,0,0,0,2,9067.0048828125,147.4199981689453,0.5055633783340454,0.40700000524520874,0.8769999742507935,0.6365755796432495,1.0801630020141602,Mississippi-Musgrove,5.0000457763671875,9.112507820129395,0.45102670788764954,0.7049180269241333,0,0,24,0,4,19,3,16.254528045654297,1
7,5,5,0,2,0,0,MS,2003,0.8429999947547913,0.8429999947547913,0.9860000014305115,0.6340007185935974,1,0,1,0,3.625,0,0,0,3.890000104904175,9067.0048828125,150,0.5055633783340454,0.40700000524520874,0.9144999980926514,NA,1.0801630020141602,Mississippi-Musgrove,5.017280101776123,9.112507820129395,0.4386756122112274,0.6721311211585999,0,0,24,0,2,19,4,16.30826187133789,1
10,9,9,0,1,0,0,MS,2004,0.8960000276565552,0.8960000276565552,1.284999966621399,0.6311127543449402,0,1,0,0,3.5,1,1,0,6,9067.0048828125,152.3300018310547,0.5344340205192566,0.5943999886512756,1.090499997138977,0.8385171294212341,0.6840842962265015,Mississippi-Barbour,5.032591819763184,9.112507820129395,0.4824596047401428,0.3442623019218445,0,0,24,0,6,19,1,16.36233139038086,1
18,16,16,0,2,0,0,MS,2005,0.9010000228881836,0.9010000228881836,1.2979999780654907,0.6398202180862427,0,1,0,0,3.5,1,1,0,6.769999980926514,9067.0048828125,154.66000366210938,0.5344340205192566,0.5943999886512756,1.0994999408721924,0.8385171294212341,0.6840842962265015,Mississippi-Barbour,5.047674179077148,9.112507820129395,0.49560219049453735,0.3852458894252777,0,0,24,0,1,19,2,16.393577575683594,1
4,3,3,0,1,0,0,MS,2006,0.925000011920929,0.925000011920929,1.4240000247955322,0.6362851858139038,0,1,0,0,3.5,1,1,0,4.409999847412109,9067.0048828125,156.99000549316406,0.5344340205192566,0.5943999886512756,1.1744999885559082,0.4339652955532074,0.6143990755081177,Mississippi-Barbour,5.0625319480896,9.112507820129395,0.48580360412597656,0.3852458894252777,0,0,24,0,1,19,3,16.4934024810791,1
12,7,7,0,5,0,0,MS,2007,0.925000011920929,0.925000011920929,1.4199999570846558,0.641185462474823,1,1,0,0,3.5,1,0,0,6.130000114440918,9067.0048828125,159.32000732421875,0.5344340205192566,0.5943999886512756,1.1725000143051147,0.4339652955532074,0.6143990755081177,Mississippi-Barbour,5.077171802520752,9.112507820129395,0.4876568019390106,0.3934426009654999,0,0,24,0,3,19,4,16.642772674560547,1
4,2,2,0,2,0,0,MS,2008,1.1440000534057617,1.1440000534057617,1.3079999685287476,0.6617583632469177,0,1,0,1,3.5,1,1,0,4.650000095367432,9067.0048828125,161.64999389648438,0.5790113210678101,0.5616999864578247,1.2259999513626099,0.8318321704864502,0.9233375191688538,Mississippi-Barbour,5.091599941253662,9.112507820129395,0.4690623879432678,0.3852458894252777,0,0,24,0,0,19,5,16.635509490966797,1
16,13,13,0,3,0,0,MS,2009,1.152999997138977,1.152999997138977,1.3079999685287476,0.6604059934616089,0,1,0,1,3.5,1,1,0,-0.9700000286102295,9067.0048828125,164,0.5790113210678101,0.5616999864578247,1.2304999828338623,0.8318321704864502,0.9233375191688538,Mississippi-Barbour,5.105946063995361,9.112507820129395,0.40384870767593384,0.3934426009654999,0,0,24,0,8,19,6,16.658227920532227,1
10,6,6,0,4,0,0,MS,2010,1.152999997138977,1.152999997138977,1.3070000410079956,0.6598504781723022,0,1,0,1,3.5,1,1,0,2.3299999237060547,9067.0048828125,166.30999755859375,0.5790113210678101,0.5616999864578247,1.2300000190734863,0.5509554147720337,0.6712620854377747,Mississippi-Barbour,5.119847774505615,9.112507820129395,0.4041096866130829,0.3934426009654999,0,0,24,0,0,19,7,16.677711486816406,1
9,6,6,0,3,0,0,MS,2011,1.1330000162124634,1.1330000162124634,1.3949999809265137,0.6568791270256042,1,1,0,1,3.5,1,1,0,4.659999847412109,9067.0048828125,168.63999938964844,0.5790113210678101,0.5616999864578247,1.2640000581741333,0.5509554147720337,0.6712620854377747,Mississippi-Barbour,5.133677959442139,9.112507820129395,0.40610840916633606,0.4098361134529114,0,0,24,0,2,19,8,16.68035888671875,1
24,10,9,0,14,0,0,MS,2012,1.2799999713897705,1.2799999713897705,1.4739999771118164,0.6891031265258789,0,1,0,0,3.5,0,0,0,4.809999942779541,9067.0048828125,170.97000122070312,0.6102278828620911,0.5529000163078308,1.3769999742507935,1.267590045928955,1.0564500093460083,Mississippi-Phil Bryant,5.147319793701172,9.112507820129395,0.3698197901248932,0.5245900750160217,0,0,24,0,3,19,1,16.670434951782227,1
21,5,4,0,16,1,0,MS,2013,1.2910000085830688,1.2910000085830688,1.475000023841858,0.6900791525840759,0,1,0,0,3.5,0,0,0,2.6500000953674316,9067.0048828125,173.3000030517578,0.6102278828620911,0.5529000163078308,1.3830000162124634,1.267590045928955,1.0564500093460083,Mississippi-Phil Bryant,5.160778045654297,9.112507820129395,0.36561131477355957,0.5163934230804443,0,0,24,0,0,19,2,16.67121696472168,1
14,6,6,0,8,0,0,MS,2014,1.315999984741211,1.315999984741211,1.475000023841858,0.6968622207641602,0,1,0,0,3.5,0,0,0,NA,9067.0048828125,175.6300048828125,0.6102278828620911,0.5529000163078308,1.3954999446868896,1.267590045928955,1.0564500093460083,Mississippi-Phil Bryant,5.1740570068359375,9.112507820129395,0.27733421325683594,0.5327869057655334,0,0,24,0,4,19,3,NA,1
4,1,1,0,3,0,0,MS,2015,NA,NA,NA,NA,1,1,0,0,3.5,0,0,0,NA,10000,177.9600067138672,0.6102278828620911,0.5529000163078308,NA,NA,1.0564500093460083,Mississippi-Phil Bryant,5.187161922454834,9.210440635681152,NA,0.5409836173057556,0,0,24,0,1,19,4,NA,1
45,44,38,4,1,7,0,MO,1993,NA,NA,NA,NA,0,0,1,0,3.7291500568389893,0,0,0,4.630000114440918,20736.240234375,435.5,0.5867856740951538,0.4406999945640564,NA,NA,NA,Missouri-Mel Carnahan,6.078787803649902,9.93968677520752,NA,0.6134970188140869,1,2,25,4,17,13,1,16.10826301574707,1
36,35,30,5,1,5,0,MO,1994,NA,NA,NA,NA,0,0,1,0,3.625,0,0,0,5.929999828338623,20729.890625,449,0.5867856740951538,0.4406999945640564,NA,NA,NA,Missouri-Mel Carnahan,6.109248161315918,9.939379692077637,NA,0.6012269854545593,1,2,25,5,22,13,2,16.17540740966797,1
30,28,28,2,2,1,0,MO,1995,NA,NA,NA,NA,0,0,1,0,3.625,0,0,0,5.079999923706055,20729.890625,462.5,0.5867856740951538,0.4406999945640564,NA,NA,NA,Missouri-Mel Carnahan,6.138805866241455,9.939379692077637,NA,0.5337423086166382,1,2,25,2,17,13,3,16.235944747924805,1
22,20,17,1,2,5,0,MO,1996,1.5019999742507935,1.5019999742507935,1.0019999742507935,0.8898636698722839,1,0,1,0,3.625,0,0,0,5.929999828338623,22044.609375,476,0.5867856740951538,0.47540000081062317,1.2519999742507935,1.0652120113372803,1.0160009860992432,Missouri-Mel Carnahan,6.167517185211182,10.000869750976562,0.4601798951625824,0.5337423086166382,1,2,25,1,7,13,4,16.279455184936523,1
18,15,14,1,1,2,2,MO,1997,1.468999981880188,1.468999981880188,0.9819999933242798,0.8431388735771179,0,0,1,1,3.625,0,0,0,6.230000019073486,22044.609375,453.8599853515625,0.5857295989990234,0.47540000081062317,1.2254999876022339,1.0652120113372803,1.0160009860992432,Missouri-Mel Carnahan,6.11998987197876,10.000869750976562,0.30405229330062866,0.5337423086166382,1,2,25,1,8,13,5,16.386747360229492,1
22,20,17,5,1,3,1,MO,1998,1.468999981880188,1.468999981880188,0.9819999933242798,0.8399484157562256,0,0,1,1,3.625,0,0,0,5.03000020980835,24302.2890625,431.7200012207031,0.5857295989990234,0.47540000081062317,1.2254999876022339,1.3429169654846191,1.379593014717102,Missouri-Mel Carnahan,6.0700907707214355,10.098369598388672,0.29972589015960693,0.5214723944664001,1,2,25,5,8,13,6,16.468141555786133,1
11,9,6,1,1,3,1,MO,1999,1.5490000247955322,1.5490000247955322,0.9860000014305115,0.8485795855522156,0,0,1,1,3.9000000953674316,0,0,0,4.179999828338623,24302.2890625,409.5799865722656,0.5857295989990234,0.47540000081062317,1.2675000429153442,1.3429169654846191,1.379593014717102,Missouri-Mel Carnahan,6.017570972442627,10.098369598388672,0.2662903070449829,0.5337423086166382,1,2,25,1,2,13,7,16.54636001586914,1
23,19,16,1,4,2,0,MO,2000,1.559999942779541,1.559999942779541,0.9860000014305115,0.8536834120750427,1,0,1,1,4.175000190734863,0,0,0,6.989999771118164,24302.2890625,387.44000244140625,0.5857295989990234,0.4708000123500824,1.2730000019073486,1.3437650203704834,1.408890962600708,Missouri-Mel Carnahan,5.962139129638672,10.098369598388672,0.2685661017894745,0.5276073813438416,1,2,25,1,7,13,8,16.5778751373291,1
20,17,16,1,3,3,0,MO,2001,1.6100000143051147,1.6100000143051147,1.1380000114440918,0.8761094808578491,0,0,1,0,4.449999809265137,1,0,0,3.359999895095825,24302.2890625,365.29998779296875,0.5046944618225098,0.4708000123500824,1.3739999532699585,1.3437650203704834,1.408890962600708,Missouri-Roger B. Wilson,5.9034528732299805,10.098369598388672,0.26852279901504517,0.5337423086166382,1,2,25,1,14,13,1,16.65593719482422,1
20,19,14,4,1,4,0,MO,2002,1.6059999465942383,1.6059999465942383,1.1950000524520874,0.876847505569458,0,0,1,0,3.625,1,0,0,2.5299999713897705,28616.380859375,343.1600036621094,0.5046944618225098,0.4708000123500824,1.4005000591278076,1.3403350114822388,1.5549609661102295,Missouri-Bob Holden,5.84110689163208,10.261770248413086,0.267078697681427,0.5337423086166382,1,2,25,4,6,13,1,16.74444580078125,1
27,26,24,1,1,3,0,MO,2003,1.7949999570846558,1.7949999570846558,1.6089999675750732,0.9359133839607239,0,0,1,0,3.6875,1,1,0,4.099999904632568,28616.380859375,321,0.5046944618225098,0.4708000123500824,1.7020000219345093,1.3403350114822388,1.5549609661102295,Missouri-Bob Holden,5.774550914764404,10.261770248413086,0.24917350709438324,0.4478527903556824,1,2,25,1,19,13,2,16.76714515686035,1
28,24,23,3,4,3,0,MO,2004,1.7940000295639038,1.7940000295639038,1.6089999675750732,0.9358224272727966,1,0,1,0,3.75,1,1,0,5.210000038146973,28616.380859375,346.5,0.5046944618225098,0.460999995470047,1.7015000581741333,1.2936749458312988,1.5412449836730957,Missouri-Bob Holden,5.850765228271484,10.261770248413086,0.24799799919128418,0.4478527903556824,1,2,25,3,13,13,3,16.785259246826172,1
47,46,42,5,1,5,0,MO,2005,1.8509999513626099,1.8509999513626099,1.6829999685287476,0.9377272129058838,0,1,0,0,3.75,0,0,0,3.880000114440918,28616.380859375,372,0.5150859355926514,0.5329999923706055,1.7669999599456787,1.2936749458312988,1.5412449836730957,Missouri-Matt Blunt,5.9215779304504395,10.261770248413086,0.24737140536308289,0.5950919985771179,1,2,25,5,19,13,1,16.844514846801758,1
50,48,45,7,2,4,0,MO,2006,1.850000023841858,1.850000023841858,1.7719999551773071,0.9344276189804077,0,1,0,0,3.75,0,0,0,6.170000076293945,28425.970703125,397.5,0.5150859355926514,0.5329999923706055,1.8109999895095825,1.250656008720398,1.6061450242996216,Missouri-Matt Blunt,5.98770809173584,10.25508975982666,0.25363001227378845,0.5889570713043213,1,2,25,9,20,13,2,16.893802642822266,1
39,37,31,7,2,8,0,MO,2007,1.8389999866485596,1.8389999866485596,1.7719999551773071,0.9526152610778809,0,1,0,0,3.75,0,0,0,4.909999847412109,28425.970703125,423,0.5150859355926514,0.5329999923706055,1.8055000305175781,1.250656008720398,1.6061450242996216,Missouri-Matt Blunt,6.049734115600586,10.25508975982666,0.24623920023441315,0.5644171833992004,1,2,25,8,12,13,3,16.92641830444336,1
40,37,33,6,3,6,0,MO,2008,1.8259999752044678,1.8259999752044678,1.694000005722046,0.9512453079223633,1,1,0,0,3.75,0,0,0,5,28425.970703125,448.5,0.5150859355926514,0.4936000108718872,1.7599999904632568,1.4592479467391968,1.655418038368225,Missouri-Matt Blunt,6.108136177062988,10.25508975982666,0.25178688764572144,0.5644171833992004,1,2,25,9,7,13,4,16.9776611328125,1
29,28,25,3,1,4,0,MO,2009,NA,NA,NA,NA,0,0,1,0,3.75,1,1,0,-2.2200000286102295,32564.150390625,474,0.5966013073921204,0.49230000376701355,NA,1.4592479467391968,1.655418038368225,Missouri-Jay Nixon,6.1633148193359375,10.390999794006348,NA,0.4539876878261566,1,2,25,4,12,13,1,17.02713394165039,1
27,27,25,1,0,2,0,MO,2010,NA,NA,NA,NA,0,0,1,0,3.75,1,1,0,1.3700000047683716,32564.150390625,499.5,0.5966013073921204,0.49230000376701355,NA,1.3788750171661377,1.8375550508499146,Missouri-Jay Nixon,6.2156081199646,10.390999794006348,NA,0.4539876878261566,1,2,25,2,19,13,2,17.065675735473633,1
25,25,23,2,0,2,0,MO,2011,NA,NA,NA,NA,0,0,1,0,3.75,1,1,0,4,32564.150390625,525,0.5966013073921204,0.49230000376701355,NA,1.3788750171661377,1.8375550508499146,Missouri-Jay Nixon,6.26530122756958,10.390999794006348,NA,0.3496932089328766,1,2,25,6,0,13,3,17.06482696533203,1
12,10,9,2,2,3,0,MO,2012,NA,NA,1.9950000047683716,NA,1,0,1,0,3.75,1,1,0,3.240000009536743,32564.150390625,550.5,0.5966013073921204,0.44279998540878296,1.9950000047683716,1.4549410343170166,1.7224329710006714,Missouri-Jay Nixon,6.3126420974731445,10.390999794006348,NA,0.34355831146240234,1,2,25,3,1,13,4,17.105043411254883,1
14,13,12,5,1,2,0,MO,2013,NA,NA,1.9950000047683716,NA,0,0,1,1,3.75,1,1,1,2.3299999237060547,32564.150390625,576,0.5628769397735596,0.44279998540878296,1.9950000047683716,1.4549410343170166,1.7224329710006714,Missouri-Jay Nixon,6.357841968536377,10.390999794006348,NA,0.3251534104347229,1,2,25,5,3,13,5,17.075105667114258,1
15,13,12,5,2,1,0,MO,2014,NA,NA,2.055999994277954,NA,0,0,1,1,3.75,1,1,0,NA,32564.150390625,601.5,0.5628769397735596,0.44279998540878296,2.055999994277954,1.4549410343170166,1.7224329710006714,Missouri-Jay Nixon,6.401088237762451,10.390999794006348,NA,0.3190183937549591,1,2,25,6,5,13,6,NA,1
11,9,9,3,2,0,0,MO,2015,NA,NA,NA,NA,0,0,1,1,3.75,1,1,1,NA,35915,627,0.5628769397735596,0.44279998540878296,NA,NA,1.7224329710006714,Missouri-Jay Nixon,6.442540168762207,10.488940238952637,NA,0.269938588142395,1,2,25,3,2,13,7,NA,1
30,30,19,8,0,0,0,MT,2000,1.4880000352859497,1.4880000352859497,1.5210000276565552,0.9097472429275513,1,1,0,1,3.674999952316284,0,0,0,6.900000095367432,2380.99609375,120.72000122070312,0.7916776537895203,0.5843999981880188,1.5045000314712524,1.702631950378418,1.8933629989624023,Montana-Marc Racicot,4.801723003387451,7.775693893432617,0.4577856957912445,0.5899999737739563,1,2,26,8,4,13,8,15.016945838928223,1
23,23,14,5,0,0,0,MT,2001,1.694000005722046,1.694000005722046,1.527999997138977,0.8967518210411072,0,1,0,0,3.700000047683716,0,0,0,5.28000020980835,2438.117919921875,121.1500015258789,0.5198923349380493,0.5843999981880188,1.6109999418258667,1.702631950378418,1.8933629989624023,Montana-Judy Martz,4.80525016784668,7.799392223358154,0.3164817988872528,0.5799999833106995,1,2,26,5,8,13,1,15.101823806762695,1
20,20,12,1,0,0,0,MT,2002,1.694000005722046,1.694000005722046,1.527999997138977,0.8967518210411072,0,1,0,0,3.625,0,0,0,2.700000047683716,2931.363037109375,121.58000183105469,0.5198923349380493,0.5843999981880188,1.6109999418258667,1.9925919771194458,2.0127780437469482,Montana-Judy Martz,4.8087639808654785,7.9835638999938965,0.3164817988872528,0.5799999833106995,1,2,26,1,9,13,2,15.146477699279785,1
24,24,12,3,0,0,0,MT,2003,1.7070000171661377,1.7070000171661377,1.5390000343322754,0.9194520711898804,0,1,0,0,3.6875,0,0,0,6.260000228881836,2931.363037109375,122,0.5198923349380493,0.5843999981880188,1.6230000257492065,1.9925919771194458,2.0127780437469482,Montana-Judy Martz,4.812183856964111,7.9835638999938965,0.2952977120876312,0.5299999713897705,1,2,26,3,7,13,3,15.180868148803711,1
11,11,5,2,0,0,0,MT,2004,1.7070000171661377,1.7070000171661377,1.5390000343322754,0.9194520711898804,1,1,0,0,3.75,0,0,0,6.739999771118164,2931.363037109375,122.83000183105469,0.5198923349380493,0.5906999707221985,1.6230000257492065,1.9106190204620361,2.076688051223755,Montana-Judy Martz,4.818910121917725,7.9835638999938965,0.2952977120876312,0.5299999713897705,1,2,26,2,3,13,4,15.231346130371094,1
24,24,19,10,0,0,0,MT,2005,1.8350000381469727,1.8350000381469727,1.7200000286102295,0.9624204635620117,0,0,1,0,3.75,1,0,0,6.019999980926514,3760.993896484375,123.66000366210938,0.522892951965332,0.3856000006198883,1.777500033378601,1.9106190204620361,2.076688051223755,Montana-Brian Schweitzer,4.825590133666992,8.232704162597656,0.2540017068386078,0.5,1,2,26,10,7,13,1,15.257633209228516,1
15,15,10,5,0,1,0,MT,2006,1.8350000381469727,1.8350000381469727,1.7200000286102295,0.9624204635620117,0,0,1,0,3.75,1,0,0,8.109999656677246,3760.993896484375,124.48999786376953,0.522892951965332,0.3856000006198883,1.777500033378601,2.141221046447754,2.1880691051483154,Montana-Brian Schweitzer,4.832225799560547,8.232704162597656,0.2540017068386078,0.5,1,2,26,5,4,13,2,15.338003158569336,1
26,26,18,7,0,1,0,MT,2007,1.88100004196167,1.88100004196167,1.8309999704360962,1.027389645576477,0,0,1,0,3.75,1,0,0,7.369999885559082,3373.8330078125,125.31999969482422,0.522892951965332,0.3856000006198883,1.8559999465942383,2.141221046447754,2.1880691051483154,Montana-Brian Schweitzer,4.8388190269470215,8.124100685119629,0.3940970003604889,0.49000000953674316,1,2,26,7,5,13,3,15.403979301452637,1
15,15,12,6,0,0,0,MT,2008,1.88100004196167,1.88100004196167,1.8309999704360962,1.027389645576477,1,0,1,0,3.75,1,0,0,5.28000020980835,3373.8330078125,126.1500015258789,0.522892951965332,0.47110000252723694,1.8559999465942383,2.0095369815826416,2.1810131072998047,Montana-Brian Schweitzer,4.845366954803467,8.124100685119629,0.3940970003604889,0.49000000953674316,1,2,26,6,4,13,4,15.506253242492676,1
13,13,9,7,0,0,0,MT,2009,NA,1.9759999513626099,NA,NA,0,0,1,1,3.75,1,0,0,-2.2699999809265137,3372.01904296875,127,0.6677983999252319,0.47110000252723694,NA,2.0095369815826416,2.1810131072998047,Montana-Brian Schweitzer,4.852029800415039,8.123563766479492,NA,0.5,1,2,26,7,0,13,5,15.505431175231934,1
10,10,9,6,0,0,0,MT,2010,NA,2.071000099182129,NA,NA,0,0,1,1,3.75,1,0,0,3.490000009536743,3372.01904296875,127.80999755859375,0.6677983999252319,0.47110000252723694,NA,2.0224339962005615,2.1780810356140137,Montana-Brian Schweitzer,4.858337879180908,8.123563766479492,NA,0.5,1,2,26,6,2,13,6,15.608068466186523,1
17,17,13,5,0,0,0,MT,2011,2.1659998893737793,2.1659998893737793,1.9539999961853027,1.0596636533737183,0,0,1,1,3.75,1,1,0,6.889999866485596,3297.669921875,128.63999938964844,0.6677983999252319,0.47110000252723694,2.059999942779541,2.0224339962005615,2.1780810356140137,Montana-Brian Schweitzer,4.864760875701904,8.101273536682129,0.3110935091972351,0.3199999928474426,1,2,26,5,3,13,7,15.620845794677734,1
13,13,11,5,0,0,0,MT,2012,2.1659998893737793,2.1659998893737793,1.9539999961853027,1.0596636533737183,1,0,1,1,3.75,1,1,0,5.789999961853027,3297.669921875,129.47000122070312,0.6677983999252319,0.41659998893737793,2.059999942779541,2.2751619815826416,2.382878065109253,Montana-Brian Schweitzer,4.871142864227295,8.101273536682129,0.3110935091972351,0.3199999928474426,1,2,26,5,1,13,8,15.618264198303223,1
16,15,11,7,1,0,0,MT,2013,2.2820000648498535,2.2820000648498535,1.9609999656677246,1.1267811059951782,0,0,1,0,3.75,1,1,0,2.690000057220459,3297.669921875,130.3000030517578,0.5081350803375244,0.41659998893737793,2.121500015258789,2.2751619815826416,2.382878065109253,Montana-Steve Bullock,4.8774847984313965,8.101273536682129,0.2816295027732849,0.3700000047683716,1,2,26,7,3,13,1,15.617319107055664,1
15,15,12,4,0,0,0,MT,2014,2.2820000648498535,2.2820000648498535,1.9609999656677246,1.1267811059951782,0,0,1,0,3.75,1,1,0,NA,3297.669921875,131.1300048828125,0.5081350803375244,0.41659998893737793,2.121500015258789,2.2751619815826416,2.382878065109253,Montana-Steve Bullock,4.883786201477051,8.101273536682129,0.2816295027732849,0.3799999952316284,1,2,26,4,3,13,2,NA,1
21,20,17,4,0,1,1,MT,2015,NA,NA,NA,NA,0,0,1,0,3.75,1,1,0,NA,NA,131.9600067138672,0.5081350803375244,0.41659998893737793,NA,NA,2.382878065109253,Montana-Steve Bullock,4.890048980712891,NA,NA,0.4099999964237213,1,2,26,4,6,13,3,NA,1
8,8,8,0,0,0,0,NE,1993,NA,NA,NA,NA,0,0,1,0,4,NA,NA,NA,3.2699999809265137,10880.41015625,200.875,0.5034651160240173,0.2939999997615814,NA,NA,NA,Nebraska-Ben Nelson,5.3076491355896,9.294811248779297,NA,NA,0,0,27,0,5,14,3,15.128484725952148,1
7,7,7,0,0,0,0,NE,1994,NA,NA,NA,NA,1,0,1,0,4,NA,NA,NA,6.269999980926514,10880.41015625,201.25,0.5034651160240173,0.2939999997615814,NA,NA,NA,Nebraska-Ben Nelson,5.309504985809326,9.294811248779297,NA,NA,0,0,27,0,3,14,4,15.173103332519531,1
12,12,11,0,0,0,0,NE,1995,NA,NA,NA,NA,0,0,1,1,4,NA,NA,NA,5.679999828338623,10880.41015625,201.625,0.7406299114227295,0.2939999997615814,NA,NA,NA,Nebraska-Ben Nelson,5.311357021331787,9.294811248779297,NA,NA,0,0,27,0,2,14,5,15.200981140136719,1
4,4,4,0,0,0,0,NE,1996,0.4869999885559082,NA,0.4869999885559082,NA,0,0,1,1,4,NA,NA,NA,8.899999618530273,10880.41015625,202,0.7406299114227295,0.34950000047683716,0.4869999885559082,NA,NA,Nebraska-Ben Nelson,5.313206195831299,9.294811248779297,NA,NA,0,0,27,0,1,14,6,15.278782844543457,1
7,7,7,0,0,0,0,NE,1997,0.5040000081062317,NA,0.5040000081062317,NA,0,0,1,1,4,NA,NA,NA,2.9000000953674316,10880.41015625,204.13999938964844,0.7406299114227295,0.34950000047683716,0.5040000081062317,NA,NA,Nebraska-Ben Nelson,5.323692798614502,9.294811248779297,NA,NA,0,0,27,0,3,14,7,15.33008861541748,1
5,5,5,0,0,0,0,NE,1998,0.5199999809265137,NA,0.5199999809265137,NA,1,0,1,1,4,NA,NA,NA,6.940000057220459,10880.41015625,206.27999877929688,0.7406299114227295,0.34950000047683716,0.5199999809265137,NA,NA,Nebraska-Ben Nelson,5.334071159362793,9.294811248779297,NA,NA,0,0,27,0,4,14,8,15.333837509155273,1
4,4,4,0,0,0,0,NE,1999,0.5600000023841858,NA,0.5600000023841858,NA,0,1,0,0,4,NA,NA,NA,4.679999828338623,10880.41015625,208.4199981689453,0.5396924018859863,0.5364999771118164,0.5600000023841858,NA,NA,Nebraska-Mike Johanns,5.344342231750488,9.294811248779297,NA,NA,0,0,27,0,4,14,1,15.41726016998291,1
4,4,4,0,0,0,0,NE,2000,0.6179999709129333,NA,0.6179999709129333,NA,0,1,0,0,4,NA,NA,NA,5.840000152587891,10880.41015625,210.55999755859375,0.5396924018859863,0.6225000023841858,0.6179999709129333,NA,NA,Nebraska-Mike Johanns,5.354508876800537,9.294811248779297,NA,NA,1,1,27,0,2,14,2,15.526895523071289,1
3,2,2,0,1,1,0,NE,2002,0.6679999828338623,NA,0.6679999828338623,NA,1,1,0,0,3.625,NA,NA,NA,2.049999952316284,10880.41015625,214.83999633789062,0.5396924018859863,0.6225000023841858,0.6679999828338623,NA,NA,Nebraska-Mike Johanns,5.374536991119385,9.294811248779297,NA,NA,1,1,27,0,1,14,3,15.643158912658691,1
2,2,2,0,0,0,0,NE,2003,0.7080000042915344,NA,0.7080000042915344,NA,0,1,0,1,3.8125,NA,NA,NA,6.789999961853027,10880.41015625,217,0.7139639854431152,0.6225000023841858,0.7080000042915344,NA,NA,Nebraska-Mike Johanns,5.384494781494141,9.294811248779297,NA,NA,1,1,27,0,1,14,4,15.686355590820312,1
1,1,1,0,0,0,0,NE,2004,0.7310000061988831,NA,0.7310000061988831,NA,0,1,0,1,4,NA,NA,NA,4.170000076293945,10880.41015625,218.8300018310547,0.7139639854431152,0.6589999794960022,0.7310000061988831,NA,NA,Nebraska-Mike Johanns,5.392855167388916,9.294811248779297,NA,NA,1,1,27,0,1,14,5,15.708629608154297,1
8,8,8,0,0,0,0,NE,2005,0.6859999895095825,NA,0.6859999895095825,NA,0,1,0,0,4,NA,NA,NA,3.690000057220459,10880.41015625,220.66000366210938,0.7139639854431152,0.6589999794960022,0.6859999895095825,NA,NA,Nebraska-Dave Heineman,5.401144981384277,9.294811248779297,NA,NA,1,1,27,0,1,14,1,15.75186824798584,1
1,1,1,0,0,0,0,NE,2006,0.6859999895095825,NA,0.6859999895095825,NA,1,1,0,0,4,NA,NA,NA,4.429999828338623,10880.41015625,222.49000549316406,0.7139639854431152,0.6589999794960022,0.6859999895095825,NA,NA,Nebraska-Dave Heineman,5.409367084503174,9.294811248779297,NA,NA,1,1,27,0,0,14,2,15.811284065246582,1
6,6,6,0,0,0,0,NE,2007,0.7699999809265137,NA,0.7699999809265137,NA,0,1,0,0,4,NA,NA,NA,7.46999979019165,10880.41015625,224.32000732421875,0.7500697374343872,0.6589999794960022,0.7699999809265137,NA,NA,Nebraska-Dave Heineman,5.417520999908447,9.294811248779297,NA,NA,1,1,27,0,1,14,3,15.821152687072754,1
4,4,4,0,0,0,0,NE,2008,0.777999997138977,NA,0.777999997138977,NA,0,1,0,0,4,NA,NA,NA,6.159999847412109,10880.41015625,226.14999389648438,0.7500697374343872,0.56529998779296875,0.777999997138977,NA,NA,Nebraska-Dave Heineman,5.4256110191345215,9.294811248779297,NA,NA,1,1,27,0,0,14,4,15.89799690246582,1
1,1,1,0,0,0,0,NE,2012,1.3609999418258667,NA,1.3609999418258667,NA,0,1,0,1,4,NA,0,NA,3.859999895095825,10880.41015625,233.47000122070312,0.7390447854995728,0.5979999899864197,1.3609999418258667,NA,NA,Nebraska-Dave Heineman,5.457327842712402,9.294811248779297,NA,NA,1,1,27,0,0,14,5,15.98888111114502,1
2,2,2,0,0,0,0,NE,2013,1.2339999675750732,NA,1.2339999675750732,NA,0,1,0,1,4,NA,NA,NA,2.9800000190734863,10880.41015625,235.3000030517578,0.7390447854995728,0.5979999899864197,1.2339999675750732,NA,NA,Nebraska-Dave Heineman,5.465102195739746,9.294811248779297,NA,NA,1,1,27,0,0,14,6,16.033021926879883,1
3,3,3,0,0,0,0,NE,2015,NA,NA,NA,NA,0,1,0,0,4,NA,NA,0,NA,12000,238.9600067138672,0.5930038094520569,0.5979999899864197,NA,NA,NA,Nebraska-Pete Ricketts,5.480472087860107,9.392745018005371,NA,NA,1,1,27,0,0,14,1,NA,1
33,21,19,0,12,1,0,NV,2011,1.4670000076293945,1.4670000076293945,1.284999966621399,0.7473049759864807,0,1,0,0,3.125,1,1,0,2.5299999713897705,2932.27001953125,314,0.5618489384651184,0.42649999260902405,1.3760000467300415,0.9088888764381409,1.2328159809112549,Nevada-Brian Sandoval,5.752573013305664,7.983872890472412,0.16146819293498993,0.380952388048172,1,2,28,0,14,4,1,16.11715316772461,0
21,12,11,0,9,1,0,NV,2012,1.4670000076293945,1.4670000076293945,1.284999966621399,0.7473049759864807,0,1,0,0,3.125,1,1,0,3.6700000762939453,2932.27001953125,324.5,0.5618489384651184,0.45680001378059387,1.3760000467300415,0.9787908792495728,1.3634250164031982,Nevada-Brian Sandoval,5.7853617668151855,7.983872890472412,0.16146819293498993,0.380952388048172,1,2,28,0,7,4,2,16.17245864868164,0
27,14,13,0,13,1,0,NV,2013,1.5449999570846558,1.5449999570846558,1.340999960899353,0.7877393960952759,0,1,0,0,3.125,1,1,0,2.9800000190734863,2932.27001953125,335,0.5618489384651184,0.45680001378059387,1.4429999589920044,0.9787908792495728,1.3634250164031982,Nevada-Brian Sandoval,5.817111015319824,7.983872890472412,0.18449519574642181,0.3571428954601288,1,2,28,0,11,4,3,16.18007469177246,0
23,13,12,0,10,1,0,NV,2014,1.527999997138977,1.527999997138977,1.340999960899353,0.7897815704345703,1,1,0,0,3.125,1,1,0,NA,2932.27001953125,345.5,0.5618489384651184,0.45680001378059387,1.434499979019165,0.9787908792495728,1.3634250164031982,Nevada-Brian Sandoval,5.847883224487305,7.983872890472412,0.18550820648670197,0.3571428954601288,1,2,28,0,8,4,4,NA,0
35,23,14,0,12,9,0,NV,2015,NA,NA,NA,NA,0,1,0,1,3.125,0,0,0,NA,3234,356,0.7471831440925598,0.45680001378059387,NA,NA,1.3634250164031982,Nevada-Brian Sandoval,5.8777360916137695,8.08178424835205,NA,0.5952380895614624,1,2,28,0,10,4,5,NA,0
4,4,4,0,0,0,0,NH,1993,NA,NA,NA,NA,0,1,0,0,2.5834999084472656,0,0,0,3.359999895095825,90.67005157470703,131.875,0.5837078094482422,0.3763999938964844,NA,NA,NA,New Hampshire-Stephen Merrill,4.889409065246582,4.518196105957031,NA,0.6499999761581421,1,1,29,0,2,19,1,14.764714241027832,0
3,3,3,0,0,0,0,NH,1994,NA,NA,NA,NA,1,1,0,0,2.5,0,0,0,6.920000076293945,90.67005157470703,134.25,0.5837078094482422,0.3763999938964844,NA,NA,NA,New Hampshire-Stephen Merrill,4.907124996185303,4.518196105957031,NA,0.6499999761581421,1,1,29,0,2,19,2,14.844219207763672,0
1,1,1,0,0,0,0,NH,1995,NA,NA,NA,NA,0,1,0,0,2.5,0,0,1,6.239999771118164,90.67005157470703,136.625,0.7324357032775879,0.3763999938964844,NA,NA,NA,New Hampshire-Stephen Merrill,4.924531936645508,4.518196105957031,NA,0.7124999761581421,1,1,29,0,1,19,3,14.794355392456055,0
4,4,4,0,0,0,0,NH,1996,1.3339999914169312,1.3339999914169312,2.0850000381469727,0.7431432008743286,1,1,0,0,2.5,0,0,1,5.900000095367432,90.67005157470703,139,0.7324357032775879,0.3937000036239624,1.7094999551773071,1.2219890356063843,NA,New Hampshire-Stephen Merrill,4.941641807556152,4.518196105957031,0.3891676068305969,0.7049999833106995,1,1,29,0,4,19,4,14.85970401763916,0
5,4,4,0,1,0,0,NH,1997,1.3700000047683716,1.3700000047683716,2.1559998989105225,0.7496693134307861,0,0,1,0,2.5,1,1,0,7.420000076293945,90.67005157470703,142.7100067138672,0.5914201140403748,0.49320000410079956,1.7630000114440918,1.2219890356063843,NA,New Hampshire-Jeanne Shaheen,4.967796802520752,4.518196105957031,0.3681262135505676,0.36250001192092896,1,1,29,0,4,19,1,14.87727165222168,0
3,3,3,0,0,0,0,NH,1998,1.3519999980926514,1.3519999980926514,2.1559998989105225,0.7402453422546387,1,0,1,0,2.5,1,1,0,8.5,90.67005157470703,146.4199981689453,0.5914201140403748,0.49320000410079956,1.753999948501587,1.4206390380859375,1.761968970298767,New Hampshire-Jeanne Shaheen,4.9932861328125,4.518196105957031,0.3585120141506195,0.3675000071525574,1,1,29,0,3,19,2,14.927196502685547,0
6,6,6,0,0,0,0,NH,1999,1.343999981880188,1.343999981880188,1.7890000343322754,0.732433557510376,0,0,1,0,2.483299970626831,1,0,0,5.480000019073486,90.67005157470703,150.1300048828125,0.6815665364265442,0.49320000410079956,1.566499948501587,1.4206390380859375,1.761968970298767,New Hampshire-Jeanne Shaheen,5.018139839172363,4.518196105957031,0.3378610908985138,0.3824999928474426,1,1,29,0,4,19,3,14.947152137756348,0
8,8,8,0,0,0,0,NH,2000,1.347000002861023,1.347000002861023,2.0220000743865967,0.7286304831504822,1,0,1,0,2.466599941253662,1,0,0,11.479999542236328,90.67005157470703,153.83999633789062,0.6815665364265442,0.46799999475479126,1.684499979019165,1.5397089719772339,1.761968970298767,New Hampshire-Jeanne Shaheen,5.042391777038574,4.518196105957031,0.344970703125,0.3824999928474426,1,1,29,0,7,19,4,15.172494888305664,0
4,4,3,0,0,1,0,NH,2001,1.3890000581741333,1.3890000581741333,2.053999900817871,0.718763530254364,0,0,1,0,2.450000047683716,1,1,0,3.799999952316284,90.67005157470703,157.5500030517578,0.5269027948379517,0.46799999475479126,1.721500039100647,1.5397089719772339,1.761968970298767,New Hampshire-Jeanne Shaheen,5.066070079803467,4.518196105957031,0.32349181175231934,0.35749998688697815,1,1,29,0,2,19,5,15.174036979675293,0
9,8,8,0,1,0,0,NH,2002,1.3899999856948853,1.3899999856948853,2.1530001163482666,0.7220396399497986,1,0,1,0,2.5,1,1,0,1.899999976158142,90.67005157470703,161.25999450683594,0.5269027948379517,0.46799999475479126,1.7714999914169312,1.5713239908218384,1.9329739809036255,New Hampshire-Jeanne Shaheen,5.089200019836426,4.518196105957031,0.2970399856567383,0.35499998927116394,1,1,29,0,5,19,6,15.245028495788574,0
10,10,10,1,0,0,0,NH,2003,1.465000033378601,1.465000033378601,2.003000020980835,0.7371188402175903,0,1,0,0,2.5,0,0,1,2.8299999237060547,90.67005157470703,165,0.6053597331047058,0.48069998621940613,1.7339999675750732,1.5713239908218384,1.9329739809036255,New Hampshire-Craig Benson,5.111988067626953,4.518196105957031,0.3197959065437317,0.7049999833106995,1,1,29,1,9,19,1,15.3397798538208,0
9,8,8,0,1,0,0,NH,2004,1.4570000171661377,1.4570000171661377,2.003000020980835,0.7385340929031372,1,1,0,0,2.5,0,0,1,6.670000076293945,90.67005157470703,162,0.6053597331047058,0.4887000024318695,1.7300000190734863,1.7719260454177856,2.0752739906311035,New Hampshire-Craig Benson,5.09375,4.518196105957031,0.3211708068847656,0.7024999856948853,1,1,29,0,7,19,2,15.389679908752441,0
7,7,7,0,0,0,0,NH,2005,1.4570000171661377,1.4570000171661377,1.9049999713897705,0.7659088373184204,0,0,1,0,2.5,1,1,0,3.440000057220459,90.67005157470703,159,0.5107447504997253,0.5023999810218811,1.680999994277954,1.7719260454177856,2.0752739906311035,New Hampshire-John H. Lynch,5.075173854827881,4.518196105957031,0.3361532986164093,0.3675000071525574,1,1,29,0,5,19,1,15.434904098510742,0
11,11,11,0,0,0,0,NH,2006,1.4529999494552612,1.4529999494552612,1.9049999713897705,0.7693467736244202,1,0,1,0,2.5,1,1,0,6.869999885559082,90.67005157470703,156,0.5107447504997253,0.5023999810218811,1.6790000200271606,1.8677829504013062,2.2021729946136475,New Hampshire-John H. Lynch,5.056245803833008,4.518196105957031,0.3406772017478943,0.3725000023841858,1,1,29,0,5,19,2,15.46650505065918,0
3,3,3,0,0,0,0,NH,2007,1.4919999837875366,1.4919999837875366,1.9140000343322754,0.7766392230987549,0,0,1,0,2.5,0,0,0,4.46999979019165,90.67005157470703,153,0.7412523031234741,0.5023999810218811,1.7029999494552612,1.8677829504013062,2.2021729946136475,New Hampshire-John H. Lynch,5.036952018737793,4.518196105957031,0.26705801486968994,0.5975000262260437,1,1,29,0,3,19,3,15.498559951782227,0
12,12,12,0,0,0,0,NH,2008,1.503999948501587,1.503999948501587,1.9140000343322754,0.7802481055259705,1,0,1,0,2.5,0,0,0,2.549999952316284,90.67005157470703,150,0.7412523031234741,0.5412999987602234,1.7089999914169312,1.8992199897766113,2.2687458992004395,New Hampshire-John H. Lynch,5.017280101776123,4.518196105957031,0.25964730978012085,0.5924999713897705,1,1,29,0,8,19,4,15.551131248474121,0
2,2,2,0,0,0,0,NH,2009,1.5449999570846558,1.5449999570846558,1.871999979019165,0.8081124424934387,0,0,1,0,2.5,0,0,0,-1.3200000524520874,90.67005157470703,147,0.717561662197113,0.5412999987602234,1.7085000276565552,1.8992199897766113,2.2687458992004395,New Hampshire-John H. Lynch,4.997211933135986,4.518196105957031,0.2807736098766327,0.5625,1,1,29,0,2,19,5,15.58140754699707,0
4,4,4,0,0,0,0,NH,2010,1.5540000200271606,1.5540000200271606,1.871999979019165,0.8116571307182312,1,0,1,0,2.5,0,0,0,2.7200000286102295,90.67005157470703,144,0.717561662197113,0.5412999987602234,1.7130000591278076,1.9754829406738281,2.3871350288391113,New Hampshire-John H. Lynch,4.976734161376953,4.518196105957031,0.2806907892227173,0.5625,1,1,29,0,3,19,6,15.664082527160645,0
7,7,6,0,0,0,0,NH,2011,1.5989999771118164,1.5989999771118164,2.2049999237060547,0.772801399230957,0,0,1,0,2.5,1,1,1,5.840000152587891,90.67005157470703,141,0.5389382839202881,0.5412999987602234,1.9019999504089355,1.9754829406738281,2.3871350288391113,New Hampshire-John H. Lynch,4.955827236175537,4.518196105957031,0.2978251874446869,0.2549999952316284,1,1,29,0,3,19,7,15.667983055114746,0
3,3,3,0,0,0,0,NH,2012,1.6050000190734863,1.6050000190734863,2.246999979019165,0.8039200901985168,1,0,1,0,2.5,1,1,1,3.569999933242798,90.67005157470703,138,0.5389382839202881,0.5198000073432922,1.9259999990463257,1.9879529476165771,2.0945329666137695,New Hampshire-John H. Lynch,4.934473991394043,4.518196105957031,0.30805841088294983,0.25999999046325684,1,1,29,0,3,19,8,15.640374183654785,0
9,9,8,2,0,1,0,NH,2013,1.593999981880188,1.593999981880188,1.7289999723434448,0.8753722906112671,0,0,1,0,2.5,1,0,0,2.299999952316284,90.67005157470703,135,0.562250018119812,0.5198000073432922,1.6614999771118164,1.9879529476165771,2.0945329666137695,New Hampshire-Margaret Hassan,4.912654876708984,4.518196105957031,0.34741389751434326,0.5550000071525574,1,1,29,3,5,19,1,15.641257286071777,0
9,9,9,0,0,0,0,NH,2014,1.6150000095367432,1.6150000095367432,1.7289999723434448,0.9178329110145569,1,0,1,0,2.5,1,0,0,NA,90.67005157470703,132,0.562250018119812,0.5198000073432922,1.6720000505447388,1.9879529476165771,2.0945329666137695,New Hampshire-Maggie Hassan,4.8903489112854,4.518196105957031,0.38949719071388245,0.550000011920929,1,1,29,0,7,19,1,NA,0
4,4,4,1,0,0,0,NH,2015,NA,NA,NA,NA,0,0,1,0,2.5,1,1,0,NA,100,129,0.5247858762741089,0.5198000073432922,NA,NA,2.0945329666137695,New Hampshire-Maggie Hassan,4.86753511428833,4.615119934082031,NA,0.4000000059604645,1,1,29,2,2,19,2,NA,0
37,31,30,1,6,1,0,NJ,1993,NA,NA,NA,NA,1,0,1,0,3.875,1,1,1,3.0799999237060547,31734.51953125,1160.550048828125,NA,0.429500013589859,NA,NA,NA,New Jersey-James J. Florio,7.057509899139404,10.365189552307129,NA,0.2750000059604645,0,0,30,2,21,19,4,16.978036880493164,1
31,30,27,2,1,2,0,NJ,1994,NA,NA,NA,NA,0,1,0,0,3.75,0,0,0,3.559999942779541,31734.51953125,1236.6600341796875,0.5053334832191467,0.4058000147342682,NA,NA,NA,New Jersey-Christine Todd Whitman,7.120977878570557,10.365189552307129,NA,0.6625000238418579,1,2,30,3,15,19,1,17.01142120361328,1
15,13,10,2,2,1,0,NJ,1995,NA,NA,NA,NA,0,1,0,0,3.78125,0,0,0,6.369999885559082,31734.51953125,1312.77001953125,0.5053334832191467,0.4058000147342682,NA,NA,NA,New Jersey-Christine Todd Whitman,7.1806559562683105,10.365189552307129,NA,0.6499999761581421,1,2,30,2,8,19,2,17.08414649963379,1
20,15,14,2,5,2,0,NJ,1996,1.024999976158142,1.024999976158142,0.8999999761581421,0.532972514629364,0,1,0,0,3.8125,0,0,0,5.800000190734863,31734.51953125,1465,0.5053334832191467,0.358599990606308,0.9624999761581421,NA,NA,New Jersey-Christine Todd Whitman,7.290293216705322,10.365189552307129,0.15503990650177002,0.625,1,2,30,4,7,19,3,17.074953079223633,1
13,12,11,1,1,1,0,NJ,1997,1.0290000438690186,1.0290000438690186,0.8999999761581421,0.539604902267456,1,1,0,0,3.84375,0,0,0,6.550000190734863,31734.51953125,1428,0.5053334832191467,0.358599990606308,0.9645000100135803,NA,NA,New Jersey-Christine Todd Whitman,7.264729976654053,10.365189552307129,0.10554219782352448,0.625,1,2,30,2,5,19,4,16.953319549560547,1
14,12,9,1,2,4,0,NJ,1998,1.0750000476837158,1.0750000476837158,0.8830000162124634,0.5579010248184204,0,1,0,1,3.875,0,0,0,6.409999847412109,31734.51953125,1391,0.5056719779968262,0.358599990606308,0.9789999723434448,0.8145068287849426,0.8910124897956848,New Jersey-Christine Todd Whitman,7.238496780395508,10.365189552307129,0.12327750027179718,0.6000000238418579,1,2,30,1,6,19,5,17.072608947753906,1
16,15,13,3,1,3,0,NJ,1999,1.0800000429153442,1.0800000429153442,0.8830000162124634,0.5606948137283325,0,1,0,1,3.875,0,0,0,4.610000133514404,31734.51953125,1354,0.5056719779968262,0.358599990606308,0.9815000295639038,0.8145068287849426,0.8910124897956848,New Jersey-Christine Todd Whitman,7.211556911468506,10.365189552307129,0.1215452030301094,0.6000000238418579,1,2,30,4,7,19,6,17.067081451416016,1
13,12,11,2,1,2,0,NJ,2000,1.059999942779541,1.059999942779541,0.8830000162124634,0.5633453726768494,0,1,0,1,3.875,0,0,0,9.960000038146973,31734.51953125,1317,0.5056719779968262,0.40290001034736633,0.9714999794960022,0.8145068287849426,0.8715119957923889,New Jersey-Christine Todd Whitman,7.183870792388916,10.365189552307129,0.12560150027275085,0.5625,1,2,30,2,7,19,7,17.153419494628906,1
17,14,14,3,3,2,0,NJ,2001,1.0670000314712524,1.0670000314712524,0.8830000162124634,0.5624233484268188,1,1,0,0,3.875,0,0,0,3.6500000953674316,31734.51953125,1280,0.5056719779968262,0.40290001034736633,0.9750000238418579,NA,0.8715119957923889,New Jersey-Donald T. DiFrancesco,7.155395984649658,10.365189552307129,0.12375380098819733,0.5625,1,2,30,5,6,19,1,17.232471466064453,1
46,41,38,3,5,3,0,NJ,2002,1.0169999599456787,1.0169999599456787,0.9470000267028809,0.5520835518836975,0,0,1,0,3.875,1,0,0,1.340000033378601,31734.51953125,1243,0.5752116441726685,0.5612999796867371,0.9819999933242798,0.8782848119735718,0.8701626062393188,New Jersey-James E. McGreevey,7.126087188720703,10.365189552307129,0.1607159972190857,0.550000011920929,1,2,30,3,30,19,1,17.310075759887695,1
47,32,31,3,15,1,0,NJ,2003,1.0169999599456787,1.0169999599456787,0.9430000185966492,0.5506536960601807,0,0,1,0,3.875,1,0,0,2.2699999809265137,44428.3203125,1206,0.5752116441726685,0.5612999796867371,0.9800000190734863,0.8782848119735718,0.8701626062393188,New Jersey-James E. McGreevey,7.095892906188965,10.70164966583252,0.15552230179309845,0.5375000238418579,1,2,30,7,18,19,2,17.366844177246094,1
62,27,26,2,35,0,0,NJ,2004,1.003999948501587,1.003999948501587,0.9419999718666077,0.5366679430007935,0,0,1,0,3.875,0,0,0,4.980000019073486,44428.3203125,1161.6700439453125,0.5752116441726685,0.52920001745224,0.9729999899864197,0.9120327234268188,0.970566987991333,New Jersey-Richard J. Codey (Acting Governor),7.058475017547607,10.70164966583252,0.1503347009420395,0.5874999761581421,1,2,30,3,13,19,1,17.468353271484375,1
62,33,32,3,29,2,0,NJ,2005,1.0069999694824219,1.0069999694824219,0.9419999718666077,0.537922739982605,1,0,1,0,3.875,0,0,0,4.079999923706055,44428.3203125,1117.3399658203125,0.5752116441726685,0.52920001745224,0.9745000004768372,0.9120327234268188,0.970566987991333,New Jersey-Richard J. Codey (Acting Governor),7.019600868225098,10.70164966583252,0.15078550577163696,0.5874999761581421,1,2,30,5,10,19,2,17.510631561279297,1
52,29,27,1,23,2,0,NJ,2006,1.031000018119812,1.031000018119812,0.9480000138282776,0.5402055382728577,0,0,1,0,3.875,0,0,0,7.519999980926514,44428.3203125,1073.010009765625,0.5541400909423828,0.52920001745224,0.9894999861717224,0.6366785168647766,0.931829571723938,New Jersey-Jon S. Corzine,6.97915506362915,10.70164966583252,0.15373580157756805,0.612500011920929,0,0,30,2,19,19,1,17.584814071655273,1
45,11,9,1,34,2,0,NJ,2007,1.031000018119812,1.031000018119812,0.9480000138282776,0.5401486754417419,0,0,1,0,3.875,0,0,0,5.46999979019165,44428.3203125,1028.6800537109375,0.5541400909423828,0.52920001745224,0.9894999861717224,0.6366785168647766,0.931829571723938,New Jersey-Jon S. Corzine,6.937003135681152,10.70164966583252,0.15369339287281036,0.612500011920929,0,0,30,2,5,19,2,17.62040901184082,1
35,15,15,1,20,0,0,NJ,2008,1.0299999713897705,1.0299999713897705,0.9940000176429749,0.5375475883483887,0,0,1,0,3.875,0,0,0,2.75,44428.3203125,984.3499755859375,0.5541400909423828,0.571399986743927,1.0119999647140503,0.8727357983589172,1.1261730194091797,New Jersey-Jon S. Corzine,6.892996788024902,10.70164966583252,0.11981180310249329,0.6000000238418579,0,0,30,2,8,19,3,17.661617279052734,1
34,15,15,1,19,0,0,NJ,2009,1.0410000085830688,1.0410000085830688,0.9990000128746033,0.554576575756073,1,0,1,0,3.875,0,0,0,-2.450000047683716,44428.3203125,940,0.5541400909423828,0.571399986743927,1.0199999809265137,0.8727357983589172,1.1261730194091797,New Jersey-Jon S. Corzine,6.846942901611328,10.70164966583252,0.11858829855918884,0.6000000238418579,0,0,30,1,10,19,4,17.691038131713867,1
52,31,29,3,21,1,0,NJ,2010,1.0390000343322754,1.0390000343322754,0.9869999885559082,0.5331519246101379,0,1,0,0,3.875,1,1,0,1.9600000381469727,44428.3203125,895.69000244140625,0.5191660523414612,0.41609999537467957,1.0130000114440918,0.6283634901046753,0.9663571715354919,New Jersey-Chris Christie,6.798709869384766,10.70164966583252,0.1070455014705658,0.4124999940395355,0,0,30,4,22,19,1,17.712390899658203,1
33,13,12,4,20,0,0,NJ,2011,1.0420000553131104,1.0420000553131104,0.9900000095367432,0.5330836772918701,0,1,0,0,3.875,1,1,0,4.929999828338623,44428.3203125,851.3599853515625,0.5191660523414612,0.41609999537467957,1.0160000324249268,0.6283634901046753,0.9663571715354919,New Jersey-Chris Christie,6.748009204864502,10.70164966583252,0.10586729645729065,0.4124999940395355,1,1,30,4,7,19,2,17.70185661315918,1
40,16,15,3,24,0,0,NJ,2012,1.0520000457763672,1.0520000457763672,1.003999948501587,0.5425018072128296,0,1,0,0,3.875,1,1,0,3.450000047683716,44428.3203125,807.030029296875,0.5191660523414612,0.4050000011920929,1.027999997138977,0.6952353119850159,0.9095817804336548,New Jersey-Chris Christie,6.694599151611328,10.70164966583252,0.10808560252189636,0.375,1,1,30,4,2,19,3,17.736698150634766,1
22,12,10,0,10,0,0,NJ,2013,1.0520000457763672,1.0520000457763672,1.003999948501587,0.5389505624771118,1,1,0,0,3.875,1,1,0,2.2300000190734863,44428.3203125,762.70001220703125,0.5191660523414612,0.4050000011920929,1.027999997138977,0.6952353119850159,0.9095817804336548,New Jersey-Chris Christie,6.638175010681152,10.70164966583252,0.12899039685726166,0.4000000059604645,1,1,30,0,6,19,4,17.728578567504883,1
26,21,17,8,5,1,0,NJ,2014,1.0499999523162842,1.0499999523162842,1.0019999742507935,0.5516048669815063,0,1,0,1,3.875,1,1,0,NA,44428.3203125,718.3699951171875,0.6122484803199768,0.4050000011920929,1.0260000228881836,0.6952353119850159,0.9095817804336548,New Jersey-Chris Christie,6.578375816345215,10.70164966583252,0.23318560421466827,0.4000000059604645,1,1,30,8,5,19,5,NA,1
27,9,7,1,18,0,0,NJ,2015,NA,NA,NA,NA,0,1,0,1,3.875,1,1,0,NA,49000,674.03997802734375,0.6122484803199768,0.4050000011920929,NA,NA,0.9095817804336548,New Jersey-Chris Christie,6.514771938323975,10.799599647521973,NA,0.4000000059604645,1,1,30,1,2,19,6,NA,1
78,69,69,12,9,0,0,NM,2011,2.114000082015991,2.114000082015991,1.8530000448226929,1.1112898588180542,0,1,0,0,3.75,1,1,0,5.559999942779541,0,181,0.5337344408035278,0.41780000925064087,1.9835000038146973,1.1195160150527954,1.5712690353393555,New Mexico-Susana Martinez,5.204007148742676,0,0.3495051860809326,0.47142860293388367,0,0,31,12,14,4,1,16.562427520751953,0
39,31,31,6,8,0,0,NM,2012,2.122999906539917,2.122999906539917,1.8509999513626099,1.118699073791504,0,1,0,0,3.75,1,1,0,2.930000066757202,0,185.5,0.5337344408035278,0.4284000098705292,1.9869999885559082,1.305614948272705,1.7244919538497925,New Mexico-Susana Martinez,5.228431224822998,0,0.3495051860809326,0.47142860293388367,0,0,31,6,7,4,2,16.511260986328125,0
35,29,29,6,6,0,0,NM,2013,2.131999969482422,2.131999969482422,1.8530000448226929,1.1447702646255493,0,1,0,0,3.75,1,1,0,1.6699999570846558,0,190,0.5337344408035278,0.4284000098705292,1.9924999475479126,1.305614948272705,1.7244919538497925,New Mexico-Susana Martinez,5.252274036407471,0,0.3646034896373749,0.4571428894996643,0,0,31,6,2,4,3,16.52457618713379,0
18,14,13,2,4,1,0,NM,2014,2.1080000400543213,2.1080000400543213,1.8179999589920044,1.1175898313522339,1,1,0,0,3.75,1,1,0,NA,0,194.5,0.5337344408035278,0.4284000098705292,1.9630000591278076,1.305614948272705,1.7244919538497925,New Mexico-Susana Martinez,5.275559902191162,0,0.3225769102573395,0.47142860293388367,0,0,31,2,0,4,4,NA,0
22,13,13,4,9,0,0,NM,2015,NA,NA,NA,NA,0,1,0,1,3.75,1,0,0,NA,0,199,0.5722311735153198,0.4284000098705292,NA,NA,1.7244919538497925,New Mexico-Susana Martinez,5.298316955566406,0,NA,0.5285714268684387,0,0,31,4,0,4,5,NA,0
24,24,24,1,0,0,0,NY,1993,NA,NA,NA,NA,0,0,1,0,4.4375,1,0,0,2.700000047683716,52135.28125,3505.625,0.7135500907897949,0.49729999899864197,NA,NA,NA,New York-Mario Cuomo,8.162409782409668,10.86161994934082,NA,0.6733332872390747,NA,NA,32,1,21,19,10,17.935483932495117,1
13,13,12,0,0,0,0,NY,1994,NA,NA,NA,NA,1,0,1,0,4.375,1,0,0,3.200000047683716,52135.28125,3490.75,0.7135500907897949,0.49729999899864197,NA,NA,NA,New York-Mario Cuomo,8.158158302307129,10.86161994934082,NA,0.6666666865348816,1,1,32,0,11,19,11,17.986854553222656,1
21,21,19,2,0,1,0,NY,1995,NA,NA,1.4279999732971191,NA,0,1,0,0,4.375,1,0,0,5.510000228881836,52135.28125,3475.875,0.5177212357521057,0.33880001306533813,1.4279999732971191,NA,NA,New York-George Pataki,8.153889656066895,10.86161994934082,NA,0.37333330512046814,1,1,32,2,15,19,1,18.03489875793457,1
33,32,32,4,1,0,0,NY,1996,1.3600000143051147,1.3600000143051147,1.4140000343322754,0.6929042339324951,0,1,0,0,4.375,1,0,0,5.21999979019165,52135.28125,3461,0.5177212357521057,0.3061000108718872,1.3869999647140503,NA,NA,New York-George Pataki,8.149601936340332,10.86161994934082,0.41993850469589233,0.36000001430511475,1,1,32,4,21,19,2,18.047670364379883,1
10,10,10,0,0,0,0,NY,1997,1.3559999465942383,1.3559999465942383,1.3960000276565552,0.6902068257331848,0,1,0,0,4.375,1,0,0,5.630000114440918,52135.28125,3406.139892578125,0.5177212357521057,0.3061000108718872,1.3760000467300415,NA,NA,New York-George Pataki,8.133628845214844,10.86161994934082,0.4298228919506073,0.366666704416275,1,1,32,0,8,19,3,18.06424903869629,1
35,34,34,8,1,0,0,NY,1998,1.3559999465942383,1.3559999465942383,1.3849999904632568,0.6902068257331848,1,1,0,0,4.375,1,0,0,4.889999866485596,52135.28125,3351.280029296875,0.5177212357521057,0.3061000108718872,1.3704999685287476,0.5849863290786743,0.7007774710655212,New York-George Pataki,8.117396354675293,10.86161994934082,0.4298228919506073,0.34666669368743896,1,1,32,8,7,19,4,18.117807388305664,1
18,18,18,12,0,0,0,NY,1999,1.3509999513626099,1.3509999513626099,1.3619999885559082,0.6866805553436279,0,1,0,0,4.2916998863220215,1,0,0,5.289999961853027,52135.28125,3296.419921875,0.620907723903656,0.3061000108718872,1.3565000295639038,0.5849863290786743,0.7007774710655212,New York-George Pataki,8.100895881652832,10.86161994934082,0.4282728135585785,0.34666669368743896,1,1,32,12,6,19,5,18.181413650512695,1
7,7,7,2,0,0,0,NY,2000,1.3600000143051147,1.3600000143051147,1.3259999752044678,0.6870959997177124,0,1,0,0,4.208399772644043,1,0,0,6.889999866485596,72082.6875,3241.56005859375,0.620907723903656,0.3522000014781952,1.343000054359436,0.7284697890281677,0.7814270257949829,New York-George Pataki,8.084118843078613,11.185580253601074,0.4282728135585785,0.34666669368743896,1,1,32,2,5,19,6,18.214529037475586,1
30,30,30,2,0,0,0,NY,2001,1.3279999494552612,1.3279999494552612,1.3220000267028809,0.6858487725257874,0,1,0,0,4.125,1,0,0,3.1500000953674316,72082.6875,3186.699951171875,0.620907723903656,0.3522000014781952,1.3250000476837158,0.7284697890281677,0.7814270257949829,New York-George Pataki,8.067054748535156,11.185580253601074,0.44975531101226807,0.3400000035762787,1,1,32,2,8,19,7,18.306800842285156,1
8,8,8,1,0,0,0,NY,2002,1.3339999914169312,1.3339999914169312,1.3370000123977661,0.6914632320404053,1,1,0,0,4.375,1,0,0,-0.1899999976158142,72082.6875,3131.840087890625,0.620907723903656,0.3522000014781952,1.3355000019073486,0.769554078578949,0.8214944005012512,New York-George Pataki,8.049695014953613,11.185580253601074,0.45032399892807007,0.3400000035762787,1,1,32,1,7,19,8,18.385353088378906,1
13,13,13,3,0,0,0,NY,2003,1.3020000457763672,1.3020000457763672,1.4889999628067017,0.6755005121231079,0,1,0,0,4.375,1,0,0,2.680000066757202,72082.6875,3077,0.5959075093269348,0.3522000014781952,1.3954999446868896,0.769554078578949,0.8214944005012512,New York-George Pataki,8.032034873962402,11.185580253601074,0.43229860067367554,0.31333330273628235,1,1,32,3,6,19,9,18.438520431518555,1
1,1,1,0,0,0,0,NY,2004,1.3020000457763672,1.3020000457763672,1.5889999866485596,0.6751763820648193,0,1,0,0,4.375,1,0,0,6.139999866485596,72082.6875,3010.169921875,0.5959075093269348,0.4007999897003174,1.4455000162124634,0.8931834101676941,0.7654588222503662,New York-George Pataki,8.01008415222168,11.185580253601074,0.4348472058773041,0.31333330273628235,1,1,32,0,1,19,10,18.500415802001953,1
10,10,10,3,0,0,0,NY,2005,1.319000005722046,1.319000005722046,1.4900000095367432,0.6812523007392883,0,1,0,0,4.375,1,0,0,5.489999771118164,72082.6875,2943.340087890625,0.5959075093269348,0.4007999897003174,1.4045000076293945,0.8931834101676941,0.7654588222503662,New York-George Pataki,7.987639904022217,11.185580253601074,0.4343377947807312,0.30666670203208923,1,1,32,3,3,19,11,18.55258560180664,1
10,10,10,3,0,0,0,NY,2006,1.3300000429153442,1.3300000429153442,1.4919999837875366,0.7154176831245422,1,1,0,0,4.375,1,0,0,7.809999942779541,72082.6875,2876.510009765625,0.5959075093269348,0.4007999897003174,1.4110000133514404,0.7838720083236694,0.8638421893119812,New York-George Pataki,7.964681148529053,11.185580253601074,0.4910460114479065,0.30666670203208923,1,1,32,3,4,19,12,18.564781188964844,1
20,20,20,1,0,0,0,NY,2007,1.3049999475479126,1.3049999475479126,1.4249999523162842,0.6688437461853027,0,0,1,0,4.375,1,0,0,7.929999828338623,72082.6875,2809.679931640625,0.7077913284301758,0.5835999846458435,1.3650000095367432,0.7838720083236694,0.8638421893119812,New York-Eliot Spitzer,7.9411821365356445,11.185580253601074,0.4526214897632599,0.699999988079071,1,1,32,1,14,19,1,18.642223358154297,1
16,16,16,1,0,0,0,NY,2008,1.3209999799728394,1.3209999799728394,1.3839999437332153,0.6733944416046143,0,0,1,0,4.375,1,0,0,2.309999942779541,72082.6875,2742.85009765625,0.7077913284301758,0.6287999749183655,1.3524999618530273,0.8802000284194946,0.9839038252830505,New York-George Pataki,7.917117118835449,11.185580253601074,0.4566839039325714,0.7200000286102295,1,1,32,1,13,19,13,18.66910171508789,1
26,25,25,3,1,0,0,NY,2009,1.3009999990463257,1.3009999990463257,1.2970000505447388,0.6763375997543335,0,0,1,0,4.375,0,0,0,-2.2100000381469727,72082.6875,2676,0.7077913284301758,0.6287999749183655,1.2990000247955322,0.8802000284194946,0.9839038252830505,New York-David Paterson,7.892451763153076,11.185580253601074,0.458149790763855,0.7200000286102295,1,1,32,5,11,19,1,18.712604522705078,1
17,17,16,3,0,0,0,NY,2010,1.3009999990463257,1.3009999990463257,1.309000015258789,0.6825548410415649,1,0,1,0,4.375,0,0,0,3.930000066757202,72082.6875,2609.18994140625,0.7077913284301758,0.6287999749183655,1.3049999475479126,0.8132975101470947,0.9925469160079956,New York-David Paterson,7.867177963256836,11.185580253601074,0.4562810957431793,0.699999988079071,1,1,32,8,1,19,2,18.74276351928711,1
37,37,36,5,0,0,0,NY,2011,1.3669999837875366,1.3669999837875366,1.6649999618530273,0.7358626127243042,0,0,1,0,4.375,1,0,0,5.369999885559082,72082.6875,2542.360107421875,0.6528482437133789,0.6287999749183655,1.5160000324249268,0.8132975101470947,0.9925469160079956,New York-David A. Paterson,7.841240882873535,11.185580253601074,0.4178079068660736,0.6600000262260437,1,1,32,5,10,19,1,18.799802780151367,1
45,45,45,4,0,0,0,NY,2012,1.3530000448226929,1.3530000448226929,1.6799999475479126,0.7255553603172302,0,0,1,0,4.375,1,0,0,2.9200000762939453,72082.6875,2475.530029296875,0.6528482437133789,0.6334999799728394,1.5164999961853027,0.9254354238510132,1.1206979751586914,New York-Andrew M. Cuomo,7.8146138191223145,11.185580253601074,0.4227452874183655,0.6600000262260437,1,1,32,4,3,19,1,18.786712646484375,1
33,33,33,2,0,0,0,NY,2013,1.3350000381469727,1.3350000381469727,1.600000023841858,0.7310336828231812,0,0,1,0,4.375,0,0,0,1.9600000381469727,72082.6875,2408.699951171875,0.6528482437133789,0.6334999799728394,1.4674999713897705,0.9254354238510132,1.1206979751586914,New York-Andrew M. Cuomo,7.787258148193359,11.185580253601074,0.42391228675842285,0.7133333086967468,1,1,32,2,2,19,2,18.807302474975586,1
23,23,23,11,0,0,0,NY,2014,1.3220000267028809,1.3220000267028809,1.565999984741211,0.7302137017250061,1,0,1,0,4.375,0,0,0,NA,72082.6875,2341.8701171875,0.6528482437133789,0.6334999799728394,1.444000005722046,0.9254354238510132,1.1206979751586914,New York-Andrew M. Cuomo,7.759131908416748,11.185580253601074,0.42602860927581787,0.6666666865348816,1,1,32,13,2,19,3,NA,1
12,12,12,1,0,0,0,NY,2015,NA,NA,NA,NA,0,0,1,0,4.375,1,0,0,NA,79500,2275.0400390625,0.57384192943573,0.6334999799728394,NA,NA,1.1206979751586914,New York-Andrew M. Cuomo,7.730192184448242,11.283519744873047,NA,0.699999988079071,1,1,32,1,3,19,4,NA,1
36,36,35,0,0,1,0,NC,1993,NA,NA,NA,NA,0,0,1,0,2.625,0,0,1,6.679999828338623,11337.3798828125,149.25,0.549452006816864,0.42649999260902405,NA,NA,NA,North Carolina-James G. Martin,5.01230001449585,9.335948944091797,NA,0.6499999761581421,1,2,33,0,29,20,1,16.556005477905273,1
31,31,28,0,0,2,0,NC,1994,NA,NA,NA,NA,0,0,1,0,2.5,0,0,1,6.480000019073486,11810.6796875,155.5,0.549452006816864,0.42649999260902405,NA,NA,NA,North Carolina-James B. Hunt Jr.,5.053055763244629,9.37684440612793,NA,0.658333420753479,1,1,33,0,22,20,1,16.685819625854492,1
27,26,25,0,1,1,0,NC,1995,1.1749999523162842,1.1749999523162842,1.8819999694824219,0.7159886360168457,0,0,1,0,2.625,1,0,0,7.170000076293945,11810.6796875,161.75,0.549452006816864,0.42649999260902405,1.528499960899353,NA,NA,North Carolina-James B. Hunt Jr.,5.092215061187744,9.37684440612793,0.3814654052257538,0.43333330750465393,1,1,33,0,23,20,2,16.722671508789062,1
13,13,13,0,0,0,0,NC,1996,1.1749999523162842,1.1749999523162842,1.8819999694824219,0.7159886360168457,1,0,1,0,2.75,1,0,0,7.079999923706055,12649.3798828125,168,0.549452006816864,0.44040000438690186,1.528499960899353,1.2113449573516846,0.9808173775672913,North Carolina-James B. Hunt Jr.,5.129899024963379,9.445442199707031,0.3814654052257538,0.43333330750465393,1,1,33,0,5,20,3,16.781320571899414,1
20,20,15,0,0,3,0,NC,1997,1.1710000038146973,1.1710000038146973,1.871999979019165,0.6982595920562744,0,0,1,1,2.875,1,0,0,7.5,12649.3798828125,185.42999267578125,0.5670139193534851,0.44040000438690186,1.5214999914169312,1.2113449573516846,0.9808173775672913,North Carolina-James B. Hunt Jr.,5.228055953979492,9.445442199707031,0.3317655026912689,0.491666704416275,1,1,33,0,7,20,4,16.857866287231445,1
15,14,9,0,1,4,0,NC,1998,1.1710000038146973,1.1710000038146973,1.871999979019165,0.6982595920562744,0,0,1,1,3,1,0,0,7.650000095367432,12649.3798828125,202.86000061035156,0.5670139193534851,0.44040000438690186,1.5214999914169312,1.2093700170516968,1.048980951309204,North Carolina-James B. Hunt Jr.,5.317432880401611,9.445442199707031,0.3317655026912689,0.491666704416275,1,1,33,0,5,20,5,16.936580657958984,1
25,25,23,0,0,2,0,NC,1999,1.215000033378601,1.215000033378601,1.809000015258789,0.7036296129226685,0,0,1,1,3.0999999046325684,0,0,0,5.769999980926514,12649.3798828125,220.2899932861328,0.5670139193534851,0.44040000438690186,1.5119999647140503,1.2093700170516968,1.048980951309204,North Carolina-James B. Hunt Jr.,5.399474143981934,9.445442199707031,0.30199360847473145,0.550000011920929,1,1,33,0,12,20,6,17.01869010925293,1
13,13,8,0,0,1,0,NC,2000,1.215000033378601,1.215000033378601,1.809000015258789,0.7036296129226685,1,0,1,1,3.200000047683716,0,0,0,7.099999904632568,12649.3798828125,237.72000122070312,0.5670139193534851,0.4320000112056732,1.5119999647140503,1.0238159894943237,1.028277039527893,North Carolina-James B. Hunt Jr.,5.475290775299072,9.445442199707031,0.30199360847473145,0.550000011920929,1,1,33,0,1,20,7,17.120262145996094,1
15,14,12,0,0,1,1,NC,2001,1.2350000143051147,1.2350000143051147,1.6770000457763672,0.711801290512085,0,0,1,0,3.299999952316284,0,0,0,3.7899999618530273,12649.3798828125,255.14999389648438,0.5292887091636658,0.4320000112056732,1.4559999704360962,1.0238159894943237,1.028277039527893,North Carolina-Michael Easley,5.54576301574707,9.445442199707031,0.28733229637145996,0.5166667103767395,1,1,33,0,7,20,1,17.177976608276367,1
23,23,19,1,0,3,0,NC,2002,1.2350000143051147,1.2350000143051147,1.6770000457763672,0.711801290512085,0,0,1,0,3.125,0,0,0,1.6299999952316284,12649.3798828125,272.5799865722656,0.5292887091636658,0.4320000112056732,1.4559999704360962,1.1280020475387573,1.0923409461975098,North Carolina-Michael Easley,5.611594200134277,9.445442199707031,0.28733229637145996,0.5166667103767395,1,1,33,1,8,20,2,17.20116424560547,1
16,16,16,1,0,0,0,NC,2003,1.3450000286102295,1.3450000286102295,1.6710000038146973,0.7591428160667419,0,0,1,0,3.125,1,0,0,3.359999895095825,12649.3798828125,290,0.5292887091636658,0.4320000112056732,1.5080000162124634,1.1280020475387573,1.0923409461975098,North Carolina-Michael Easley,5.673323154449463,9.445442199707031,0.4134174883365631,0.5,1,1,33,1,7,20,3,17.230884552001953,1
16,16,14,6,0,0,0,NC,2004,1.3450000286102295,1.3450000286102295,1.6710000038146973,0.7591428160667419,1,0,1,0,3.125,1,0,0,7.409999847412109,12649.3798828125,295.1700134277344,0.5292887091636658,0.4357999861240387,1.5080000162124634,1.1488829851150513,1.0919500589370728,North Carolina-Michael Easley,5.690934181213379,9.445442199707031,0.4134174883365631,0.5083333253860474,1,1,33,6,2,20,4,17.31363296508789,1
26,26,25,5,0,1,0,NC,2005,1.3919999599456787,1.3919999599456787,1.6119999885559082,0.780089259147644,0,0,1,1,3.125,0,0,0,6.650000095367432,12649.3798828125,300.3399963378906,0.5646637082099915,0.4357999861240387,1.5019999742507935,1.1488829851150513,1.0919500589370728,North Carolina-Michael Easley,5.7082390785217285,9.445442199707031,0.30623090267181396,0.5249999761581421,1,1,33,6,10,20,5,17.392059326171875,1
18,18,17,5,0,0,0,NC,2006,1.3919999599456787,1.3919999599456787,1.6119999885559082,0.780089259147644,0,0,1,1,3.125,0,0,0,7.21999979019165,12649.3798828125,305.510009765625,0.5646637082099915,0.4357999861240387,1.5019999742507935,1.219599962234497,1.177459955215454,North Carolina-Michael Easley,5.725249767303467,9.445442199707031,0.30623090267181396,0.5249999761581421,1,2,33,7,3,20,6,17.431270599365234,1
20,20,14,3,0,2,0,NC,2007,1.4010000228881836,1.4010000228881836,1.5490000247955322,0.7841767072677612,0,0,1,1,3.125,0,0,0,6.090000152587891,12649.3798828125,310.67999267578125,0.5646637082099915,0.4357999861240387,1.475000023841858,1.219599962234497,1.177459955215454,North Carolina-Michael Easley,5.741977214813232,9.445442199707031,0.3321045935153961,0.5666667222976685,1,2,33,3,4,20,7,17.497760772705078,1
15,15,15,6,0,0,0,NC,2008,1.3880000114440918,1.3880000114440918,1.5490000247955322,0.7785501480102539,1,0,1,1,3.125,0,0,0,3.990000009536743,12649.3798828125,315.8500061035156,0.5646637082099915,0.4970000088214874,1.468500018119812,1.0989240407943726,1.2176029682159424,North Carolina-Michael Easley,5.758429050445557,9.445442199707031,0.3273616135120392,0.5666667222976685,1,2,33,7,4,20,8,17.555734634399414,1
43,43,42,3,0,1,0,NC,2009,1.4559999704360962,1.4559999704360962,1.5479999780654907,0.799675703048706,0,0,1,0,3.125,0,0,0,-0.75,12649.3798828125,321,0.5174835324287415,0.4970000088214874,1.5019999742507935,1.0989240407943726,1.2176029682159424,North Carolina-Michael Easley,5.774550914764404,9.445442199707031,0.3319809138774872,0.5666667222976685,1,2,33,4,23,20,9,17.56043815612793,1
35,35,34,10,0,0,0,NC,2010,1.5399999618530273,1.5399999618530273,1.5110000371932983,0.8115147948265076,0,0,1,0,3.125,0,0,0,2.690000057220459,12649.3798828125,326.19000244140625,0.5174835324287415,0.4970000088214874,1.5255000591278076,1.476891040802002,1.4050179719924927,North Carolina-Beverly Perdue,5.790541172027588,9.445442199707031,0.341534286737442,0.5666667222976685,1,2,33,10,8,20,1,17.5770320892334,1
34,34,30,7,0,0,0,NC,2011,1.656000018119812,1.656000018119812,1.6050000190734863,0.8557445406913757,0,0,1,0,3.125,1,1,0,3.9700000286102295,12649.3798828125,331.3599853515625,0.5174835324287415,0.4970000088214874,1.6304999589920044,1.476891040802002,1.4050179719924927,North Carolina-Beverly Perdue,5.806219100952148,9.445442199707031,0.21311460435390472,0.43333330750465393,1,1,33,8,7,20,2,17.607288360595703,1
27,27,26,9,0,0,0,NC,2012,1.687999963760376,1.687999963760376,1.6080000400543213,0.8608939051628113,1,0,1,0,3.125,1,1,0,4.889999866485596,12649.3798828125,336.5299987792969,0.5174835324287415,0.48350000381469727,1.6480000019073486,1.4310719966888428,1.5299090147018433,North Carolina-Beverly Perdue,5.821653842926025,9.445442199707031,0.21456019580364227,0.43333330750465393,1,1,33,9,3,20,3,17.640039443969727,1
36,36,33,12,0,1,0,NC,2013,1.7109999656677246,1.7109999656677246,1.5989999771118164,0.8451281189918518,0,1,0,0,3.125,0,0,1,2.440000057220459,12649.3798828125,341.70001220703125,0.5582220554351807,0.5038999915122986,1.6549999713897705,1.4310719966888428,1.5299090147018433,North Carolina-Pat McCrory,5.836854934692383,9.445442199707031,0.2018532007932663,0.6416667103767395,1,2,33,13,11,20,1,17.64638328552246,1
26,26,26,7,0,0,0,NC,2014,1.715999960899353,1.715999960899353,1.6749999523162842,0.8437285423278809,0,1,0,0,3.125,0,0,1,NA,12649.3798828125,346.8699951171875,0.5582220554351807,0.5038999915122986,1.6955000162124634,1.4310719966888428,1.5299090147018433,North Carolina-Pat McCrory,5.8518290519714355,9.445442199707031,0.20018179714679718,0.6416667103767395,1,2,33,9,7,20,2,NA,1
16,16,16,2,0,0,0,NC,2015,NA,NA,NA,NA,0,1,0,0,3.125,0,0,1,NA,13951,352.0400085449219,0.5582220554351807,0.5038999915122986,NA,NA,1.5299090147018433,North Carolina-Pat McCrory,5.866580963134766,9.543377876281738,NA,0.6083332896232605,1,2,33,3,6,20,3,NA,1
5,5,4,0,0,0,0,ND,1998,1.0640000104904175,1.0640000104904175,1.2519999742507935,0.528657078742981,0,1,0,0,3.875,0,0,0,9.670000076293945,3321.243896484375,31.280000686645508,0.6619230508804321,0.46939998865127563,1.1579999923706055,1.869508981704712,1.6439720392227173,North Dakota-Edward T. Schafer,3.4744479656219482,8.10839557647705,0.2478725016117096,0.7244898080825806,1,2,34,0,1,14,5,14.660185813903809,0
9,9,8,2,0,0,0,ND,1999,1.0499999523162842,1.0499999523162842,1.2200000286102295,0.5404061079025269,0,1,0,0,3.941699981689453,0,0,0,0.8600000143051147,3623.175048828125,31.420000076293945,0.6619230508804321,0.46939998865127563,1.1349999904632568,1.869508981704712,1.6439720392227173,North Dakota-Edward T. Schafer,3.478775978088379,8.195382118225098,0.2537531852722168,0.6530612111091614,1,2,34,2,1,14,6,14.715350151062012,0
10,10,10,4,0,0,0,ND,2000,1.0499999523162842,1.0499999523162842,1.2200000286102295,0.5404061079025269,1,1,0,0,4.008399963378906,0,0,0,8.850000381469727,3623.175048828125,31.559999465942383,0.6619230508804321,0.6065999865531921,1.1349999904632568,0.9012143015861511,1.619670033454895,North Dakota-Edward T. Schafer,3.483083963394165,8.195382118225098,0.2537531852722168,0.6428570747375488,1,1,34,4,2,14,7,14.75889778137207,0
8,8,7,2,0,0,0,ND,2001,1.0679999589920044,1.0679999589920044,1.1460000276565552,0.5375458002090454,0,1,0,0,4.074999809265137,0,0,0,2.0399999618530273,2818.02490234375,31.700000762939453,0.5502955913543701,0.6065999865531921,1.1069999933242798,0.9012143015861511,1.619670033454895,North Dakota-John Hoeven,3.487375020980835,7.944146156311035,0.2573336064815521,0.7040817141532898,1,1,34,2,3,14,1,14.798784255981445,0
12,12,12,3,0,0,0,ND,2002,1.0679999589920044,1.0679999589920044,1.1460000276565552,0.5375458002090454,0,1,0,0,4.125,0,0,0,2.0399999618530273,2818.02490234375,31.84000015258789,0.5502955913543701,0.6065999865531921,1.1069999933242798,1.9638890027999878,1.8812270164489746,North Dakota-John Hoeven,3.4916470050811768,7.944146156311035,0.2573336064815521,0.7040817141532898,1,1,34,3,7,14,2,14.849650382995605,0
2,2,2,0,0,0,0,ND,2004,1.0509999990463257,1.0509999990463257,1.128999948501587,0.5291586518287659,1,1,0,0,4.125,0,0,0,1.7599999904632568,3173.451904296875,32,0.5502955913543701,0.628600001335144,1.090000033378601,1.6985770463943481,1.736104965209961,North Dakota-John Hoeven,3.4965078830718994,8.06289005279541,0.2408372014760971,0.7021275758743286,NA,NA,34,0,1,14,3,14.906087875366211,0
13,13,12,5,0,1,0,ND,2005,1.0540000200271606,1.0540000200271606,1.1160000562667847,0.5171488523483276,0,1,0,0,4.125,0,0,1,6.130000114440918,3173.451904296875,32,0.7223337888717651,0.628600001335144,1.0850000381469727,1.6985770463943481,1.736104965209961,North Dakota-John Hoeven,3.4965078830718994,8.06289005279541,0.2601833939552307,0.7127658724784851,1,1,34,5,1,14,4,14.965097427368164,0
9,9,8,3,0,1,0,ND,2006,1.0540000200271606,1.0540000200271606,1.1160000562667847,0.5171488523483276,0,1,0,0,4.125,0,0,1,4.579999923706055,3173.451904296875,32,0.7223337888717651,0.628600001335144,1.0850000381469727,1.9905890226364136,1.8729779720306396,North Dakota-John Hoeven,3.4965078830718994,8.06289005279541,0.2601833939552307,0.7127658724784851,1,1,34,3,2,14,5,15.027530670166016,0
19,19,19,9,0,0,0,ND,2007,1.0529999732971191,1.0529999732971191,1.1319999694824219,0.5394472479820251,0,1,0,0,4.125,0,0,0,10.550000190734863,6006.89111328125,32,0.7223337888717651,0.628600001335144,1.0924999713897705,1.9905890226364136,1.8729779720306396,North Dakota-John Hoeven,3.4965078830718994,8.700830459594727,0.2302536964416504,0.6489362120628357,1,1,34,9,4,14,6,15.051323890686035,0
6,6,6,5,0,0,0,ND,2008,1.0529999732971191,1.0529999732971191,1.1319999694824219,0.5394472479820251,1,1,0,0,4.125,0,0,0,13.979999542236328,6247.1669921875,32,0.7223337888717651,0.531499981880188,1.0924999713897705,1.9761309623718262,2.053395986557007,North Dakota-John Hoeven,3.4965078830718994,8.740043640136719,0.2302536964416504,0.6489362120628357,1,1,34,5,0,14,7,15.147836685180664,0
18,18,16,13,0,0,0,ND,2010,NA,1.066333293914795,NA,NA,0,1,0,0,4.125,0,0,0,9.59000015258789,5113.791015625,32,0.7598387002944946,0.531499981880188,NA,1.8701590299606323,1.9548289775848389,North Dakota-John Hoeven,3.4965078830718994,8.539892196655273,NA,0.6170213222503662,1,1,34,13,0,14,8,15.36062240600586,0
48,45,45,11,3,0,0,ND,2011,1.0729999542236328,1.0729999542236328,1.1419999599456787,0.5222780704498291,0,1,0,0,4.125,0,0,1,10.899999618530273,5636.0498046875,32,0.7598387002944946,0.531499981880188,1.1074999570846558,1.8701590299606323,1.9548289775848389,North Dakota-Jack Darymple,3.4965078830718994,8.637116432189941,0.2514212131500244,0.7340425252914429,1,1,34,12,1,14,1,15.431418418884277,0
11,11,11,3,0,0,0,ND,2012,1.0729999542236328,1.0729999542236328,1.1419999599456787,0.5222780704498291,1,1,0,0,4.125,0,0,1,18.739999771118164,5788.3759765625,32,0.7598387002944946,0.5831999778747559,1.1074999570846558,0.630519688129425,1.9862099885940552,North Dakota-Jack Darymple,3.4965078830718994,8.663780212402344,0.2514212131500244,0.7340425252914429,1,1,34,4,3,14,2,15.57686710357666,0
27,27,27,11,0,0,0,ND,2013,1.1480000019073486,1.1480000019073486,1.1089999675750732,0.5310783982276917,0,1,0,0,4.125,0,0,1,7.570000171661377,5694.0791015625,32,0.6477503180503845,0.5831999778747559,1.128499984741211,0.630519688129425,1.9862099885940552,North Dakota-Jack Darymple,3.4965078830718994,8.647357940673828,0.25437548756599426,0.7553191781044006,1,1,34,11,8,14,3,15.57102108001709,0
15,15,15,6,0,0,0,ND,2014,1.1480000019073486,1.1480000019073486,1.1089999675750732,0.5310783982276917,0,1,0,0,4.125,0,0,1,NA,5875.4189453125,32,0.6477503180503845,0.5831999778747559,1.128499984741211,0.630519688129425,1.9862099885940552,North Dakota-Jack Darymple,3.4965078830718994,8.678703308105469,0.25437548756599426,0.7553191781044006,1,1,34,6,2,14,4,NA,0
40,40,40,0,0,0,0,OH,1999,1.1859999895095825,1.1859999895095825,1.812000036239624,0.6645318269729614,0,1,0,0,4.09375,0,0,0,3.4200000762939453,38468.578125,531.8699951171875,0.5282856225967407,0.41019999980926514,1.4989999532699585,1.4291759729385376,1.3703559637069702,Ohio-Bob Taft,6.2782769203186035,10.55762004852295,0.20632269978523254,0.5959596037864685,1,2,35,0,14,16,1,17.32061004638672,1
26,26,26,0,0,0,0,OH,2000,1.1859999895095825,1.1859999895095825,1.812000036239624,0.6645318269729614,0,1,0,0,4.0625,0,0,0,5.329999923706055,38468.578125,525.15997314453125,0.5282856225967407,0.49970000982284546,1.4989999532699585,1.4190260171890259,1.5889339447021484,Ohio-Bob Taft,6.2656049728393555,10.55762004852295,0.20632269978523254,0.5959596037864685,1,2,35,0,5,16,2,17.403018951416016,1
31,31,31,0,0,0,0,OH,2001,1.4989999532699585,1.4989999532699585,1.659999966621399,0.7964802980422974,0,1,0,0,3.924999952316284,0,0,0,2.9700000286102295,38468.578125,518.45001220703125,0.5282856225967407,0.49970000982284546,1.5794999599456787,1.4190260171890259,1.5889339447021484,Ohio-Bob Taft,6.252769947052002,10.55762004852295,0.3098269999027252,0.5959596037864685,1,2,35,0,5,16,3,17.47996711730957,1
20,20,20,0,0,0,0,OH,2002,1.4989999532699585,1.4989999532699585,1.659999966621399,0.7964802980422974,1,1,0,0,3.875,0,0,0,1.7799999713897705,46852.83984375,511.739990234375,0.5282856225967407,0.49970000982284546,1.5794999599456787,1.388314962387085,1.5735299587249756,Ohio-Bob Taft,6.239768981933594,10.754790306091309,0.3098269999027252,0.5959596037864685,1,2,35,0,3,16,4,17.5617618560791,1
32,32,32,0,0,0,0,OH,2003,1.6050000190734863,1.6050000190734863,1.6430000066757202,0.8187443614006042,0,1,0,1,3.875,0,0,1,2.7899999618530273,46852.83984375,505,0.6012406349182129,0.49970000982284546,1.6239999532699585,1.388314962387085,1.5735299587249756,Ohio-Bob Taft,6.226537227630615,10.754790306091309,0.26226210594177246,0.616161584854126,1,1,35,0,5,16,5,17.613550186157227,1
29,29,29,0,0,0,0,OH,2004,1.6050000190734863,1.6050000190734863,1.6430000066757202,0.8187443614006042,0,1,0,1,3.875,0,0,1,3.8399999141693115,46852.83984375,498.3299865722656,0.6012406349182129,0.5080999732017517,1.6239999532699585,1.5190529823303223,1.642806053161621,Ohio-Bob Taft,6.213266849517822,10.754790306091309,0.26226210594177246,0.6262626051902771,1,1,35,0,3,16,6,17.651281356811523,1
33,33,33,0,0,0,0,OH,2005,1.61899995803833,1.61899995803833,1.659999966621399,0.8445979952812195,0,1,0,1,3.875,0,0,0,3.180000066757202,49815.94140625,491.6600036621094,0.6012406349182129,0.5080999732017517,1.6395000219345093,1.5190529823303223,1.642806053161621,Ohio-Bob Taft,6.199819087982178,10.816109657287598,0.31773170828819275,0.5959596037864685,1,1,35,0,0,16,7,17.71730613708496,1
23,23,23,0,0,0,0,OH,2006,1.61899995803833,1.61899995803833,1.659999966621399,0.8445979952812195,1,1,0,1,3.875,0,0,1,5.25,51011.87890625,484.989990234375,0.6012406349182129,0.5080999732017517,1.6395000219345093,1.53752601146698,1.7181919813156128,Ohio-Bob Taft,6.186188220977783,10.83983039855957,0.31773170828819275,0.616161584854126,1,1,35,0,3,16,8,17.780502319335938,1
42,42,41,0,0,1,0,OH,2007,1.6440000534057617,1.6440000534057617,1.6790000200271606,0.8509304523468018,0,0,1,0,3.875,1,1,0,3.609999895095825,53435.48828125,478.32000732421875,0.6229130625724792,0.4871000051498413,1.6614999771118164,1.53752601146698,1.7181919813156128,Ohio-Ted Strickland,6.172369003295898,10.886249542236328,0.3216620087623596,0.46464648842811584,1,1,35,0,14,16,1,17.803625106811523,1
24,24,24,0,0,0,0,OH,2008,1.6390000581741333,1.6390000581741333,1.718999981880188,0.8391196131706238,0,0,1,0,3.875,1,1,0,2.359999895095825,54931.5390625,471.6499938964844,0.6229130625724792,0.5138000249862671,1.6790000200271606,1.5591440200805664,1.69589102268219,Ohio-Ted Strickland,6.158355236053467,10.913860321044922,0.3290516138076782,0.46464648842811584,1,1,35,0,6,16,2,17.815195083618164,1
25,25,25,0,0,0,0,OH,2009,1.6540000438690186,1.6540000438690186,1.7769999504089355,0.8737159967422485,0,0,1,0,3.875,1,0,0,-2.2899999618530273,54931.5390625,465,0.6229130625724792,0.5138000249862671,1.715499997138977,1.5591440200805664,1.69589102268219,Ohio-Ted Strickland,6.144186019897461,10.913860321044922,0.23992839455604553,0.5353534817695618,1,1,35,0,5,16,3,17.84717559814453,1
17,17,16,0,0,0,0,OH,2010,1.6419999599456787,1.6419999599456787,1.7899999618530273,0.8666444420814514,1,0,1,0,3.875,1,0,0,2.2300000190734863,54931.5390625,458.30999755859375,0.6229130625724792,0.5138000249862671,1.715999960899353,1.561776041984558,1.8236440420150757,Ohio-Ted Strickland,6.129724979400635,10.913860321044922,0.23680700361728668,0.5353534817695618,1,1,35,0,2,16,4,17.865047454833984,1
32,32,32,0,0,0,0,OH,2011,1.6399999856948853,1.6399999856948853,1.8960000276565552,0.8338887095451355,0,1,0,0,3.875,0,0,0,6.590000152587891,54931.5390625,451.6400146484375,0.5104190707206726,0.46799999475479126,1.7680000066757202,1.561776041984558,1.8236440420150757,Ohio-John Kasich,6.1150970458984375,10.913860321044922,0.1721010059118271,0.5959596037864685,1,1,35,0,5,16,1,17.91800308227539,1
19,19,18,0,0,0,0,OH,2012,1.694000005722046,1.694000005722046,1.9390000104904175,0.8654540777206421,0,1,0,0,3.875,0,0,0,3.6500000953674316,54930.640625,444.9700012207031,0.5104190707206726,0.47600001096725464,1.816499948501587,1.7429029941558838,1.8256659507751465,Ohio-John Kasich,6.100252151489258,10.913849830627441,0.1558905988931656,0.5959596037864685,1,1,35,0,5,16,2,17.890216827392578,1
13,13,13,0,0,0,0,OH,2013,1.6239999532699585,1.6239999532699585,1.9429999589920044,0.8364143967628479,0,1,0,0,3.875,0,0,1,2.25,54930.640625,438.29998779296875,0.5104190707206726,0.47600001096725464,1.7834999561309814,1.7429029941558838,1.8256659507751465,Ohio-John Kasich,6.085183143615723,10.913849830627441,0.16275149583816528,0.6060606241226196,1,1,35,0,1,16,3,17.901512145996094,1
7,7,7,0,0,0,0,OH,2014,1.621000051498413,1.621000051498413,1.9429999589920044,0.8269395232200623,1,1,0,0,3.875,0,0,1,NA,54930.640625,431.6300048828125,0.5104190707206726,0.47600001096725464,1.781999945640564,1.7429029941558838,1.8256659507751465,Ohio-John Kasich,6.069882869720459,10.913849830627441,0.16159360110759735,0.6060606241226196,1,1,35,0,2,16,4,NA,1
14,14,12,0,0,0,0,OH,2015,NA,NA,NA,NA,0,1,0,1,3.875,0,0,1,NA,60584,424.9599914550781,0.6583316326141357,0.47600001096725464,NA,NA,1.8256659507751465,Ohio-John Kasich,6.054346084594727,11.011799812316895,NA,0.6565657258033752,1,1,35,0,2,16,5,NA,1
23,16,16,1,7,0,0,OK,1993,NA,NA,NA,NA,0,0,1,0,3.3334999084472656,0,0,1,3.9800000190734863,29014.419921875,226.625,0.6374375820159912,0.3402000069618225,NA,NA,NA,Oklahoma-David Walters,5.427700042724609,10.275580406188965,NA,0.6732673048973083,1,1,36,1,8,18,3,15.769648551940918,1
18,15,15,4,3,0,0,OK,1994,NA,NA,NA,NA,1,0,1,0,3.25,0,0,1,4.480000019073486,29014.419921875,237.75,0.6374375820159912,0.3402000069618225,NA,NA,NA,Oklahoma-David Walters,5.475417137145996,10.275580406188965,NA,0.6930692791938782,1,1,36,4,7,18,4,15.792534828186035,1
40,29,28,2,11,1,0,OK,1995,NA,NA,NA,NA,0,1,0,0,3.25,1,1,0,4.349999904632568,29014.419921875,248.875,0.6127802133560181,0.42649999260902405,NA,NA,NA,Oklahoma-David Walters,5.520960807800293,10.275580406188965,NA,0.3663366138935089,1,1,36,2,17,18,5,15.814041137695312,1
37,24,24,6,13,0,0,OK,1996,1.2039999961853027,1.2039999961853027,1.1950000524520874,0.6506940722465515,0,1,0,0,3.25,1,1,0,5.880000114440918,29014.419921875,260,0.6127802133560181,0.48260000348091125,1.1994999647140503,NA,NA,Oklahoma-Frank Keating,5.564519882202148,10.275580406188965,0.2564673125743866,0.3564356863498688,1,1,36,6,11,18,1,15.883856773376465,1
28,20,19,5,8,1,0,OK,1997,1.2350000143051147,1.2350000143051147,1.194000005722046,0.6609060168266296,0,1,0,0,3.25,1,1,0,5.550000190734863,29014.419921875,266,0.6127802133560181,0.48260000348091125,1.2144999504089355,NA,NA,Oklahoma-Frank Keating,5.587248802185059,10.275580406188965,0.23261189460754395,0.3564356863498688,1,1,36,5,9,18,2,15.930131912231445,1
40,25,21,6,15,3,0,OK,1998,1.2350000143051147,1.2350000143051147,1.194000005722046,0.6609060168266296,1,1,0,0,3.25,1,1,0,6.369999885559082,29014.419921875,272,0.6127802133560181,0.48260000348091125,1.2144999504089355,NA,NA,Oklahoma-Frank Keating,5.609471797943115,10.275580406188965,0.23261189460754395,0.3564356863498688,1,1,36,6,7,18,3,15.978034019470215,1
33,16,16,6,17,0,0,OK,1999,1.1990000009536743,1.1990000009536743,1.2089999914169312,0.6586349606513977,0,1,0,1,3.2249999046325684,1,1,0,4.010000228881836,29014.419921875,278,0.5857111215591431,0.48260000348091125,1.2039999961853027,NA,NA,Oklahoma-Frank Keating,5.63121223449707,10.275580406188965,0.2273990958929062,0.39603960514068604,1,1,36,7,6,18,4,16.040023803710938,1
39,25,23,8,14,0,0,OK,2000,1.1970000267028809,1.1970000267028809,1.2130000591278076,0.654758632183075,0,1,0,1,3.200000047683716,1,1,0,9.40999984741211,34454.62109375,284,0.5857111215591431,0.6031000018119812,1.2050000429153442,0.8510829210281372,0.7828658223152161,Oklahoma-Frank Keating,5.652489185333252,10.447429656982422,0.22751930356025696,0.39603960514068604,1,1,36,8,8,18,5,15.988933563232422,1
38,19,16,5,10,3,9,OK,2001,1.2300000190734863,1.2300000190734863,1.2760000228881836,0.6712029576301575,0,1,0,1,3.174999952316284,1,1,0,7.480000019073486,34454.62109375,290,0.5857111215591431,0.6031000018119812,1.253000020980835,0.8510829210281372,0.7828658223152161,Oklahoma-Frank Keating,5.673323154449463,10.447429656982422,0.2235662043094635,0.47524750232696533,1,1,36,5,6,18,6,16.287750244140625,1
18,11,10,5,7,1,0,OK,2002,1.2369999885559082,1.2369999885559082,1.2450000047683716,0.672743022441864,1,1,0,1,3.375,1,1,0,1.9700000286102295,34817.30078125,296,0.5857111215591431,0.6031000018119812,1.2410000562667847,0.7531896829605103,0.7950063943862915,Oklahoma-Frank Keating,5.693731784820557,10.457900047302246,0.2235662043094635,0.47524750232696533,1,1,36,5,2,18,7,16.373058319091797,1
32,13,13,2,17,0,2,OK,2003,1.2009999752044678,1.2009999752044678,1.2710000276565552,0.6614651679992676,0,0,1,0,3.3125,0,0,0,3.490000009536743,34817.30078125,302,0.50385981798172,0.38429999351501465,1.2359999418258667,0.7531896829605103,0.7950063943862915,Oklahoma-Frank Keating,5.713733196258545,10.457900047302246,0.20982450246810913,0.5247524976730347,1,1,36,2,8,18,8,16.40371322631836,1
39,20,20,4,16,0,3,OK,2004,1.2009999752044678,1.2009999752044678,1.2710000276565552,0.6603401899337769,0,0,1,0,3.25,0,0,0,5.96999979019165,34817.30078125,300.5,0.50385981798172,0.3443000018596649,1.2359999418258667,1.0088139772415161,0.969661295413971,Oklahoma-Brad Henry,5.708769798278809,10.457900047302246,0.20943470299243927,0.5247524976730347,1,2,36,5,10,18,1,16.372220993041992,1
36,20,20,4,16,0,0,OK,2005,1.2480000257492065,1.2480000257492065,1.3220000267028809,0.678065299987793,0,0,1,0,3.25,1,0,0,7.409999847412109,34817.30078125,299,0.50385981798172,0.3443000018596649,1.284999966621399,1.0088139772415161,0.969661295413971,Oklahoma-Brad Henry,5.70378303527832,10.457900047302246,0.14926479756832123,0.43564361333847046,1,2,36,4,12,18,2,16.43122100830078,1
32,14,14,2,18,0,0,OK,2006,1.2480000257492065,1.2480000257492065,1.3300000429153442,0.678065299987793,1,0,1,0,3.25,1,0,0,9.65999984741211,34817.30078125,297.5,0.50385981798172,0.3443000018596649,1.2890000343322754,0.7799224853515625,1.0609999895095825,Oklahoma-Brad Henry,5.698770046234131,10.457900047302246,0.14926479756832123,0.43564361333847046,1,2,36,2,5,18,3,16.507884979248047,1
52,26,26,5,26,0,0,OK,2007,1.3049999475479126,1.3049999475479126,1.2740000486373901,0.694739580154419,0,0,1,1,3.25,1,0,0,3.7899999618530273,34817.30078125,296,0.6650407910346985,0.3443000018596649,1.2894999980926514,0.7799224853515625,1.0609999895095825,Oklahoma-Brad Henry,5.693731784820557,10.457900047302246,0.13988590240478516,0.43564361333847046,1,2,36,6,11,18,4,16.57844352722168,1
49,20,19,7,27,0,2,OK,2008,1.3049999475479126,1.3049999475479126,1.2740000486373901,0.694739580154419,0,0,1,1,3.25,1,0,0,9.6899995803833,34817.30078125,294.5,0.6650407910346985,0.3434999883174896,1.2894999980926514,0.7868028879165649,0.9058722257614136,Oklahoma-Brad Henry,5.688669204711914,10.457900047302246,0.13988590240478516,0.43564361333847046,1,2,36,7,6,18,5,16.660938262939453,1
48,13,13,8,34,0,1,OK,2009,NA,1.3070000410079956,NA,NA,0,0,1,1,3.25,1,1,0,-6.75,34817.30078125,293,0.6650407910346985,0.3434999883174896,NA,0.7868028879165649,0.9058722257614136,Oklahoma-Brad Henry,5.683579921722412,10.457900047302246,NA,0.39603960514068604,1,2,36,9,3,18,6,16.714651107788086,1
51,19,19,8,27,0,5,OK,2010,1.309000015258789,1.309000015258789,NA,0.6742022037506104,1,0,1,1,3.25,1,1,0,4.889999866485596,34817.30078125,291.5,0.6650407910346985,0.3434999883174896,1.309000015258789,1.051679015159607,0.8420994877815247,Oklahoma-Brad Henry,5.678464889526367,10.457900047302246,0.14096130430698395,0.39603960514068604,1,2,36,9,2,18,7,16.772144317626953,1
67,31,31,15,36,0,0,OK,2011,1.3309999704360962,1.3309999704360962,1.281000018119812,0.6509307622909546,0,1,0,0,3.25,0,0,0,9.15999984741211,34817.30078125,290,0.6044896841049194,0.656499981880188,1.305999994277954,1.051679015159607,0.8420994877815247,Oklahoma-Brad Henry,5.673323154449463,10.457900047302246,0.1593783050775528,0.6930692791938782,1,2,36,15,7,18,8,16.76055908203125,1
38,12,12,8,24,0,2,OK,2012,1.3359999656677246,1.3359999656677246,1.2740000486373901,0.6550495028495789,0,1,0,0,3.25,0,0,0,5.110000133514404,34817.30078125,288.5,0.6044896841049194,0.6676999926567078,1.3049999475479126,1.1073100566864014,0.9599993228912354,Oklahoma-Mary Fallin,5.668155193328857,10.457900047302246,0.16166719794273376,0.6831682920455933,1,2,36,8,3,18,1,16.774362564086914,1
56,34,34,11,21,0,1,OK,2013,1.3680000305175781,1.3680000305175781,1.1759999990463257,0.6535139679908752,0,1,0,0,3.25,0,0,1,3.3399999141693115,34817.30078125,287,0.6044896841049194,0.6676999926567078,1.2719999551773071,1.1073100566864014,0.9599993228912354,Oklahoma-Mary Fallin,5.662961006164551,10.457900047302246,0.16294659674167633,0.7128713130950928,1,2,36,11,17,18,2,16.78997230529785,1
26,11,11,6,13,0,2,OK,2014,1.3680000305175781,1.3680000305175781,1.1740000247955322,0.6535139679908752,1,1,0,0,3.25,0,0,1,NA,34817.30078125,285.5,0.6044896841049194,0.6676999926567078,1.2710000276565552,1.1073100566864014,0.9599993228912354,Oklahoma-Mary Fallin,5.657739162445068,10.457900047302246,0.16294659674167633,0.7128713130950928,1,2,36,6,2,18,3,NA,1
63,34,34,11,28,0,1,OK,2015,NA,NA,NA,NA,0,1,0,1,3.25,0,0,1,NA,38400,284,0.57642662525177,0.6676999926567078,NA,NA,0.9599993228912354,Oklahoma-Mary Fallin,5.652489185333252,10.555839538574219,NA,0.7128713130950928,1,2,36,11,15,18,4,NA,1
19,19,19,5,0,0,0,OR,1995,NA,NA,NA,NA,0,0,1,0,3.625,1,1,0,7.639999866485596,11881.400390625,246,0.5457074046134949,0.42480000853538513,NA,0.89994877576828,1.1359339952468872,Oregon-John A. Kitzhaber,5.509387969970703,9.382813453674316,NA,0.43333330750465393,1,1,37,5,12,17,1,16.055288314819336,0
45,45,45,29,0,0,0,OR,1996,NA,NA,NA,NA,0,0,1,0,3.625,1,1,0,7.869999885559082,11892.2802734375,240,0.5457074046134949,0.4715000092983246,NA,1.1317440271377563,1.1831400394439697,Oregon-John A. Kitzhaber,5.48479700088501,9.383728981018066,NA,0.43333330750465393,1,1,37,32,10,17,2,16.080677032470703,0
22,22,22,7,0,0,0,OR,1997,1.1710000038146973,1.1710000038146973,1.4789999723434448,0.75676429271698,0,0,1,0,3.625,1,1,0,6.25,11892.2802734375,231.57000732421875,0.5457074046134949,0.4715000092983246,1.3250000476837158,1.1317440271377563,1.1831400394439697,Oregon-John A. Kitzhaber,5.449191093444824,9.383728981018066,0.3366572856903076,0.4833332896232605,1,1,37,7,7,17,3,16.15416145324707,0
20,20,20,1,0,0,0,OR,1998,1.1710000038146973,1.1710000038146973,1.4789999723434448,0.75676429271698,1,0,1,0,3.625,1,1,0,6.199999809265137,11881.400390625,223.13999938964844,0.5457074046134949,0.4715000092983246,1.3250000476837158,1.0615719556808472,1.1329439878463745,Oregon-John A. Kitzhaber,5.412271022796631,9.382813453674316,0.3366572856903076,0.4833332896232605,1,1,37,1,14,17,4,16.210416793823242,0
20,20,20,5,0,0,0,OR,1999,1.5720000267028809,1.5720000267028809,1.6039999723434448,0.8266475796699524,0,0,1,1,3.6666998863220215,1,1,0,4.570000171661377,11881.400390625,214.7100067138672,0.682225227355957,0.4715000092983246,1.5880000591278076,1.0615719556808472,1.1329439878463745,Oregon-John A. Kitzhaber,5.373935222625732,9.382813453674316,0.30489858984947205,0.4166666865348816,1,1,37,5,6,17,5,16.269567489624023,0
31,31,31,19,0,0,0,OR,2000,1.5720000267028809,1.5720000267028809,1.6039999723434448,0.8266475796699524,0,0,1,1,3.7083399295806885,1,1,0,8.239999771118164,13143.5302734375,206.27999877929688,0.682225227355957,0.46959999203681946,1.5880000591278076,1.5460150241851807,1.0463800430297852,Oregon-John A. Kitzhaber,5.334071159362793,9.483760833740234,0.30489858984947205,0.4166666865348816,1,1,37,19,9,17,6,16.39229965209961,0
24,24,24,14,0,0,0,OR,2001,1.5609999895095825,1.5609999895095825,1.2970000505447388,0.859709620475769,0,0,1,1,3.75,1,1,0,2.7100000381469727,13143.5302734375,197.85000610351562,0.682225227355957,0.46959999203681946,1.4290000200271606,1.5460150241851807,1.0463800430297852,Oregon-John A. Kitzhaber,5.292551040649414,9.483760833740234,0.2825196087360382,0.44999998807907104,1,1,37,14,5,17,7,16.421630859375,0
27,27,27,18,0,0,0,OR,2002,1.5609999895095825,1.5609999895095825,1.2970000505447388,0.859709620475769,1,0,1,1,3.75,1,1,0,1.5800000429153442,13959.5595703125,189.4199981689453,0.682225227355957,0.46959999203681946,1.4290000200271606,1.2026300430297852,1.057134985923767,Oregon-John A. Kitzhaber,5.249231815338135,9.5439910888671875,0.2825196087360382,0.46666669845581055,1,1,37,18,3,17,8,16.515806198120117,0
15,15,15,4,0,0,0,OR,2003,1.590999960899353,1.590999960899353,1.2640000581741333,0.8667814135551453,0,0,1,0,3.75,1,0,0,3.5199999809265137,13959.5595703125,181,0.5150939226150513,0.46959999203681946,1.4275000095367432,1.2026300430297852,1.057134985923767,Oregon-Theodore R. Kulongoski,5.204007148742676,9.5439910888671875,0.2737334072589874,0.4166666865348816,1,1,37,5,4,17,1,16.463821411132812,0
5,5,5,2,0,0,0,OR,2004,1.590999960899353,1.590999960899353,1.2640000581741333,0.8667814135551453,0,0,1,0,3.75,1,0,0,5.46999979019165,13959.5595703125,200.5,0.5150939226150513,0.5134999752044678,1.4275000095367432,1.0056949853897095,1.1459829807281494,Oregon-Theodore R. Kulongoski,5.305788993835449,9.5439910888671875,0.2737334072589874,0.4166666865348816,1,1,37,2,3,17,2,16.479907989501953,0
10,10,10,5,0,0,0,OR,2005,1.6440000534057617,1.6440000534057617,1.2690000534057617,0.8758130669593811,0,0,1,0,3.75,1,0,0,4.25,13959.5595703125,220,0.5150939226150513,0.5134999752044678,1.4565000534057617,1.0056949853897095,1.1459829807281494,Oregon-Theodore R. Kulongoski,5.398162841796875,9.5439910888671875,0.2205556035041809,0.44999998807907104,1,1,37,5,1,17,3,16.55736541748047,0
16,16,16,7,0,0,0,OR,2006,1.6440000534057617,1.6440000534057617,1.2690000534057617,0.8758130669593811,1,0,1,0,3.75,1,0,0,8.15999984741211,14764.7099609375,239.5,0.5150939226150513,0.5134999752044678,1.4565000534057617,1.1279749870300293,1.088271975517273,Oregon-Theodore R. Kulongoski,5.482719898223877,9.60006332397461,0.2205556035041809,0.44999998807907104,1,2,37,8,4,17,4,16.622791290283203,0
27,27,27,7,0,0,0,OR,2007,1.7940000295639038,1.7940000295639038,1.6430000066757202,0.8954561948776245,0,0,1,1,3.75,0,0,0,4.769999980926514,16690.5390625,259,0.5426657795906067,0.5134999752044678,1.718500018119812,1.1279749870300293,1.088271975517273,Oregon-Theodore R. Kulongoski,5.5606818199157715,9.722657203674316,0.30589011311531067,0.5166667103767395,1,2,37,7,8,17,5,16.631118774414062,0
30,30,30,11,0,0,0,OR,2008,1.7580000162124634,1.7580000162124634,1.6430000066757202,0.8944587111473083,0,0,1,1,3.75,0,0,0,4.010000228881836,18028.830078125,278.5,0.5426657795906067,0.5674999952316284,1.7005000114440918,1.0505590438842773,1.0724209547042847,Oregon-Theodore R. Kulongoski,5.633001804351807,9.799782752990723,0.30265501141548157,0.5166667103767395,1,2,37,12,12,17,6,16.710100173950195,0
17,17,17,6,0,0,0,OR,2009,1.6859999895095825,1.6859999895095825,1.437000036239624,0.8586080074310303,0,0,1,1,3.75,0,0,0,-2.0999999046325684,19595.609375,298,0.5426657795906067,0.5674999952316284,1.5614999532699585,1.0505590438842773,1.0724209547042847,Oregon-Theodore R. Kulongoski,5.700444221496582,9.883111953735352,0.2826954126358032,0.6000000238418579,1,2,37,6,6,17,7,16.780189514160156,0
13,13,13,2,0,0,0,OR,2010,1.6859999895095825,1.6859999895095825,1.437000036239624,0.8586080074310303,1,0,1,1,3.75,0,0,0,1.4800000190734863,19595.609375,317.5,0.5426657795906067,0.5674999952316284,1.5614999532699585,1.0721850395202637,1.2741769552230835,Oregon-Theodore R. Kulongoski,5.763621807098389,9.883111953735352,0.2826954126358032,0.6000000238418579,1,2,37,2,6,17,8,16.838850021362305,0
12,12,12,7,0,0,0,OR,2011,1.7719999551773071,1.7719999551773071,1.5700000524520874,0.9229199886322021,0,0,1,0,3.75,1,0,0,6.050000190734863,19595.609375,337,0.5078812837600708,0.5674999952316284,1.6710000038146973,1.0721850395202637,1.2741769552230835,Oregon-John A. Kitzhaber,5.8230462074279785,9.883111953735352,0.26758429408073425,0.5,1,2,37,7,4,17,9,16.865245819091797,0
17,17,17,5,0,0,0,OR,2012,1.7719999551773071,1.7719999551773071,1.5700000524520874,0.926234245300293,0,0,1,0,3.75,1,0,0,4.599999904632568,19889.380859375,356.5,0.5078812837600708,0.5424000024795532,1.6710000038146973,1.094040036201477,1.2365469932556152,Oregon-John A. Kitzhaber,5.8791351318359375,9.897991180419922,0.2733123004436493,0.5,1,2,37,6,7,17,10,16.871633529663086,0
14,14,14,8,0,0,0,OR,2013,1.7760000228881836,1.7760000228881836,1.6770000457763672,0.8900758624076843,0,0,1,0,3.75,0,0,0,3.5299999713897705,20183.150390625,376,0.5078812837600708,0.5424000024795532,1.7265000343322754,1.094040036201477,1.2365469932556152,Oregon-John A. Kitzhaber,5.932244777679443,9.912652969360352,0.28578299283981323,0.5666667222976685,1,2,37,8,3,17,11,16.881954193115234,0
4,4,4,0,0,0,0,PA,1993,NA,NA,NA,NA,0,0,1,1,4.1875,0,0,0,3.7799999713897705,42614.9296875,2420.25,0.6765170097351074,0.4514999985694885,NA,NA,NA,Pennsylvania-Robert P. Casey,7.792038917541504,10.659979820251465,NA,0.5172414183616638,1,1,38,0,1,19,6,17.17257308959961,1
5,5,5,0,0,0,0,PA,1994,NA,NA,NA,NA,1,0,1,1,4.125,1,0,0,3.4100000858306885,42614.9296875,2507.5,0.6765170097351074,0.4514999985694885,NA,NA,NA,Pennsylvania-Robert P. Casey,7.827439785003662,10.659979820251465,NA,0.4926108121871948,1,1,38,0,3,19,7,17.299184799194336,1
10,10,10,0,0,0,0,PA,1995,NA,NA,NA,NA,0,1,0,0,4.125,0,0,0,4.579999923706055,42614.9296875,2594.75,0.5323532223701477,0.361299991607666,NA,NA,NA,Pennsylvania-Tom Ridge,7.861630916595459,10.659979820251465,NA,0.5024629831314087,1,1,38,0,5,19,1,17.3199462890625,1
14,14,14,0,0,0,0,PA,1996,1.1039999723434448,1.1039999723434448,1.3849999904632568,0.610439121723175,0,1,0,0,4.125,0,0,0,5.159999847412109,42614.9296875,2682,0.5323532223701477,0.39969998598098755,1.2445000410079956,NA,NA,Pennsylvania-Tom Ridge,7.894690990447998,10.659979820251465,0.2556205987930298,0.5024629831314087,1,1,38,0,6,19,2,17.316123962402344,1
9,9,9,0,0,0,0,PA,1997,1.1019999980926514,1.1019999980926514,1.38100004196167,0.6130236983299255,0,1,0,0,4.125,0,0,0,5.03000020980835,42614.9296875,2719.860107421875,0.5323532223701477,0.39969998598098755,1.2415000200271606,NA,NA,Pennsylvania-Tom Ridge,7.908702850341797,10.659979820251465,0.25592750310897827,0.5123152732849121,1,1,38,0,7,19,3,17.333261489868164,1
4,4,4,0,0,0,0,PA,1998,1.1030000448226929,1.1030000448226929,1.3519999980926514,0.6136637330055237,1,1,0,0,4.125,0,0,0,5.449999809265137,52014.69140625,2757.719970703125,0.5323532223701477,0.39969998598098755,1.2274999618530273,1.1943800449371338,0.8923565745353699,Pennsylvania-Tom Ridge,7.922522068023682,10.859299659729004,0.26065200567245483,0.5123152732849121,1,1,38,0,4,19,4,17.387943267822266,1
5,5,5,0,0,0,0,PA,1999,1.1109999418258667,1.1109999418258667,1.3519999980926514,0.6260824203491211,0,1,0,1,4.099999904632568,0,0,0,4.380000114440918,52014.69140625,2795.580078125,0.6491445302963257,0.39969998598098755,1.2315000295639038,1.1943800449371338,0.8923565745353699,Pennsylvania-Tom Ridge,7.93615198135376,10.859299659729004,0.2784920036792755,0.5073891878128052,1,1,38,0,4,19,5,17.466617584228516,1
2,2,1,0,0,1,0,PA,2000,1.1139999628067017,1.1139999628067017,1.3519999980926514,0.6275439262390137,0,1,0,1,4.074999809265137,0,0,0,7.079999923706055,53718.37890625,2833.43994140625,0.6491445302963257,0.4643000066280365,1.2330000400543213,0.8281797766685486,1.0028949975967407,Pennsylvania-Tom Ridge,7.9496002197265625,10.89153003692627,0.2787151038646698,0.5073891878128052,1,1,38,0,1,19,6,17.551671981811523,1
7,7,7,0,0,0,0,PA,2001,1.1169999837875366,1.1169999837875366,1.2979999780654907,0.636749804019928,0,1,0,1,4.050000190734863,0,0,0,3.440000057220459,53718.37890625,2871.300048828125,0.6491445302963257,0.4643000066280365,1.2074999809265137,0.8281797766685486,1.0028949975967407,Pennsylvania-Tom Ridge,7.9628682136535645,10.89153003692627,0.29015180468559265,0.5123152732849121,1,1,38,0,5,19,7,17.63360023498535,1
14,14,14,0,0,0,0,PA,2002,1.1109999418258667,1.1109999418258667,1.3029999732971191,0.6364278793334961,1,1,0,0,4,0,0,0,2.359999895095825,56114.7890625,2909.159912109375,0.6491445302963257,0.4643000066280365,1.2070000171661377,0.9148309230804443,1.0749980211257935,Pennsylvania-Mark S. Schweiker,7.975963115692139,10.93517017364502,0.28743430972099304,0.5123152732849121,1,1,38,0,10,19,1,17.668787002563477,1
14,14,14,0,0,0,0,PA,2003,1.1230000257492065,1.1230000257492065,1.3420000076293945,0.6431271433830261,0,0,1,0,4,1,1,0,3.259999990463257,56114.7890625,2947,0.5462260842323303,0.5059999823570251,1.2324999570846558,0.9148309230804443,1.0749980211257935,Pennsylvania-Mark S. Schweiker,7.988882064819336,10.93517017364502,0.28838229179382324,0.46305420994758606,1,1,38,0,10,19,2,17.691957473754883,1
13,13,13,0,0,0,0,PA,2004,1.1390000581741333,1.1390000581741333,1.3420000076293945,0.6471094489097595,0,0,1,0,4,1,1,0,5.130000114440918,56114.7890625,292.1700134277344,0.5462260842323303,0.5091999769210815,1.2404999732971191,1.093183994293213,1.092337965965271,Pennsylvania-Edward G. Rendell,5.680753231048584,10.93517017364502,0.28896990418434143,0.46305420994758606,1,2,38,0,10,19,1,17.683753967285156,1
16,16,16,0,0,0,0,PA,2005,1.1419999599456787,1.1419999599456787,1.3420000076293945,0.6484276056289673,0,0,1,0,4,1,1,0,3.9200000762939453,60027.19921875,2937.340087890625,0.5462260842323303,0.5091999769210815,1.2419999837875366,1.093183994293213,1.092337965965271,Pennsylvania-Edward G. Rendell,7.985599994659424,11.002570152282715,0.25395870208740234,0.45812809467315674,1,2,38,0,12,19,2,17.802066802978516,1
13,13,13,0,0,0,0,PA,2006,1.1430000066757202,1.1430000066757202,1.3209999799728394,0.6479621529579163,1,0,1,0,4,1,1,0,6.610000133514404,63148.96875,2932.510009765625,0.5462260842323303,0.5091999769210815,1.2319999933242798,0.9768248200416565,1.2260099649429321,Pennsylvania-Edward G. Rendell,7.983954906463623,11.05327033996582,0.2541466951370239,0.45812809467315674,1,2,38,0,11,19,3,17.83307647705078,1
11,11,11,0,0,0,0,PA,2007,1.190999984741211,1.190999984741211,1.3380000591278076,0.6566141247749329,0,0,1,1,4,1,0,0,5.190000057220459,66744.953125,2927.679931640625,0.603646993637085,0.5091999769210815,1.2645000219345093,0.9768248200416565,1.2260099649429321,Pennsylvania-Edward G. Rendell,7.982306957244873,11.108650207519531,0.17621199786663055,0.5024629831314087,1,2,38,0,5,19,4,17.88447380065918,1
11,11,10,0,0,1,0,PA,2008,1.190999984741211,1.190999984741211,1.3380000591278076,0.6566141247749329,0,0,1,1,4,1,0,0,3.5799999237060547,69057.03125,2922.85009765625,0.603646993637085,0.544700026512146,1.2645000219345093,1.2138819694519043,1.2025539875030518,Pennsylvania-Edward G. Rendell,7.98065710067749,11.1427001953125,0.17621199786663055,0.5024629831314087,1,2,38,0,9,19,5,17.922956466674805,1
3,3,3,0,0,0,0,PA,2009,1.2029999494552612,1.2029999494552612,1.284000039100647,0.6686609983444214,0,0,1,1,4,1,0,0,-0.9399999976158142,71008.25,2918,0.603646993637085,0.544700026512146,1.243499994277954,1.2138819694519043,1.2025539875030518,Pennsylvania-Edward G. Rendell,7.9789958000183105,11.170570373535156,0.17620119452476501,0.5123152732849121,1,2,38,0,2,19,6,17.983911514282227,1
9,9,9,0,0,0,0,PA,2010,1.2009999752044678,1.2009999752044678,1.274999976158142,0.6714262962341309,1,0,1,1,4,1,0,0,2.940000057220459,71008.25,2913.18994140625,0.603646993637085,0.544700026512146,1.2380000352859497,1.011821985244751,1.26174795627594,Pennsylvania-Edward G. Rendell,7.977346897125244,11.170570373535156,0.17557069659233093,0.5073891878128052,1,2,38,0,5,19,7,18.055419921875,1
12,12,12,0,0,0,0,PA,2011,1.246000051498413,1.246000051498413,1.2669999599456787,0.6850745677947998,0,1,0,0,4,0,0,0,5.389999866485596,72185.1484375,2908.360107421875,0.544886589050293,0.4415000081062317,1.256500005722046,1.011821985244751,1.26174795627594,Pennsylvania-Edward G. Rendell,7.9756879806518555,11.187000274658203,0.24129830300807953,0.5517240762710571,1,2,38,0,5,19,8,18.11222267150879,1
17,17,7,0,0,3,0,PA,2012,1.2719999551773071,1.2719999551773071,1.274999976158142,0.6871993541717529,0,1,0,0,4,0,0,0,3.059999942779541,74373.0234375,2903.530029296875,0.544886589050293,0.4657999873161316,1.2734999656677246,1.268692970275879,1.2526730298995972,Pennsylvania-Tom Corbett,7.974027156829834,11.216859817504883,0.2340870052576065,0.5517240762710571,1,2,38,0,4,19,1,18.0810546875,1
3,3,3,0,0,0,0,PA,2013,1.3109999895095825,1.3109999895095825,1.312000036239624,0.692912757396698,0,1,0,0,4,0,0,0,1.9500000476837158,75982.40625,2898.699951171875,0.544886589050293,0.4657999873161316,1.3114999532699585,1.268692970275879,1.2526730298995972,Pennsylvania-Tom Corbett,7.972362995147705,11.238269805908203,0.23032289743423462,0.5418719053268433,1,2,38,0,3,19,2,18.095561981201172,1
6,6,6,0,0,0,0,PA,2014,1.3309999704360962,1.3309999704360962,1.312000036239624,0.6947227120399475,1,1,0,0,4,0,0,0,NA,76173.7265625,2893.8701171875,0.544886589050293,0.4657999873161316,1.3214999437332153,1.268692970275879,1.2526730298995972,Pennsylvania-Tom Corbett,7.9706950187683105,11.240779876708984,0.2308533936738968,0.5467981100082397,1,2,38,0,4,19,3,NA,1
13,13,13,0,0,0,0,PA,2015,NA,NA,NA,NA,0,0,1,0,4,1,1,0,NA,85339,2889.0400390625,0.549321711063385,0.519599974155426,NA,NA,1.2526730298995972,Pennsylvania-Tom Wolf,7.9690260887146,11.354399681091309,NA,0.4088670015335083,1,2,38,0,9,19,1,NA,1
20,19,19,2,0,0,1,RI,1993,NA,NA,NA,NA,0,0,1,0,2.7916500568389893,0,0,1,4.289999961853027,272.01019287109375,192.375,0.6423500180244446,0.47040000557899475,NA,NA,NA,Rhode Island-SUNDLUN,5.2646307945251465,5.609508991241455,NA,0.8500000238418579,0,0,39,4,12,19,3,15.079389572143555,1
20,19,19,2,1,0,0,RI,1994,NA,NA,NA,NA,1,0,1,0,2.75,0,0,1,2.509999990463257,272.01019287109375,200.25,0.6423500180244446,0.47040000557899475,NA,1.229287028312683,1.1726289987564087,Rhode Island-SUNDLUN,5.3045477867126465,5.609508991241455,NA,0.8500000238418579,0,0,39,3,11,19,4,14.937646865844727,1
20,20,19,0,0,1,0,RI,1995,NA,NA,NA,NA,0,1,0,0,2.75,1,1,1,5.420000076293945,272.01019287109375,208.125,0.521051287651062,0.29019999504089355,NA,1.229287028312683,1.1726289987564087,Rhode Island-ALMOND,5.342932224273682,5.609508991241455,NA,0.1599999964237213,0,0,39,0,16,19,1,15.068605422973633,1
20,20,18,3,0,0,0,RI,1996,0.503000020980835,0.503000020980835,0.6869999766349792,0.2715189456939697,0,1,0,0,2.75,1,1,1,3.5899999141693115,272.01019287109375,216,0.521051287651062,0.26820001006126404,0.5950000286102295,1.2793220281600952,1.1831140518188477,Rhode Island-ALMOND,5.379897117614746,5.609508991241455,0.1851194053888321,0.1599999964237213,0,0,39,6,7,19,2,15.039346694946289,1
13,13,10,0,0,1,0,RI,1997,0.5649999976158142,0.5649999976158142,0.47099998593330383,0.27468910813331604,0,1,0,0,2.75,1,1,1,5.889999866485596,272.01019287109375,225,0.521051287651062,0.26820001006126404,0.5180000066757202,1.2793220281600952,1.1831140518188477,Rhode Island-ALMOND,5.420535087585449,5.609508991241455,0.19652220606803894,0.1599999964237213,0,0,39,0,8,19,3,15.031207084655762,1
15,15,13,0,0,2,0,RI,1998,0.5339999794960022,0.5339999794960022,0.48399999737739563,0.2759488821029663,1,1,0,0,2.75,1,1,1,6.909999847412109,9293.6806640625,234,0.521051287651062,0.26820001006126404,0.5090000033378601,0.8703048229217529,1.1048330068588257,Rhode Island-ALMOND,5.459586143493652,9.13719654083252,0.19488780200481415,0.1599999964237213,0,0,39,0,9,19,4,15.043228149414062,1
12,12,11,1,0,1,0,RI,1999,0.503000020980835,0.503000020980835,0.48399999737739563,0.2551164925098419,0,1,0,1,2.891669988632202,1,1,1,4.400000095367432,9293.6806640625,243,0.5474525690078735,0.26820001006126404,0.4934999942779541,0.8703048229217529,1.1048330068588257,Rhode Island-ALMOND,5.497168064117432,9.13719654083252,0.18436789512634277,0.12999999523162842,0,0,39,1,6,19,5,15.131896018981934,1
12,12,9,1,0,3,0,RI,2000,0.5130000114440918,0.5130000114440918,0.4869999885559082,0.2502915859222412,0,1,0,1,3.0333399772644043,1,1,1,7.5,9763.3515625,252,0.5474525690078735,0.3190999925136566,0.5,1.2610520124435425,1.4678289890289307,Rhode Island-ALMOND,5.533390045166016,9.186493873596191,0.18363510072231293,0.11999999731779099,0,0,39,1,6,19,6,15.19864559173584,1
12,12,7,0,0,2,0,RI,2001,0.46299999952316284,0.46299999952316284,0.47999998927116394,0.24873122572898865,0,1,0,1,3.174999952316284,1,1,1,5.170000076293945,9763.3515625,261,0.5474525690078735,0.3190999925136566,0.4715000092983246,1.2610520124435425,1.4678289890289307,Rhode Island-ALMOND,5.568345069885254,9.186493873596191,0.16872839629650116,0.1599999964237213,0,0,39,0,5,19,7,15.333637237548828,1
6,6,4,0,0,1,0,RI,2002,0.4650000035762787,0.4650000035762787,0.47099998593330383,0.2483404129743576,1,1,0,1,3.25,1,1,1,4.300000190734863,10187.6904296875,270,0.5474525690078735,0.3190999925136566,0.46799999475479126,0.873173713684082,1.0515979528427124,Rhode Island-ALMOND,5.602118968963623,9.229033470153809,0.16830690205097198,0.12999999523162842,0,0,39,0,1,19,8,15.392964363098145,1
20,20,19,3,0,1,0,RI,2003,0.5180000066757202,0.5180000066757202,0.3930000066757202,0.2521155774593353,0,1,0,0,3.125,1,1,1,4.590000152587891,10187.6904296875,297,0.5475793480873108,0.3190999925136566,0.4555000066757202,0.873173713684082,1.0515979528427124,Rhode Island-CARCIERI,5.6970930099487305,9.229033470153809,0.1526326984167099,0.14666670560836792,0,0,39,8,10,19,1,15.430232048034668,1
12,12,12,5,0,0,0,RI,2004,0.5049999952316284,0.5049999952316284,0.38100001215934753,0.24712473154067993,0,1,0,0,3,1,1,1,4.760000228881836,10187.6904296875,294.8299865722656,0.5475793480873108,0.38670000433921814,0.4429999887943268,1.1366239786148071,1.283262014389038,Rhode Island-CARCIERI,5.689785003662109,9.229033470153809,0.14666950702667236,0.14666670560836792,0,0,39,5,5,19,2,15.494099617004395,1
20,20,19,3,0,1,0,RI,2005,0.5019999742507935,0.5019999742507935,0.41100001335144043,0.2548874616622925,0,1,0,0,3,1,1,1,2.2899999618530273,11139.7197265625,2926,0.5475793480873108,0.38670000433921814,0.45649999380111694,1.1366239786148071,1.283262014389038,Rhode Island-CARCIERI,7.9817328453063965,9.31836223602295,0.14581149816513062,0.20000000298023224,0,0,39,3,12,19,3,15.577853202819824,1
11,11,10,0,0,0,0,RI,2006,0.5019999742507935,0.5019999742507935,0.41100001335144043,0.2548874616622925,1,1,0,0,3,1,1,1,5.809999942779541,11466.1298828125,290.3999938964844,0.5475793480873108,0.38670000433921814,0.45649999380111694,1.056738018989563,0.9636967778205872,Rhode Island-CARCIERI,5.674696922302246,9.347238540649414,0.14581149816513062,0.20000000298023224,0,0,39,6,2,19,4,15.585715293884277,1
9,9,8,1,0,1,0,RI,2007,0.5019999742507935,0.5019999742507935,0.4869999885559082,0.25441035628318787,0,1,0,1,3,1,1,1,4.53000020980835,11867.7998046875,288.32000732421875,0.5100845694541931,0.38670000433921814,0.4945000112056732,1.056738018989563,0.9636967778205872,Rhode Island-CARCIERI,5.667532920837402,9.3816680908203125,0.1316312998533249,0.1733333021402359,0,0,39,1,3,19,5,15.592047691345215,1
11,11,6,0,0,0,0,RI,2008,0.5170000195503235,0.5170000195503235,0.4690000116825104,0.2595635652542114,0,1,0,1,3,1,1,1,2.359999895095825,11867.7998046875,286.1499938964844,0.5100845694541931,0.350600004196167,0.49300000071525574,1.0278350114822388,1.1849089860916138,Rhode Island-CARCIERI,5.66000509262085,9.3816680908203125,0.13277649879455566,0.1733333021402359,0,0,39,0,3,19,6,15.644637107849121,1
20,20,9,2,0,4,0,RI,2009,0.5950000286102295,0.5950000286102295,0.6230000257492065,0.21185508370399475,0,1,0,1,3,1,1,1,-1.5199999809265137,11867.7998046875,284,0.5100845694541931,0.350600004196167,0.609000027179718,1.0278350114822388,1.1849089860916138,Rhode Island-CARCIERI,5.652489185333252,9.3816680908203125,0.14343279600143433,0.07999999821186066,0,0,39,2,6,19,7,15.601187705993652,1
18,18,10,3,0,2,0,RI,2010,0.5950000286102295,0.5950000286102295,0.6230000257492065,0.21305258572101593,1,1,0,1,3,1,1,1,4.130000114440918,11867.7998046875,281.8299865722656,0.5100845694541931,0.350600004196167,0.609000027179718,1.2743149995803833,1.5590029954910278,Rhode Island-CARCIERI,5.644845962524414,9.3816680908203125,0.144404798746109,0.07999999821186066,0,0,39,3,2,19,8,15.664318084716797,1
11,10,9,1,1,1,0,RI,2011,0.574999988079071,0.574999988079071,0.7269999980926514,0.25722384452819824,0,0,0,0,3,1,1,1,3.559999942779541,12415.4501953125,279.6600036621094,0.5,0.5,0.6510000228881836,1.2743149995803833,1.5590029954910278,Rhode Island-Lincoln Chafee,5.637144088745117,9.426777839660645,0.15564550459384918,NA,0,0,39,1,5,19,1,15.67309284210205,1
9,9,7,2,0,2,0,RI,2012,0.574999988079071,0.574999988079071,0.7269999980926514,0.25722384452819824,0,0,0,0,3,1,1,1,2.7799999713897705,12862.4501953125,277.489990234375,0.5,0.5,0.6510000228881836,1.302564024925232,1.1729400157928467,Rhode Island-Lincoln Chafee,5.629382133483887,9.46214485168457,0.15564550459384918,NA,0,0,39,2,2,19,2,15.699187278747559,1
7,7,6,0,0,1,0,RI,2013,0.6510000228881836,0.6510000228881836,0.5339999794960022,0.24384890496730804,0,0,0,0,3,1,1,1,2.5899999141693115,13274.099609375,275.32000732421875,0.5,0.5,0.5924999713897705,1.302564024925232,1.1729400157928467,Rhode Island-Lincoln Chafee,5.621560096740723,9.493645668029785,0.16672639548778534,NA,0,0,39,0,2,19,3,15.69692325592041,1
4,4,4,0,0,0,0,RI,2014,0.6610000133514404,0.6610000133514404,0.5339999794960022,0.24738171696662903,1,0,1,0,3,0,0,1,NA,13552.4501953125,273.1499938964844,0.4070853888988495,0.6269999742507935,0.5975000262260437,1.302564024925232,1.1729400157928467,Rhode Island-Lincoln Chafee,5.613676071166992,9.514396667480469,0.16980040073394775,0.9200000166893005,0,0,39,0,2,19,4,NA,1
17,16,16,1,1,1,0,RI,2015,NA,NA,NA,NA,0,0,1,0,3,0,0,1,NA,15171,270.9800109863281,0.5290201306343079,0.6269999742507935,NA,NA,1.1729400157928467,Rhode Island-Gina Raimondo,5.605729103088379,9.627206802368164,NA,0.8399999737739563,0,0,39,1,8,19,1,NA,1
31,31,23,1,0,8,0,SC,1993,0.8700000047683716,0.8700000047683716,0.9440000057220459,0.5706091523170471,0,1,0,1,3.0834999084472656,1,1,0,5.110000133514404,9429.685546875,262.25,0.713788628578186,0.48019999265670776,0.9070000052452087,NA,NA,South Carolina-Carroll A. Campbell,5.573103904724121,9.151723861694336,0.39947909116744995,0.4032258093357086,1,1,40,1,20,22,7,15.989489555358887,0
25,24,22,2,1,3,0,SC,1994,0.8700000047683716,0.8700000047683716,0.9440000057220459,0.5706091523170471,1,1,0,1,3,1,1,0,6.090000152587891,9429.685546875,264.5,0.713788628578186,0.48019999265670776,0.9070000052452087,NA,NA,South Carolina-Carroll A. Campbell,5.581614971160889,9.151723861694336,0.39947909116744995,0.41935479640960693,1,1,40,2,13,22,8,16.073429107666016,0
35,33,27,1,2,7,0,SC,1995,1.0080000162124634,1.0080000162124634,0.9139999747276306,0.6016055941581726,0,1,0,0,3.0625,1,0,0,5.840000152587891,9429.685546875,266.75,0.512941300868988,0.48019999265670776,0.9610000252723694,NA,NA,South Carolina-Carroll A. Campbell,5.590054035186768,9.151723861694336,0.20489799976348877,0.5080645084381104,1,1,40,1,17,22,9,16.090246200561523,0
41,39,35,2,1,4,1,SC,1996,1.0850000381469727,1.0850000381469727,0.9440000057220459,0.6162838935852051,0,1,0,0,3.125,1,0,0,6.309999942779541,9429.685546875,269,0.512941300868988,0.49889999628067017,1.0145000219345093,0.49504509568214417,0.7505524158477783,South Carolina-David M. Beasley,5.598422050476074,9.151723861694336,0.20096419751644135,0.524193525314331,1,1,40,3,20,22,1,16.1842098236084,0
39,38,32,0,1,7,0,SC,1997,1.1859999895095825,1.1859999895095825,1.0019999742507935,0.6390872597694397,0,1,0,0,3.1875,1,0,0,6.420000076293945,9429.685546875,265.8599853515625,0.512941300868988,0.49889999628067017,1.093999981880188,0.49504509568214417,0.7505524158477783,South Carolina-David M. Beasley,5.586723804473877,9.151723861694336,0.18158990144729614,0.5645161271095276,1,1,40,0,26,22,2,16.224899291992188,0
30,29,27,1,1,3,0,SC,1998,1.1790000200271606,1.1790000200271606,1.0269999504089355,0.6340956687927246,1,1,0,0,3.25,1,0,0,7.409999847412109,9429.685546875,262.7200012207031,0.512941300868988,0.49889999628067017,1.1030000448226929,0.4795686900615692,0.5646604895591736,South Carolina-David M. Beasley,5.574888229370117,9.151723861694336,0.19953249394893646,0.5725805759429932,1,1,40,2,13,22,3,16.28748893737793,0
65,63,58,2,1,6,1,SC,1999,1.1690000295639038,1.1690000295639038,1.0169999599456787,0.6547867655754089,0,0,1,0,3.2916998863220215,1,0,0,5.440000057220459,9429.685546875,259.5799865722656,0.5407823324203491,0.43849998712539673,1.093000054359436,NA,0.5646604895591736,South Carolina-David M. Beasley,5.562910079956055,9.151723861694336,0.16631999611854553,0.4516128897666931,1,1,40,4,32,22,4,16.35249137878418,0
30,28,25,2,2,4,0,SC,2000,1.1679999828338623,1.1679999828338623,1.0169999599456787,0.6563689112663269,0,0,1,0,3.3333399295806885,1,0,0,7.349999904632568,9429.685546875,256.44000244140625,0.5407823324203491,0.4090999960899353,1.0924999713897705,0.5778596997261047,0.6424602270126343,South Carolina-James H. Hodges,5.550786018371582,9.151723861694336,0.15723779797554016,0.45967739820480347,1,1,40,2,15,22,1,16.468374252319336,0
43,38,26,4,5,13,0,SC,2001,1.1540000438690186,1.1540000438690186,1.0809999704360962,0.6513209342956543,0,0,1,0,3.375,1,1,0,3.869999885559082,9429.685546875,253.3000030517578,0.5407823324203491,0.4090999960899353,1.1174999475479126,0.5778596997261047,0.6424602270126343,South Carolina-James H. Hodges,5.538515090942383,9.151723861694336,0.14185979962348938,0.4354839026927948,1,1,40,4,13,22,2,16.567569732666016,0
40,34,29,9,6,5,0,SC,2002,1.1799999475479126,1.1799999475479126,1.0859999656677246,0.6531440019607544,1,0,1,0,3.375,1,1,0,2.6500000953674316,9429.685546875,250.16000366210938,0.5407823324203491,0.4090999960899353,1.1330000162124634,0.4606727063655853,0.7699298858642578,South Carolina-James H. Hodges,5.526090145111084,9.151723861694336,0.1408693939447403,0.42741939425468445,1,1,40,10,15,22,3,16.651561737060547,0
31,29,25,2,2,5,0,SC,2003,1.2410000562667847,1.2410000562667847,1.059000015258789,0.6679123640060425,0,1,0,0,3.3125,0,0,0,3.4800000190734863,9429.685546875,247,0.529045820236206,0.5683000087738037,1.149999976158142,0.4606727063655853,0.7699298858642578,South Carolina-James H. Hodges,5.513429164886475,9.151723861694336,0.15101270377635956,0.5887097120285034,1,1,40,2,16,22,4,16.688220977783203,0
32,30,23,6,2,8,0,SC,2004,1.2410000562667847,1.2410000562667847,1.055999994277954,0.6679123640060425,0,1,0,0,3.25,0,0,0,5.920000076293945,9429.685546875,250.8300018310547,0.529045820236206,0.579800009727478,1.1484999656677246,0.8510534167289734,0.7270820736885071,South Carolina-Mark Sanford,5.528754234313965,9.151723861694336,0.15101270377635956,0.5887097120285034,1,1,40,7,11,22,1,16.710519790649414,0
28,27,23,1,1,5,0,SC,2005,1.2649999856948853,1.2649999856948853,1.003999948501587,0.6772794723510742,0,1,0,0,3.25,0,0,0,6.090000152587891,9429.685546875,254.66000366210938,0.529045820236206,0.579800009727478,1.1345000267028809,0.8510534167289734,0.7270820736885071,South Carolina-Mark Sanford,5.543848991394043,9.151723861694336,0.1724763959646225,0.5967742204666138,1,1,40,2,12,22,2,16.766334533691406,0
19,18,18,2,1,1,0,SC,2006,1.253999948501587,1.253999948501587,1.003999948501587,0.6822700500488281,1,1,0,0,3.25,0,0,0,8.15999984741211,9429.685546875,258.489990234375,0.529045820236206,0.579800009727478,1.128999948501587,0.5367870926856995,0.7789767980575562,South Carolina-Mark Sanford,5.558718204498291,9.151723861694336,0.17274489998817444,0.5967742204666138,1,1,40,2,15,22,3,16.800453186035156,0
23,22,20,0,1,3,0,SC,2007,1.343999981880188,1.343999981880188,1.0160000324249268,0.7087438702583313,0,1,0,1,3.25,0,0,0,6.039999961853027,9429.685546875,262.32000732421875,0.5516946911811829,0.579800009727478,1.1799999475479126,0.5367870926856995,0.7789767980575562,South Carolina-Mark Sanford,5.573369979858398,9.151723861694336,0.21157069504261017,0.5887097120285034,1,1,40,0,10,22,4,16.854644775390625,0
12,11,11,1,1,1,0,SC,2008,1.3639999628067017,1.3639999628067017,1.0809999704360962,0.7099820971488953,0,1,0,1,3.25,0,0,0,4.449999809265137,9429.685546875,266.1499938964844,0.5516946911811829,0.5386999845504761,1.222499966621399,0.7584996819496155,0.9227399826049805,South Carolina-Mark Sanford,5.58781099319458,9.151723861694336,0.21012349426746368,0.5887097120285034,1,1,40,1,8,22,5,16.950496673583984,0
21,21,17,2,0,4,0,SC,2009,1.3650000095367432,1.3650000095367432,1.2450000047683716,0.7348006367683411,0,1,0,1,3.25,0,0,0,-1.0399999618530273,9429.685546875,270,0.5516946911811829,0.5386999845504761,1.3049999475479126,0.7584996819496155,0.9227399826049805,South Carolina-Mark Sanford,5.602118968963623,9.151723861694336,0.23228029906749725,0.5725805759429932,1,1,40,2,13,22,6,16.94803810119629,0
19,19,17,2,0,2,0,SC,2010,1.36899995803833,1.36899995803833,1.2450000047683716,0.7407090067863464,1,1,0,1,3.25,0,0,0,1.9700000286102295,9429.685546875,273.80999755859375,0.5516946911811829,0.5386999845504761,1.3070000410079956,0.5293585062026978,0.9169299006462097,South Carolina-Mark Sanford,5.616079807281494,9.151723861694336,0.2375762015581131,0.5725805759429932,1,1,40,3,13,22,7,16.942703247070312,0
21,20,18,3,1,2,0,SC,2011,1.4249999523162842,1.4249999523162842,1.2450000047683716,0.7587512731552124,0,1,0,1,3.25,0,0,0,5.420000076293945,9429.685546875,277.6400146484375,0.5227056741714478,0.5386999845504761,1.3350000381469727,0.5293585062026978,0.9169299006462097,South Carolina-Mark Sanford,5.62992000579834,9.151723861694336,0.24607829749584198,0.6048387289047241,1,1,40,3,8,22,8,16.979272842407227,0
15,15,14,1,0,1,0,SC,2012,1.4299999475479126,1.4299999475479126,1.2450000047683716,0.7642879486083984,0,1,0,0,3.25,0,0,0,3.6600000858306885,9429.685546875,281.4700012207031,0.5227056741714478,0.5455999970436096,1.337499976158142,0.82251739501953125,0.7122238278388977,South Carolina-Nikki Haley,5.643571853637695,9.151723861694336,0.251791387796402,0.6048387289047241,1,1,40,1,11,22,1,16.920360565185547,0
9,9,7,2,0,2,0,SC,2013,1.430999994277954,1.430999994277954,1.3200000524520874,0.7568566799163818,0,1,0,0,3.25,0,0,0,2.2300000190734863,9429.685546875,285.29998779296875,0.5227056741714478,0.5455999970436096,1.375499963760376,0.82251739501953125,0.7122238278388977,South Carolina-Nikki Haley,5.657040119171143,9.151723861694336,0.2239851951599121,0.5887097120285034,1,1,40,2,4,22,2,16.921506881713867,0
36,34,27,3,2,7,0,SC,2014,1.430999994277954,1.430999994277954,1.3200000524520874,0.7560133337974548,1,1,0,0,3.25,0,0,0,NA,9429.685546875,289.1300048828125,0.5227056741714478,0.5455999970436096,1.375499963760376,0.82251739501953125,0.7122238278388977,South Carolina-Nikki Haley,5.6703290939331055,9.151723861694336,0.2239851951599121,0.6290323138237,1,1,40,5,10,22,3,NA,0
29,26,24,6,3,2,0,SC,2015,NA,NA,NA,NA,0,1,0,1,3.25,0,0,0,NA,10400,292.9599914550781,0.5744052529335022,0.5455999970436096,NA,NA,0.7122238278388977,South Carolina-Nikki Haley,5.683444023132324,9.24965763092041,NA,0.6290323138237,1,1,40,7,11,22,4,NA,0
16,13,13,0,3,0,0,SD,1993,NA,NA,NA,NA,0,1,0,1,3.9375,1,0,0,4.579999923706055,3868.89111328125,62.625,0.5889538526535034,0.4065999984741211,NA,NA,NA,South Dakota-George R. Mickelson,4.1530070304870605,8.260981559753418,NA,0.5857142806053162,1,2,41,0,10,19,7,14.287726402282715,0
13,11,11,0,2,0,0,SD,1994,NA,NA,NA,NA,1,1,0,0,3.875,1,0,0,7.690000057220459,3384.712890625,61.75,0.5889538526535034,0.4065999984741211,NA,NA,NA,South Dakota-Walter Dale Miller,4.139159202575684,8.1273193359375,NA,0.6000000238418579,1,2,41,0,7,19,1,14.368874549865723,0
24,22,22,1,2,0,0,SD,1995,NA,NA,NA,NA,0,1,0,0,3.875,0,0,0,2.0399999618530273,3868.89111328125,60.875,0.5773826241493225,0.4065999984741211,NA,NA,NA,South Dakota-William Janklow,4.125115871429443,8.260981559753418,NA,0.6428570747375488,1,2,41,1,16,19,1,14.37475299835205,0
24,22,17,0,2,1,0,SD,1996,1.003000020980835,1.003000020980835,1.2430000305175781,0.5200879573822021,0,1,0,0,3.875,0,0,0,10.520000457763672,3384.712890625,60,0.5773826241493225,0.4648999869823456,1.1230000257492065,NA,NA,South Dakota-William Janklow,4.110874176025391,8.1273193359375,0.20534710586071014,0.6571428775787354,1,2,41,0,13,19,2,14.436712265014648,0
16,14,12,0,2,2,0,SD,1997,1.0240000486373901,1.0240000486373901,1.1200000047683716,0.5191929340362549,0,1,0,0,3.875,0,0,0,2.0999999046325684,3868.89111328125,59.43000030517578,0.5773826241493225,0.4648999869823456,1.0720000267028809,NA,NA,South Dakota-William Janklow,4.1014862060546875,8.260981559753418,0.16087119281291962,0.699999988079071,1,2,41,0,5,19,3,14.481955528259277,0
13,11,11,0,2,0,0,SD,1998,1.0240000486373901,1.0240000486373901,1.1239999532699585,0.5186101198196411,1,1,0,0,3.875,0,0,0,8.1899995803833,3384.712890625,58.86000061035156,0.5773826241493225,0.4648999869823456,1.0740000009536743,NA,NA,South Dakota-William Janklow,4.0920090675354,8.1273193359375,0.16097259521484375,0.6857143044471741,1,2,41,0,8,19,4,14.5669527053833,0
12,10,9,0,2,0,0,SD,1999,1.1039999723434448,1.1039999723434448,1.059000015258789,0.5007681846618652,0,1,0,1,3.933300018310547,0,0,0,5.590000152587891,3868.89111328125,58.290000915527344,0.6609479188919067,0.4648999869823456,1.0815000534057617,NA,NA,South Dakota-William Janklow,4.0824408531188965,8.260981559753418,0.1713431030511856,0.7285714149475098,1,2,41,0,8,19,5,14.5602445602417,0
10,8,8,0,2,0,0,SD,2000,1.1039999723434448,1.1039999723434448,1.090999960899353,0.5011602640151978,0,1,0,1,3.9916000366210938,0,0,0,7.130000114440918,5440.203125,57.720001220703125,0.6609479188919067,0.6029999852180481,1.097499966621399,1.256221055984497,1.4361530542373657,South Dakota-William Janklow,4.072781085968018,8.601755142211914,0.17185470461845398,0.7285714149475098,1,2,41,0,4,19,6,14.616499900817871,0
12,10,10,0,2,0,0,SD,2001,1.1080000400543213,1.1080000400543213,0.9980000257492065,0.5114247798919678,0,1,0,1,4.050000190734863,0,0,1,4.599999904632568,5440.203125,57.150001525878906,0.6609479188919067,0.6029999852180481,1.0529999732971191,1.256221055984497,1.4361530542373657,South Dakota-William Janklow,4.063025951385498,8.601755142211914,0.13616609573364258,0.714285671710968,1,2,41,0,4,19,7,14.72842788696289,0
10,8,8,0,2,0,0,SD,2002,1.1080000400543213,1.1080000400543213,0.9860000014305115,0.5114247798919678,1,1,0,1,3.875,0,0,1,0.8799999952316284,5440.203125,56.58000183105469,0.6609479188919067,0.6029999852180481,1.0470000505447388,1.0703049898147583,1.3956090211868286,South Dakota-William Janklow,4.05317497253418,8.601755142211914,0.13616609573364258,0.714285671710968,1,2,41,0,5,19,8,14.753253936767578,0
13,12,12,0,1,1,0,SD,2003,1.097000002861023,1.097000002861023,1.0149999856948853,0.5136147737503052,0,1,0,0,3.875,0,0,1,9.09000015258789,5440.203125,56,0.5751962065696716,0.6029999852180481,1.055999994277954,1.0703049898147583,1.3956090211868286,South Dakota-M. Michael Rounds,4.043050765991211,8.601755142211914,0.11283840239048004,0.699999988079071,1,2,41,0,9,19,1,14.794994354248047,0
10,8,8,0,2,2,0,SD,2004,1.097000002861023,1.097000002861023,0.9929999709129333,0.5136147737503052,0,1,0,0,3.875,0,0,1,5.929999828338623,5440.203125,55.83000183105469,0.5751962065696716,0.5990999937057495,1.0449999570846558,1.502357006072998,1.4869970083236694,South Dakota-M. Michael Rounds,4.040063858032227,8.601755142211914,0.11283840239048004,0.699999988079071,1,2,41,0,5,19,2,14.83438777923584,0
21,19,19,0,2,1,0,SD,2005,1.0130000114440918,1.0130000114440918,1.0609999895095825,0.4828983545303345,0,1,0,0,3.875,0,0,1,3.2300000190734863,5440.203125,55.65999984741211,0.5751962065696716,0.5990999937057495,1.0369999408721924,1.502357006072998,1.4869970083236694,South Dakota-M. Michael Rounds,4.037067890167236,8.601755142211914,0.1115385964512825,0.7285714149475098,1,2,41,0,4,19,3,14.9093017578125,0
17,14,14,3,3,3,0,SD,2006,1.0130000114440918,1.0130000114440918,1.0609999895095825,0.4828983545303345,1,1,0,0,3.5625,0,0,1,2.390000104904175,5440.203125,55.4900016784668,0.5751962065696716,0.5990999937057495,1.0369999408721924,1.6643919944763184,1.5638020038604736,South Dakota-M. Michael Rounds,4.034063816070557,8.601755142211914,0.1115385964512825,0.7285714149475098,1,2,41,3,0,19,4,14.970945358276367,0
28,26,26,5,2,2,0,SD,2007,1.0670000314712524,1.0670000314712524,1.0750000476837158,0.5044585466384888,0,1,0,1,3.25,0,0,0,10.850000381469727,5440.203125,55.31999969482422,0.6306517720222473,0.5990999937057495,1.0709999799728394,1.6643919944763184,1.5638020038604736,South Dakota-M. Michael Rounds,4.031050205230713,8.601755142211914,0.11985400319099426,0.714285671710968,1,2,41,5,6,19,5,14.998283386230469,0
8,8,7,3,0,1,0,SD,2008,1.0789999961853027,1.0789999961853027,1.0750000476837158,0.5049376487731934,0,1,0,1,2.9375,0,0,0,9.569999694824219,5440.203125,55.150001525878906,0.6306517720222473,0.5315999984741211,1.0770000219345093,1.6420090198516846,1.5601249933242798,South Dakota-M. Michael Rounds,4.028027057647705,8.601755142211914,0.11981780081987381,0.714285671710968,1,2,41,3,1,19,6,15.039328575134277,0
11,10,9,2,1,2,0,SD,2009,1.1030000448226929,1.1030000448226929,0.9449999928474426,0.5929563641548157,0,1,0,1,2.625,0,0,0,-2,5440.203125,55,0.6306517720222473,0.5315999984741211,1.0240000486373901,1.6420090198516846,1.5601249933242798,South Dakota-M. Michael Rounds,4.0253520011901855,8.601755142211914,0.15748080611228943,0.6571428775787354,1,2,41,2,2,19,7,15.132540702819824,0
41,40,39,11,1,2,0,SD,2010,1.0959999561309814,1.0959999561309814,0.9449999928474426,0.603327214717865,1,1,0,1,2.3125,0,0,0,4.840000152587891,5440.203125,54.810001373291016,0.6306517720222473,0.5315999984741211,1.0204999446868896,1.4839190244674683,1.5584490299224854,South Dakota-M. Michael Rounds,4.021953105926514,8.601755142211914,0.14416010677814484,0.6571428775787354,1,2,41,11,2,19,8,15.198870658874512,0
25,23,23,5,2,2,0,SD,2011,1.093999981880188,1.093999981880188,1.1790000200271606,0.5582670569419861,0,1,0,0,2,0,0,1,11.460000038146973,5440.203125,54.63999938964844,0.6151260137557983,0.5315999984741211,1.1365000009536743,1.4839190244674683,1.5584490299224854,South Dakota-Dennis Daugaard,4.018901824951172,8.601755142211914,0.19952550530433655,0.714285671710968,1,2,41,5,9,19,1,15.217306137084961,0
16,14,14,1,2,2,0,SD,2012,1.090999960899353,1.090999960899353,1.184000015258789,0.5542795062065125,0,1,0,0,1.6875,0,0,1,2.4000000953674316,5440.203125,54.470001220703125,0.6151260137557983,0.5788999795913696,1.1375000476837158,1.6150389909744263,1.149278998374939,South Dakota-Dennis Daugaard,4.015841960906982,8.601755142211914,0.20137029886245728,0.714285671710968,1,2,41,1,4,19,2,15.196290016174316,0
21,19,19,6,2,2,0,SD,2013,1.0850000381469727,1.0850000381469727,1.1540000438690186,0.5659387111663818,0,1,0,0,1.375,0,0,1,1.7799999713897705,5440.203125,54.29999923706055,0.6151260137557983,0.5788999795913696,1.1195000410079956,NA,1.149278998374939,South Dakota-Dennis Daugaard,4.012773036956787,8.601755142211914,0.24220749735832214,0.7571427822113037,1,2,41,6,2,19,3,15.204572677612305,0
15,13,13,5,2,2,0,SD,2014,1.0679999589920044,1.0679999589920044,1.1230000257492065,0.5577071309089661,1,1,0,0,1.0625,0,0,1,NA,5440.203125,54.130001068115234,0.6151260137557983,0.5788999795913696,1.0954999923706055,1.6150389909744263,1.149278998374939,South Dakota-Dennis Daugaard,4.0096940994262695,8.601755142211914,0.23763249814510345,0.7571427822113037,1,2,41,5,1,19,4,NA,0
11,9,9,1,2,2,0,SD,2015,NA,NA,NA,NA,0,1,0,1,0.75,0,0,1,NA,6000,53.959999084472656,0.734804093837738,0.5788999795913696,NA,NA,1.149278998374939,South Dakota-Dennis Daugaard,4.006606101989746,8.699681282043457,NA,0.8285713791847229,1,2,41,1,6,19,5,NA,0
5,5,5,0,0,0,0,TN,1995,NA,NA,NA,NA,0,1,0,0,3.75,1,1,1,7.349999904632568,23988.728515625,208.25,0.5485443472862244,0.4242999851703644,NA,NA,NA,Tennessee-Don Sundquist,5.343530178070068,10.085379600524902,NA,0.4040403962135315,1,2,42,0,2,17,1,16.33599281311035,1
5,5,5,0,0,0,0,TN,1996,0.968999981880188,0.968999981880188,1.0299999713897705,0.5754873752593994,0,1,0,0,3.75,1,1,0,5.599999904632568,23581.5078125,213,0.5485443472862244,0.45590001344680786,0.9994999766349792,0.9016491770744324,0.780086100101471,Tennessee-Don Sundquist,5.365975856781006,10.068260192871094,0.24730490148067474,0.4040403962135315,1,2,42,0,2,17,2,16.371543884277344,1
4,4,4,0,0,0,0,TN,1997,0.9279999732971191,0.9279999732971191,1.0360000133514404,0.5702543258666992,0,1,0,0,3.75,1,1,1,5.920000076293945,23214.50390625,218.7100067138672,0.5485443472862244,0.45590001344680786,0.9819999933242798,0.9016491770744324,0.780086100101471,Tennessee-Don Sundquist,5.392309188842773,10.052579879760742,0.23994970321655273,0.38383838534355164,1,2,42,0,3,17,3,16.40358543395996,1
6,6,6,0,0,0,0,TN,1998,0.9649999737739563,0.9649999737739563,1.0360000133514404,0.5806354284286499,1,1,0,0,3.75,1,1,1,10.029999732971191,22968.3828125,224.4199981689453,0.5485443472862244,0.45590001344680786,1.000499963760376,0.7405602931976318,0.8439257740974426,Tennessee-Don Sundquist,5.417964935302734,10.041919708251953,0.23994970321655273,0.38383838534355164,1,2,42,0,3,17,4,16.445606231689453,1
4,4,4,0,0,0,0,TN,1999,1.0290000438690186,1.0290000438690186,1.1640000343322754,0.6044361591339111,0,1,0,1,3.766700029373169,1,1,1,4.480000019073486,22591.9921875,230.1300048828125,0.6995477676391602,0.45590001344680786,1.096500039100647,0.7405602931976318,0.8439257740974426,Tennessee-Don Sundquist,5.44297981262207,10.025400161743164,0.24796679615974426,0.4040403962135315,1,2,42,0,3,17,5,16.51688003540039,1
2,2,2,0,0,0,0,TN,2000,1.0180000066757202,1.0180000066757202,1.2139999866485596,0.6015583276748657,0,1,0,1,3.783400058746338,1,1,1,6.510000228881836,22033.962890625,235.83999633789062,0.6995477676391602,0.5115000009536743,1.1160000562667847,1.0127559900283813,0.801347017288208,Tennessee-Don Sundquist,5.4673848152160645,10.00039005279541,0.24467100203037262,0.38383838534355164,1,2,42,0,2,17,6,16.576906204223633,1
3,3,2,0,0,1,0,TN,2001,1.0980000495910645,1.0980000495910645,1.159000039100647,0.6519129276275635,0,1,0,1,3.799999952316284,1,1,1,3.1500000953674316,21604.951171875,241.5500030517578,0.6995477676391602,0.5115000009536743,1.128499984741211,1.0127559900283813,0.801347017288208,Tennessee-Don Sundquist,5.491208076477051,9.980724334716797,0.2462296038866043,0.41414138674736023,1,2,42,0,2,17,7,16.65666961669922,1
9,9,7,0,0,2,0,TN,2002,1.1050000190734863,1.1050000190734863,1.159000039100647,0.6573858857154846,1,1,0,1,3.75,1,1,1,2.640000104904175,21246.759765625,247.25999450683594,0.6995477676391602,0.5115000009536743,1.1319999694824219,0.8858361840248108,0.8767811059951782,Tennessee-Don Sundquist,5.514476776123047,9.964006423950195,0.2483493983745575,0.41414138674736023,1,2,42,0,3,17,8,16.73270606994629,1
15,15,13,0,0,2,0,TN,2003,1.3170000314712524,1.3170000314712524,1.1430000066757202,0.7014939188957214,0,0,1,0,3.75,0,0,1,3.9800000190734863,20833.2578125,253,0.5155413746833801,0.47279998660087585,1.2300000190734863,0.8858361840248108,0.8767811059951782,Tennessee-Phil Bredesen,5.537333965301514,9.944354057312012,0.24881510436534882,0.5454546213150024,1,2,42,0,12,17,1,16.78010368347168,1
6,6,4,0,0,2,0,TN,2004,1.3170000314712524,1.3170000314712524,1.1430000066757202,0.706348180770874,0,0,1,0,3.75,0,0,1,5.889999866485596,20208.60546875,257,0.5155413746833801,0.4250999987125397,1.2300000190734863,0.9237027764320374,0.9662374258041382,Tennessee-Phil Bredesen,5.552958965301514,9.91391372680664,0.258624792098999,0.5454546213150024,1,2,42,0,4,17,2,16.844635009765625,1
11,11,9,0,0,2,0,TN,2005,1.3530000448226929,1.3530000448226929,1.1740000247955322,0.7396881580352783,0,0,1,0,3.75,1,0,0,3.9800000190734863,19546.5625,261,0.5155413746833801,0.4250999987125397,1.2634999752044678,0.9237027764320374,0.9662374258041382,Tennessee-Phil Bredesen,5.568345069885254,9.880605697631836,0.25538331270217896,0.5353534817695618,1,2,42,0,3,17,3,16.929235458374023,1
10,10,9,0,0,1,0,TN,2006,1.3389999866485596,1.3389999866485596,1.1699999570846558,0.7333974242210388,1,0,1,0,3.75,1,0,0,6.090000152587891,19039.390625,265,0.5155413746833801,0.4250999987125397,1.2545000314712524,0.8653404712677002,1.1255520582199097,Tennessee-Phil Bredesen,5.58349609375,9.854317665100098,0.2530533969402313,0.5353534817695618,1,2,42,0,8,17,4,16.925142288208008,1
10,10,9,0,0,1,0,TN,2007,1.312000036239624,1.312000036239624,1.2990000247955322,0.7141314744949341,0,0,1,1,3.75,1,0,0,4.659999847412109,20404.099609375,269,0.6975677013397217,0.4250999987125397,1.3055000305175781,0.8653404712677002,1.1255520582199097,Tennessee-Phil Bredesen,5.598422050476074,9.923540115356445,0.25229620933532715,0.5353534817695618,1,2,42,0,6,17,5,16.965246200561523,1
7,7,6,0,0,1,0,TN,2008,1.312000036239624,1.312000036239624,1.3480000495910645,0.7117582559585571,0,0,1,1,3.75,1,0,0,3.819999933242798,20025.90625,273,0.6975677013397217,0.4178999960422516,1.3300000429153442,0.9573825001716614,1.0535000562667847,Tennessee-Phil Bredesen,5.613128185272217,9.904831886291504,0.24696539342403412,0.5353534817695618,1,2,42,0,2,17,6,17.01683235168457,1
1,1,0,0,0,1,0,TN,2009,NA,1.3730000257492065,1.3930000066757202,NA,0,0,1,1,3.75,1,1,1,-0.9300000071525574,20929.4453125,277,0.6975677013397217,0.4178999960422516,1.3930000066757202,0.9573825001716614,1.0535000562667847,Tennessee-Phil Bredesen,5.627621173858643,9.948960304260254,NA,0.49494948983192444,1,2,42,0,0,17,7,17.068592071533203,1
12,12,11,0,0,1,0,TN,2010,NA,1.434000015258789,1.3930000066757202,NA,1,0,1,1,3.75,1,1,1,3.7899999618530273,20564.02734375,281,0.6975677013397217,0.4178999960422516,1.3930000066757202,1.0887069702148438,1.036026954650879,Tennessee-Phil Bredesen,5.641907215118408,9.931346893310547,NA,0.4848484992980957,1,2,42,0,3,17,8,17.086009979248047,1
10,10,10,0,0,0,0,TN,2011,1.4950000047683716,1.4950000047683716,1.4210000038146973,0.7075533270835876,0,1,0,0,3.75,0,0,1,5.5,20174.197265625,285,0.6628150939941406,0.5684999823570251,1.4579999446868896,1.0887069702148438,1.036026954650879,Tennessee-Phil Bredesen,5.655992031097412,9.912210464477539,0.18340879678726196,0.6464645862579346,1,2,42,0,4,17,9,17.1320858001709,1
18,18,17,0,0,1,0,TN,2012,1.4950000047683716,1.4950000047683716,1.4270000457763672,0.7075533270835876,0,1,0,0,3.75,0,0,1,5.289999961853027,19791.396484375,289,0.6628150939941406,0.5942000150680542,1.4609999656677246,1.2582199573516846,1.4144799709320068,Tennessee-Bill Haslam,5.6698808670043945,9.89305305480957,0.18340879678726196,0.6464645862579346,1,2,42,1,10,17,1,17.16193199157715,1
8,8,7,0,0,1,0,TN,2013,1.5180000066757202,1.5180000066757202,1.4040000438690186,0.6979471445083618,0,1,0,0,3.75,0,0,1,2.0999999046325684,19486.03515625,293,0.6628150939941406,0.5942000150680542,1.4609999656677246,1.2582199573516846,1.4144799709320068,Tennessee-Bill Haslam,5.683579921722412,9.877504348754883,0.18291859328746796,0.7070707082748413,1,2,42,0,3,17,2,17.14166831970215,1
7,7,5,2,0,2,0,TN,2014,1.5490000247955322,1.5490000247955322,1.4040000438690186,0.7012723684310913,1,1,0,0,3.75,0,0,1,NA,20428.98046875,297,0.6628150939941406,0.5942000150680542,1.4765000343322754,1.2582199573516846,1.4144799709320068,Tennessee-Bill Haslam,5.6970930099487305,9.9247589111328125,0.18184299767017365,0.7171717286109924,1,2,42,2,3,17,3,NA,1
10,10,8,2,0,2,0,TN,2015,NA,NA,NA,NA,0,1,0,1,3.75,0,0,1,NA,20884,301,0.7547748684883118,0.5942000150680542,NA,NA,1.4144799709320068,Tennessee-Bill Haslam,5.7104268074035645,9.946786880493164,NA,0.7373737096786499,1,2,42,2,3,17,4,NA,1
13,13,11,0,0,0,0,TX,1993,1.6610000133514404,1.6610000133514404,NA,0.9189848899841309,0,0,1,0,3.0416500568389893,0,0,0,5.820000171661377,6528.244140625,1775,0.5132244825363159,0.3707999885082245,1.6610000133514404,NA,NA,"Texas-Richards, Ann W.",7.482119083404541,8.784046173095703,0.5541638135910034,0.6200000047683716,1,1,43,0,9,NA,3,17.374034881591797,0
9,9,9,0,0,0,0,TX,1994,1.6610000133514404,1.6610000133514404,NA,0.9189848899841309,1,0,1,0,3,0,0,0,5.71999979019165,6528.244140625,1838,0.5132244825363159,0.3707999885082245,1.6610000133514404,NA,NA,"Texas-Richards, Ann W.",7.516976833343506,8.784046173095703,0.5541638135910034,0.6133332848548889,0,0,43,0,5,NA,4,17.435144424438477,0
14,14,12,0,0,0,0,TX,1995,1.6440000534057617,1.6440000534057617,1.4160000085830688,0.9389252066612244,0,1,0,0,3.21875,1,1,0,6.980000019073486,6528.244140625,1901,0.5382408499717712,0.40560001134872437,1.5299999713897705,NA,NA,"Texas-Bush, George W.",7.550661087036133,8.784046173095703,0.5421169996261597,0.40666669607162476,0,0,43,0,9,NA,1,17.50277328491211,0
11,11,9,0,0,1,0,TX,1996,1.6440000534057617,1.6440000534057617,1.4160000085830688,0.9389252066612244,0,1,0,0,3.4375,1,1,0,7.5,6528.244140625,1964,0.5382408499717712,0.4875999987125397,1.5299999713897705,NA,NA,"Texas-Bush, George W.",7.583248138427734,8.784046173095703,0.5421169996261597,0.41999998688697815,0,0,43,0,4,NA,2,17.54165267944336,0
4,4,2,0,0,1,0,TX,1997,1.8609999418258667,1.8609999418258667,1.593000054359436,0.9875596165657043,0,1,0,0,3.65625,1,0,0,8.949999809265137,6528.244140625,1932.7099609375,0.5382408499717712,0.4875999987125397,1.7269999980926514,NA,NA,"Texas-Bush, George W.",7.567195892333984,8.784046173095703,0.5159431099891663,0.4533332884311676,0,0,43,0,1,NA,3,17.602523803710938,0
8,8,8,0,0,0,0,TX,1998,1.8609999418258667,1.8609999418258667,1.593000054359436,0.9875596165657043,1,1,0,0,3.875,1,0,0,9.270000457763672,6528.244140625,1901.4200439453125,0.5382408499717712,0.4875999987125397,1.7269999980926514,0.8827530741691589,0.7330150008201599,"Texas-Bush, George W.",7.550881862640381,8.784046173095703,0.5159431099891663,0.4533332884311676,0,0,43,0,2,NA,4,17.65291976928711,0
3,3,3,0,0,0,0,TX,1999,1.902999997138977,1.902999997138977,1.6979999542236328,1.00650155544281,0,1,0,0,3.75,1,0,0,5.820000171661377,6528.244140625,1870.1300048828125,0.6863663792610168,0.4875999987125397,1.8005000352859497,0.8827530741691589,0.7330150008201599,"Texas-Bush, George W.",7.534297943115234,8.784046173095703,0.4960334897041321,0.47999998927116394,0,0,43,0,1,NA,5,17.719318389892578,0
5,5,4,0,0,1,0,TX,2000,1.902999997138977,1.902999997138977,1.6979999542236328,1.00650155544281,0,1,0,0,3.625,1,0,0,9.289999961853027,6528.244140625,1838.8399658203125,0.6863663792610168,0.5929999947547913,1.8005000352859497,0.7260503172874451,0.723256528377533,"Texas-Bush, George W.",7.517434120178223,8.784046173095703,0.4960334897041321,0.47999998927116394,0,0,43,0,1,NA,6,17.801382064819336,0
9,7,5,0,2,1,0,TX,2001,1.8869999647140503,1.8869999647140503,1.7690000534057617,1.0093512535095215,0,1,0,0,3.5,1,0,0,6.599999904632568,6528.244140625,1807.550048828125,0.6863663792610168,0.5929999947547913,1.8279999494552612,0.7260503172874451,0.723256528377533,Texas-Rick Perry,7.500280857086182,8.784046173095703,0.5017436742782593,0.47999998927116394,0,0,43,0,4,NA,1,17.879108428955078,0
12,10,9,0,2,1,0,TX,2002,1.8869999647140503,1.8869999647140503,1.7690000534057617,1.0093512535095215,1,1,0,0,3.375,1,0,0,0.6299999952316284,6528.244140625,1776.260009765625,0.6863663792610168,0.5929999947547913,1.8279999494552612,0.7383862733840942,0.875801682472229,Texas-Rick Perry,7.482828140258789,8.784046173095703,0.5017436742782593,0.47333329916000366,0,0,43,0,4,NA,2,17.93507957458496,0
9,7,7,0,2,0,0,TX,2003,1.9769999980926514,1.9769999980926514,1.715999960899353,1.0641043186187744,0,1,0,0,3.3125,0,0,0,3.9100000858306885,6528.244140625,1745,0.5912654995918274,0.5929999947547913,1.846500039100647,0.7383862733840942,0.875801682472229,Texas-Rick Perry,7.465083122253418,8.784046173095703,0.3792923092842102,0.5866665840148926,0,0,43,0,3,NA,3,18.01726722717285,0
8,6,6,0,2,0,0,TX,2004,1.9769999980926514,1.9769999980926514,1.715999960899353,1.0641043186187744,0,1,0,0,3.25,0,0,0,5.21999979019165,6528.244140625,1802.5,0.5912654995918274,0.6108999848365784,1.846500039100647,0.7685149908065796,1.0024299621582031,Texas-Rick Perry,7.497485160827637,8.784046173095703,0.3792923092842102,0.5866665840148926,1,1,43,0,0,NA,4,18.027433395385742,0
15,15,14,0,0,1,0,TX,2005,2.069999933242798,2.069999933242798,1.715999960899353,1.0881705284118652,0,1,0,0,3.25,0,0,0,8.670000076293945,6528.244140625,1860,0.5912654995918274,0.6108999848365784,1.8930000066757202,0.7685149908065796,1.0024299621582031,Texas-Rick Perry,7.528869152069092,8.784046173095703,0.30001458525657654,0.5799999833106995,1,1,43,0,8,NA,5,18.09061622619629,0
9,8,8,0,1,0,0,TX,2006,2.069999933242798,2.069999933242798,1.715999960899353,1.0881705284118652,1,1,0,0,3.25,0,0,0,9.529999732971191,6528.244140625,1917.5,0.5912654995918274,0.6108999848365784,1.8930000066757202,0.6781830191612244,1.1819219589233398,Texas-Rick Perry,7.559298992156982,8.784046173095703,0.30001458525657654,0.5799999833106995,1,1,43,0,2,NA,6,18.144874572753906,0
4,4,4,0,0,0,0,TX,2007,2.124000072479248,2.124000072479248,1.8029999732971191,1.1254260540008545,0,1,0,0,3.25,0,0,0,6.039999961853027,6528.244140625,1975,0.5671339631080627,0.6108999848365784,1.9635000228881836,0.6781830191612244,1.1819219589233398,Texas-Rick Perry,7.58882999420166,8.784046173095703,0.3128434121608734,0.5400000214576721,1,1,43,0,3,NA,7,18.207088470458984,0
3,3,3,0,0,0,0,TX,2008,2.124000072479248,2.124000072479248,1.8029999732971191,1.1254260540008545,0,1,0,0,3.25,0,0,0,9.710000038146973,6528.244140625,2032.5,0.5671339631080627,0.5537999868392944,1.9635000228881836,0.6634780764579773,1.091526985168457,Texas-Rick Perry,7.617514133453369,8.784046173095703,0.3128434121608734,0.5266665816307068,1,1,43,0,2,NA,8,18.32170867919922,0
4,4,4,0,0,0,0,TX,2009,2.1429998874664307,2.1429998874664307,1.8329999446868896,1.1445245742797852,0,1,0,0,3.25,0,0,0,-4.980000019073486,6528.244140625,2090,0.5671339631080627,0.5537999868392944,1.9880000352859497,0.6634780764579773,1.091526985168457,Texas-Rick Perry,7.645398139953613,8.784046173095703,0.3005147874355316,0.5066667199134827,1,1,43,0,0,NA,9,18.40156364440918,0
0,0,0,0,0,0,0,TX,2010,2.1429998874664307,2.1429998874664307,1.8329999446868896,1.1445245742797852,1,1,0,0,3.25,0,0,0,5.010000228881836,6528.244140625,2147.5,0.5671339631080627,0.5537999868392944,1.9880000352859497,0.9208101034164429,1.0489449501037598,Texas-Rick Perry,7.672524929046631,8.784046173095703,0.3005147874355316,0.5133333206176758,1,1,43,0,0,NA,10,18.44439697265625,0
3,3,3,0,0,0,0,TX,2011,2.257999897003174,2.257999897003174,NA,1.1370917558670044,0,1,0,0,3.25,0,0,0,9.539999961853027,6528.244140625,2205,0.5651426911354065,0.5537999868392944,2.257999897003174,0.9208101034164429,1.0489449501037598,Texas-Rick Perry,7.6989359855651855,8.784046173095703,0.3536601960659027,0.6733332872390747,1,1,43,0,0,NA,11,18.50318145751953,0
1,1,1,0,0,0,0,TX,2012,2.257999897003174,2.257999897003174,NA,1.1370917558670044,0,1,0,0,3.25,0,0,0,5.460000038146973,6528.244140625,2262.5,0.5651426911354065,0.5713000297546387,2.257999897003174,1.06638503074646,1.2182790040969849,Texas-Rick Perry,7.724668025970459,8.784046173095703,0.3536601960659027,0.6733332872390747,1,1,43,0,1,NA,12,18.50594139099121,0
1,1,1,0,0,0,0,TX,2013,2.427000045776367,2.427000045776367,NA,1.289821743965149,0,1,0,0,3.25,0,0,0,3.6700000762939453,6528.244140625,2320,0.5651426911354065,0.5713000297546387,2.427000045776367,1.06638503074646,1.2182790040969849,Texas-Rick Perry,7.749752998352051,8.784046173095703,0.431361585855484,0.6333333253860474,1,1,43,0,0,NA,13,18.497642517089844,0
2,2,2,0,0,0,0,TX,2014,2.427000045776367,2.427000045776367,NA,1.289821743965149,1,1,0,0,3.25,0,0,0,NA,6528.244140625,2377.5,0.5651426911354065,0.5713000297546387,2.427000045776367,1.06638503074646,1.2182790040969849,Texas-Rick Perry,7.774225234985352,8.784046173095703,0.431361585855484,0.6333333253860474,1,1,43,0,1,NA,14,NA,0
9,8,8,6,1,0,0,UT,1993,1.3270000219345093,1.3270000219345093,1.1469999551773071,0.689809262752533,0,1,0,0,3.875,0,0,0,7.980000019073486,1944.873046875,101.625,0.6448523998260498,0.4336000084877014,1.2369999885559082,NA,0.8882982134819031,Utah-Mike Leavitt,4.631082057952881,7.573465824127197,0.34487029910087585,0.653333306312561,1,1,44,6,2,20,1,15.29029655456543,0
13,13,12,3,0,0,0,UT,1994,1.3270000219345093,1.3270000219345093,1.1469999551773071,0.689809262752533,0,1,0,0,3.75,0,0,0,8.470000267028809,2543.294921875,104.75,0.6448523998260498,0.4336000084877014,1.2369999885559082,1.018949031829834,0.8882982134819031,Utah-Mike Leavitt,4.661077976226807,7.841609001159668,0.34487029910087585,0.653333306312561,1,1,44,3,9,20,2,15.360748291015625,0
6,6,6,4,0,0,0,UT,1995,1.284999966621399,1.284999966621399,1.2020000219345093,0.6673745512962341,0,1,0,0,3.8125,0,0,0,9.039999961853027,2543.294921875,107.875,0.6448523998260498,0.4336000084877014,1.243499994277954,NA,NA,Utah-Mike Leavitt,4.690199851989746,7.841609001159668,0.3724043071269989,0.7333332896232605,1,1,44,4,1,20,3,15.460895538330078,0
16,16,16,6,0,0,0,UT,1996,1.2769999504089355,1.2769999504089355,1.2020000219345093,0.6639099717140198,1,1,0,0,3.875,0,0,0,8.859999656677246,2543.294921875,111,0.6448523998260498,0.5436999797821045,1.2395000457763672,0.8478453755378723,1.0462419986724854,Utah-Mike Leavitt,4.718499183654785,7.841609001159668,0.36797741055488586,0.7333332896232605,1,1,44,6,9,20,4,15.549421310424805,0
11,11,11,5,0,0,0,UT,1997,1.3639999628067017,1.3639999628067017,1.2380000352859497,0.7011476159095764,0,1,0,0,3.9375,0,0,1,8.130000114440918,2543.294921875,110.70999908447266,0.7628141045570374,0.5436999797821045,1.3009999990463257,0.8478453755378723,1.0462419986724854,Utah-Mike Leavitt,4.715906143188477,7.841609001159668,0.35054999589920044,0.7333332896232605,1,1,44,5,4,20,5,15.653739929199219,0
11,11,11,6,0,0,0,UT,1998,1.3480000495910645,1.3480000495910645,1.2380000352859497,0.6994055509567261,0,1,0,0,4,0,0,1,7.889999866485596,2992.112060546875,110.41999816894531,0.7628141045570374,0.5436999797821045,1.2929999828338623,1.063485026359558,1.1760940551757812,Utah-Mike Leavitt,4.713306903839111,8.004069328308105,0.3488504886627197,0.7200000286102295,1,1,44,6,3,20,6,15.750921249389648,0
19,19,18,11,0,1,0,UT,1999,1.4010000228881836,1.4010000228881836,1.3949999809265137,0.7342281937599182,0,1,0,0,4,0,0,0,6.159999847412109,2992.112060546875,110.12999725341797,0.7628141045570374,0.5436999797821045,1.3980000019073486,1.063485026359558,1.1760940551757812,Utah-Mike Leavitt,4.710700988769531,8.004069328308105,0.36254051327705383,0.7066665887832642,1,1,44,11,6,20,7,15.791595458984375,0
12,12,12,9,0,0,0,UT,2000,1.4010000228881836,1.4010000228881836,1.3949999809265137,0.7342281937599182,1,1,0,0,4,0,0,0,7.940000057220459,2992.112060546875,109.83999633789062,0.7628141045570374,0.6682999730110168,1.3980000019073486,1.0400069952011108,1.3376200199127197,Utah-Mike Leavitt,4.708087921142578,8.004069328308105,0.36254051327705383,0.7200000286102295,1,1,44,9,0,20,8,15.889476776123047,0
15,15,12,8,0,0,0,UT,2001,1.4700000286102295,1.4700000286102295,1.5950000286102295,0.79071807861328125,0,1,0,0,4,0,0,0,5.550000190734863,2992.112060546875,109.55000305175781,0.5688643455505371,0.6682999730110168,1.5325000286102295,1.0400069952011108,1.3376200199127197,Utah-Mike Leavitt,4.70546817779541,8.004069328308105,0.35087311267852783,0.6666666865348816,1,1,44,8,2,20,9,15.954230308532715,0
10,10,10,10,0,0,0,UT,2002,1.4170000553131104,1.4170000553131104,1.5950000286102295,0.7790388464927673,0,1,0,0,3.875,0,0,1,2.740000009536743,3590.533935546875,109.26000213623047,0.5688643455505371,0.6682999730110168,1.50600004196167,1.4659759998321533,1.3602750301361084,Utah-Mike Leavitt,4.702840805053711,8.186334609985352,0.3417570888996124,0.6800000071525574,1,1,44,10,0,20,10,16.0284481048584,0
13,13,13,6,0,0,0,UT,2003,1.5169999599456787,1.5169999599456787,1.649999976158142,0.7435476183891296,0,1,0,0,3.9375,0,0,1,2.9800000190734863,3590.533935546875,109,0.5688643455505371,0.6682999730110168,1.5835000276565552,1.4659759998321533,1.3602750301361084,Utah-Mike Leavitt,4.700479984283447,8.186334609985352,0.3728049099445343,0.7466667294502258,1,1,44,6,5,20,11,15.888209342956543,0
12,12,12,0,0,0,0,UT,2004,1.534999966621399,1.534999966621399,1.6540000438690186,0.7575318813323975,1,1,0,0,4,0,0,1,6.559999942779541,3590.533935546875,109.83000183105469,0.5688643455505371,0.715399980545044,1.594499945640564,1.3633769750595093,1.620386004447937,Utah-Olene S. Walker,4.707996845245361,8.186334609985352,0.38184770941734314,0.7466667294502258,1,1,44,0,4,20,1,16.09307289123535,0
22,22,22,7,0,0,0,UT,2005,1.6799999475479126,1.6799999475479126,1.687000036239624,0.7902783155441284,0,1,0,0,4,0,0,1,9.359999656677246,3590.533935546875,110.66000366210938,0.5827333331108093,0.715399980545044,1.683500051498413,1.3633769750595093,1.620386004447937,Utah-John Huntsman,4.715457916259766,8.186334609985352,0.4029310941696167,0.7466667294502258,1,1,44,7,7,20,1,16.1302547454834,0
12,12,12,1,0,0,0,UT,2006,1.621999979019165,1.621999979019165,1.5829999446868896,0.768222987651825,0,1,0,0,4,0,0,1,10.970000267028809,3590.533935546875,111.48999786376953,0.5827333331108093,0.715399980545044,1.6024999618530273,1.4053280353546143,1.5581350326538086,Utah-John Huntsman,4.722864151000977,8.186334609985352,0.4003100097179413,0.7466667294502258,1,1,44,1,3,20,2,16.2103328704834,0
12,12,11,0,0,1,0,UT,2007,1.6549999713897705,1.6549999713897705,1.4509999752044678,0.8100128173828125,0,1,0,0,4,0,0,1,8.859999656677246,3889.7451171875,112.31999969482422,0.5827333331108093,0.715399980545044,1.5529999732971191,1.4053280353546143,1.5581350326538086,Utah-John Huntsman,4.730216026306152,8.266356468200684,0.3792521059513092,0.7333332896232605,1,1,44,0,4,20,3,16.267454147338867,0
12,12,12,0,0,0,0,UT,2008,1.6549999713897705,1.6549999713897705,1.4509999752044678,0.8289847373962402,1,1,0,0,4,0,0,1,4.420000076293945,3889.7451171875,113.1500015258789,0.5827333331108093,0.6215000152587891,1.5529999732971191,1.17836594581604,1.6348609924316406,Utah-John Huntsman,4.737514019012451,8.266356468200684,0.3823125958442688,0.7333332896232605,1,1,44,0,3,20,4,16.377901077270508,0
10,10,10,0,0,0,0,UT,2009,NA,1.6803332567214966,NA,NA,0,1,0,0,4,0,0,1,-3.259999990463257,3889.7451171875,114,0.7974008917808533,0.6215000152587891,NA,1.17836594581604,1.6348609924316406,Utah-John Huntsman,4.744932174682617,8.266356468200684,NA,0.7066665887832642,1,1,44,0,1,20,5,16.451814651489258,0
9,9,9,0,0,0,0,UT,2010,NA,1.7056666612625122,1.5820000171661377,NA,1,1,0,0,4,0,0,1,2.0899999141693115,3500.77099609375,114.80999755859375,0.7974008917808533,0.6215000152587891,1.5820000171661377,1.5646289587020874,1.730476975440979,Utah-Gary Herbert,4.751951217651367,8.16102409362793,NA,0.7066665887832642,1,1,44,0,1,20,1,16.467559814453125,0
13,13,13,3,0,0,0,UT,2011,1.7309999465942383,1.7309999465942383,1.7510000467300415,0.8403117656707764,0,1,0,0,4,0,0,1,6.730000019073486,7850.212890625,115.63999938964844,0.6675623655319214,0.6215000152587891,1.7410000562667847,1.5646289587020874,1.730476975440979,Utah-Gary Herbert,4.759091854095459,8.968422889709473,0.36496299505233765,0.7733333110809326,1,1,44,3,2,20,2,16.503921508789062,0
10,10,10,2,0,0,0,UT,2012,1.7050000429153442,1.7050000429153442,1.715999960899353,0.8305381536483765,1,1,0,0,4,0,0,1,5.190000057220459,3500.77099609375,116.47000122070312,0.6675623655319214,0.7254999876022339,1.7105000019073486,1.552575945854187,1.815364956855774,Utah-Gary Herbert,4.766182899475098,8.16102409362793,0.37091320753097534,0.7733333110809326,1,1,44,2,2,20,3,16.538042068481445,0
12,12,11,1,0,0,0,UT,2013,1.6419999599456787,1.6419999599456787,1.715999960899353,0.7856302261352539,0,1,0,0,4,0,0,1,4.019999980926514,7425.876953125,117.30000305175781,0.7126702666282654,0.7254999876022339,1.6790000200271606,1.552575945854187,1.815364956855774,Utah-Gary Herbert,4.773223876953125,8.912860870361328,0.3579046130180359,0.81333327293396,1,1,44,1,1,20,4,16.52063751220703,0
16,16,10,0,0,6,0,UT,2014,1.6419999599456787,1.6419999599456787,1.715999960899353,0.785988986492157,1,1,0,0,4,0,0,1,NA,8168.46484375,118.12999725341797,0.7126702666282654,0.7254999876022339,1.6790000200271606,1.552575945854187,1.815364956855774,Utah-Gary Herbert,4.780214786529541,9.008158683776855,0.3583379089832306,0.81333327293396,1,1,44,0,4,20,5,NA,0
17,17,11,0,0,6,0,UT,2015,NA,NA,NA,NA,0,1,0,0,4,0,0,1,NA,NA,118.95999908447266,0.7126702666282654,0.7254999876022339,NA,NA,1.815364956855774,Utah-Gary Herbert,4.787158012390137,NA,NA,0.8399999737739563,1,1,44,0,1,20,6,NA,0
13,13,11,0,0,2,0,VT,1993,NA,NA,NA,NA,0,0,1,0,2.5208499431610107,1,0,0,3.7799999713897705,7398.67578125,34.625,0.764329195022583,0.4611000120639801,NA,NA,NA,Vermont-Howard Dean,3.5730481147766113,8.909191131591797,NA,0.5799999833106995,1,1,45,0,8,20,3,14.344024658203125,0
13,13,12,1,0,1,0,VT,1994,NA,NA,NA,NA,1,0,1,0,2.375,1,0,0,5.059999942779541,6963.4599609375,34.75,0.764329195022583,0.4611000120639801,NA,NA,NA,Vermont-Howard Dean,3.576550006866455,8.848575592041016,NA,0.5799999833106995,1,1,45,1,8,20,4,14.386627197265625,0
9,9,8,1,0,1,0,VT,1995,1.465999960899353,1.465999960899353,1.1059999465942383,0.7874900102615356,0,0,1,0,2.46875,1,0,0,5.409999847412109,7398.67578125,34.875,0.7833216190338135,0.4611000120639801,1.2860000133514404,NA,NA,Vermont-Howard Dean,3.58004093170166,8.909191131591797,0.466561496257782,0.5733333230018616,1,1,45,2,4,20,5,14.416510581970215,0
8,8,6,2,0,2,0,VT,1996,1.465999960899353,1.465999960899353,1.1059999465942383,0.7874900102615356,1,0,1,0,2.5625,1,0,0,5.349999904632568,7398.67578125,35,0.7833216190338135,0.5335000157356262,1.2860000133514404,2.1788110733032227,NA,Vermont-Howard Dean,3.5835189819335938,8.909191131591797,0.466561496257782,0.5733333230018616,1,1,45,2,3,20,6,14.466655731201172,0
2,2,2,1,0,0,0,VT,1997,1.3769999742507935,1.3769999742507935,1.1979999542236328,0.7573080658912659,0,0,1,0,2.65625,0,0,0,5.380000114440918,7398.67578125,37.43000030517578,0.7585137486457825,0.5335000157356262,1.287500023841858,2.1788110733032227,NA,Vermont-Howard Dean,3.648838996887207,8.909191131591797,0.4950827956199646,0.5933333039283752,1,1,45,1,0,20,7,14.493919372558594,0
14,14,14,3,0,0,0,VT,1998,1.3769999742507935,1.3769999742507935,1.1979999542236328,0.7573080658912659,1,0,1,0,2.75,0,0,0,7.429999828338623,9248.345703125,39.86000061035156,0.7585137486457825,0.5335000157356262,1.287500023841858,2.5060789585113525,2.3118081092834473,Vermont-Howard Dean,3.7101519107818604,9.132308006286621,0.4950827956199646,0.5933333039283752,1,1,45,3,7,20,8,14.582865715026855,0
11,11,10,1,0,1,0,VT,1999,1.3459999561309814,1.3459999561309814,1.2380000352859497,0.7709985971450806,0,0,1,0,2.71875,0,0,0,5.96999979019165,8046.06103515625,42.290000915527344,0.5750623941421509,0.5335000157356262,1.2920000553131104,2.5060789585113525,2.3118081092834473,Vermont-Howard Dean,3.7679219245910645,8.993062019348145,0.5016623735427856,0.5066667199134827,1,1,45,1,4,20,9,14.714205741882324,0
10,10,8,1,0,2,0,VT,2000,1.3459999561309814,1.3459999561309814,1.2380000352859497,0.7709985971450806,1,0,1,0,2.6875,0,0,0,7.809999942779541,8456.7958984375,44.720001220703125,0.5750623941421509,0.5062999725341797,1.2920000553131104,2.180234909057617,2.2695930004119873,Vermont-Howard Dean,3.822535991668701,9.04284381866455,0.5016623735427856,0.5133333206176758,1,1,45,1,7,20,10,14.936408042907715,0
10,10,7,0,0,3,0,VT,2001,1.4019999504089355,1.4019999504089355,1.2480000257492065,0.823939859867096,0,0,1,0,2.625,1,0,0,5.460000038146973,9622.8134765625,47.150001525878906,0.5707352757453918,0.5062999725341797,1.3250000476837158,2.180234909057617,2.2695930004119873,Vermont-Howard Dean,3.8743209838867188,9.171996116638184,0.3354910910129547,0.41333329677581787,1,1,45,0,5,20,11,14.978789329528809,0
11,11,10,1,0,1,0,VT,2002,1.4019999504089355,1.4019999504089355,1.2480000257492065,0.823939859867096,1,0,1,0,3,1,0,0,2.4600000381469727,9622.8134765625,49.58000183105469,0.5707352757453918,0.5062999725341797,1.3250000476837158,2.2880051136016846,2.4664130210876465,Vermont-Howard Dean,3.923556089401245,9.171996116638184,0.3354910910129547,0.41333329677581787,1,1,45,1,7,20,12,15.006704330444336,0
19,19,14,0,0,5,0,VT,2003,1.4639999866485596,1.4639999866485596,1.3170000314712524,0.8208402395248413,0,1,0,0,2.8125,1,0,0,4.690000057220459,9719.8291015625,52,0.514604389667511,0.40700000524520874,1.3904999494552612,2.2880051136016846,2.4664130210876465,Vermont-Jim Douglas,3.970292091369629,9.182025909423828,0.33803850412368774,0.4933333098888397,1,1,45,0,12,20,1,15.094725608825684,0
5,5,5,0,0,0,0,VT,2004,1.4539999961853027,1.4539999961853027,1.2640000581741333,0.8145373463630676,1,1,0,0,2.625,1,0,0,6.25,9719.8291015625,53.33000183105469,0.514604389667511,0.3880000114440918,1.3589999675750732,2.2786829471588135,2.470278024673462,Vermont-Jim Douglas,3.995076894760132,9.182025909423828,0.3360762894153595,0.4933333098888397,1,1,45,0,3,20,2,15.1173734664917,0
7,7,7,0,0,0,0,VT,2005,1.4490000009536743,1.4490000009536743,1.3619999885559082,0.770301103591919,0,1,0,0,2.625,1,1,0,2.549999952316284,9185.783203125,54.65999984741211,0.6074273586273193,0.3880000114440918,1.405500054359436,2.2786829471588135,2.470278024673462,Vermont-Jim Douglas,4.019261837005615,9.125520706176758,0.38123130798339844,0.4000000059604645,1,1,45,0,4,20,3,15.252084732055664,0
8,8,7,0,0,1,0,VT,2006,1.4490000009536743,1.4490000009536743,1.3980000019073486,0.7667737007141113,1,1,0,0,2.625,1,1,0,6.769999980926514,8438.662109375,55.9900016784668,0.6074273586273193,0.3880000114440918,1.4234999418258667,2.1896400451660156,2.439030885696411,Vermont-Jim Douglas,4.04287576675415,9.04069709777832,0.38123130798339844,0.4000000059604645,1,1,45,0,6,20,4,15.292220115661621,0
9,9,7,1,0,2,0,VT,2007,1.4290000200271606,1.4290000200271606,1.0379999876022339,0.7307572960853577,0,1,0,0,2.625,1,1,0,5.289999961853027,5558.98095703125,57.31999969482422,0.5779448747634888,0.3880000114440918,1.2335000038146973,2.1896400451660156,2.439030885696411,Vermont-Jim Douglas,4.065945148468018,8.623350143432617,0.35322079062461853,0.3266667127609253,1,1,45,1,6,20,5,15.360267639160156,0
6,6,3,1,0,3,0,VT,2008,1.4290000200271606,1.4290000200271606,1.0379999876022339,0.7307572960853577,1,1,0,0,2.625,1,1,0,3.9200000762939453,9353.5224609375,58.650001525878906,0.5779448747634888,0.304500013589859,1.2335000038146973,2.126293897628784,2.4683279991149902,Vermont-Jim Douglas,4.088493824005127,9.143614768981934,0.35322079062461853,0.3266667127609253,1,1,45,1,2,20,6,15.36460018157959,0
11,11,9,0,0,2,0,VT,2009,1.4450000524520874,1.4450000524520874,1.0130000114440918,0.7582954168319702,0,1,0,0,2.625,1,1,0,-1.440000057220459,7939.06982421875,60,0.7103064060211182,0.304500013589859,1.2289999723434448,2.126293897628784,2.4683279991149902,Vermont-Jim Douglas,4.110874176025391,8.979677200317383,0.38925468921661377,0.3199999928474426,1,1,45,0,7,20,7,15.43202018737793,0
12,12,8,0,0,4,0,VT,2010,1.4210000038146973,1.4210000038146973,1.0130000114440918,0.7530012130737305,1,1,0,0,2.625,1,1,0,1.690000057220459,10436.1201171875,61.310001373291016,0.7103064060211182,0.304500013589859,1.2170000076293945,2.251594066619873,2.471510887145996,Vermont-Jim Douglas,4.132122039794922,9.253124237060547,0.39462149143218994,0.3199999928474426,1,1,45,0,7,20,8,15.45877742767334,0
16,14,13,2,2,1,0,VT,2011,1.4259999990463257,1.4259999990463257,1.187999963760376,0.7610581517219543,0,0,1,0,2.625,0,0,0,7.050000190734863,7630.7919921875,62.63999938964844,0.509224534034729,0.6746000051498413,1.3070000410079956,2.251594066619873,2.471510887145996,Vermont-Peter Shumlin,4.153242111206055,8.940077781677246,0.37946489453315735,0.6333333253860474,1,1,45,2,11,20,1,15.500170707702637,0
13,13,10,1,0,3,0,VT,2012,1.4259999990463257,1.4259999990463257,1.187999963760376,0.7772089838981628,1,0,1,0,2.625,0,0,0,3.7100000381469727,8628.162109375,63.970001220703125,0.509224534034729,0.6657000184059143,1.3070000410079956,2.3376450538635254,2.446218967437744,Vermont-Peter Shumlin,4.173924922943115,9.062902450561523,0.405058890581131,0.6266667246818542,1,1,45,2,6,20,2,15.526050567626953,0
13,13,12,0,0,1,0,VT,2013,1.4490000009536743,1.4490000009536743,1.2860000133514404,0.802078366279602,0,0,1,0,2.625,0,0,0,2.880000114440918,8214.70703125,65.30000305175781,0.6059501767158508,0.6657000184059143,1.3674999475479126,2.3376450538635254,2.446218967437744,Vermont-Peter Shumlin,4.19419002532959,9.013802528381348,0.44135090708732605,0.6399999856948853,1,1,45,1,9,20,3,15.53968334197998,0
7,7,4,0,0,0,0,VT,2014,1.4509999752044678,1.4509999752044678,1.2860000133514404,0.8200942873954773,1,0,1,0,2.625,0,0,0,NA,9096.9267578125,66.62999725341797,0.6059501767158508,0.6657000184059143,1.368499994277954,2.3376450538635254,2.446218967437744,Vermont-Peter Shumlin,4.214052200317383,9.115801811218262,0.45602288842201233,0.6200000047683716,1,1,45,0,2,20,4,NA,0
8,8,5,1,0,3,0,VT,2015,NA,NA,NA,NA,0,0,1,0,2.625,0,0,0,NA,NA,67.95999908447266,0.5068919062614441,0.6657000184059143,NA,NA,2.446218967437744,Vermont-Peter Shumlin,4.233527183532715,NA,NA,0.5666667222976685,1,1,45,1,2,20,5,NA,0
3,3,2,0,0,0,0,VA,1997,1.4509999752044678,1.4509999752044678,1.3830000162124634,0.760941207408905,1,1,0,1,3.625,1,0,0,6.579999923706055,16320.6103515625,459.7099914550781,0.58763885498046875,0.47099998593330383,1.4170000553131104,NA,NA,Virginia-Jim Gilmore,6.1327691078186035,9.700244903564453,0.3588173985481262,0.4699999988079071,1,1,46,1,0,17,1,16.695093154907227,0
34,34,33,2,0,1,0,VA,1998,1.4049999713897705,1.4049999713897705,1.409000039100647,0.7625049352645874,0,1,0,1,3.625,1,0,0,6.840000152587891,16320.6103515625,451.4200134277344,0.5673555731773376,0.47099998593330383,1.406999945640564,NA,NA,Virginia-Jim Gilmore,6.1146111488342285,9.700244903564453,0.3935058116912842,0.49000000953674316,1,1,46,3,17,17,2,16.761877059936523,0
25,25,19,3,0,0,0,VA,1999,1.4470000267028809,1.4470000267028809,1.409000039100647,0.7688855528831482,0,1,0,1,3.608299970626831,1,0,0,6.949999809265137,16320.6103515625,443.1300048828125,0.5673555731773376,0.47099998593330383,1.4279999732971191,NA,NA,Virginia-Jim Gilmore,6.09611701965332,9.700244903564453,0.39385250210762024,0.49000000953674316,1,1,46,4,5,17,3,16.867393493652344,0
12,12,11,1,0,0,0,VA,2000,1.4539999961853027,1.4539999961853027,1.4220000505447388,0.7745009064674377,0,1,0,1,3.591599941253662,0,0,0,8.119999885559082,16320.6103515625,434.8399963378906,0.5673555731773376,0.5246999859809875,1.437999963760376,1.29789400100708,1.338847041130066,Virginia-Jim Gilmore,6.077274799346924,9.700244903564453,0.2675755023956299,0.5199999809265137,1,1,46,2,5,17,4,16.933837890625,0
13,13,12,4,0,0,0,VA,2001,1.4630000591278076,1.4630000591278076,1.475000023841858,0.7815076112747192,1,1,0,1,3.575000047683716,0,0,0,5.110000133514404,16320.6103515625,426.54998779296875,0.5673555731773376,0.5246999859809875,1.468999981880188,1.29789400100708,1.338847041130066,Virginia-Jim Gilmore,6.058071136474609,9.700244903564453,0.27307289838790894,0.5199999809265137,1,1,46,4,4,17,5,17.029150009155273,0
40,40,40,6,0,0,0,VA,2002,1.5169999599456787,1.5169999599456787,1.4670000076293945,0.7684348225593567,0,0,1,1,3.575000047683716,1,1,0,3.1600000858306885,16320.6103515625,418.260009765625,0.5259010791778564,0.44440001249313354,1.4919999837875366,1.0477800369262695,1.393062949180603,Virginia-Mark Warner,6.0384907722473145,9.700244903564453,0.2594785988330841,0.3400000035762787,1,1,46,7,19,17,1,17.055984497070312,0
16,16,14,5,0,0,0,VA,2003,1.4900000095367432,1.4900000095367432,1.5169999599456787,0.7619273662567139,0,0,1,1,3.575000047683716,1,1,0,5.800000190734863,16320.6103515625,410,0.5259010791778564,0.44440001249313354,1.503499984741211,1.0477800369262695,1.393062949180603,Virginia-Mark Warner,6.018592834472656,9.700244903564453,0.2637583017349243,0.3400000035762787,1,1,46,7,4,17,2,17.084671020507812,0
24,24,22,7,0,0,0,VA,2004,1.4819999933242798,1.4819999933242798,1.6419999599456787,0.7858433127403259,0,0,1,1,3.575000047683716,1,1,0,6.650000095367432,16320.6103515625,406.8299865722656,0.5259010791778564,0.454800009727478,1.562000036239624,1.3783080577850342,1.4091479778289795,Virginia-Mark Warner,6.010849952697754,9.700244903564453,0.24815860390663147,0.3700000047683716,1,1,46,10,6,17,3,17.133352279663086,0
22,22,20,4,0,0,0,VA,2005,1.4639999866485596,1.4639999866485596,1.6419999599456787,0.7826666831970215,1,0,1,1,3.575000047683716,1,1,0,6.949999809265137,16320.6103515625,403.6600036621094,0.5259010791778564,0.454800009727478,1.5529999732971191,1.3783080577850342,1.4091479778289795,Virginia-Mark Warner,6.003046989440918,9.700244903564453,0.24815860390663147,0.3799999952316284,1,1,46,5,9,17,4,17.218910217285156,0
42,42,40,4,0,0,0,VA,2006,1.534000039100647,1.534000039100647,1.5820000171661377,0.7977973818778992,0,0,1,1,3.575000047683716,1,1,0,7,16320.6103515625,400.489990234375,0.5293083786964417,0.454800009727478,1.5579999685287476,1.0304299592971802,1.4851750135421753,Virginia-Timothy Kaine,5.995182991027832,9.700244903564453,0.23687349259853363,0.38999998569488525,1,1,46,5,20,17,1,17.275957107543945,0
18,18,16,4,0,0,0,VA,2007,1.5399999618530273,1.5399999618530273,1.6729999780654907,0.8010796308517456,0,0,1,1,3.575000047683716,1,1,0,5.440000057220459,16320.6103515625,397.32000732421875,0.5293083786964417,0.454800009727478,1.6065000295639038,1.0304299592971802,1.4851750135421753,Virginia-Timothy Kaine,5.987256050109863,9.700244903564453,0.23717060685157776,0.4000000059604645,1,1,46,4,7,17,2,17.33159065246582,0
19,19,19,7,0,0,0,VA,2008,1.5169999599456787,1.5169999599456787,1.5269999504089355,0.8085964918136597,0,0,1,1,3.575000047683716,1,0,0,3.319999933242798,16320.6103515625,394.1499938964844,0.5293083786964417,0.5263000130653381,1.5219999551773071,1.4069410562515259,1.4299240112304688,Virginia-Timothy Kaine,5.979265213012695,9.700244903564453,0.22265850007534027,0.4399999976158142,1,1,46,8,3,17,3,17.410503387451172,0
28,28,24,4,0,0,0,VA,2009,NA,1.500499963760376,NA,NA,1,0,1,1,3.575000047683716,1,0,0,-0.7099999785423279,16320.6103515625,391,0.5293083786964417,0.5263000130653381,NA,1.4069410562515259,1.4299240112304688,Virginia-Timothy Kaine,5.971261978149414,9.700244903564453,NA,0.44999998807907104,1,1,46,5,9,17,4,17.449708938598633,0
33,33,32,5,0,0,0,VA,2010,1.4839999675750732,1.4839999675750732,1.6080000400543213,0.8207308053970337,0,0,1,1,3.575000047683716,1,0,0,3.069999933242798,16320.6103515625,387.80999755859375,0.413083016872406,0.5263000130653381,1.5460000038146973,1.193442940711975,1.6305090188980103,Virginia-Timothy Kaine,5.963090896606445,9.700244903564453,0.21354420483112335,0.38999998569488525,1,1,46,6,16,17,5,17.45713996887207,0
13,13,11,3,0,0,0,VA,2011,1.4769999980926514,1.4769999980926514,1.6080000400543213,0.8171029090881348,0,1,0,1,3.575000047683716,1,0,0,6.099999904632568,16320.6103515625,384.6400146484375,0.586916983127594,0.4632999897003174,1.5425000190734863,1.193442940711975,1.6305090188980103,Virginia-Robert F. McDonnell,5.954904079437256,9.700244903564453,0.21064479649066925,0.5899999737739563,1,1,46,3,4,17,1,17.513107299804688,0
12,12,10,2,0,0,0,VA,2012,1.5700000524520874,1.5700000524520874,1.8259999752044678,0.8053976893424988,0,1,0,1,3.575000047683716,1,0,0,3.690000057220459,16320.6103515625,381.4700012207031,0.586916983127594,0.47279998660087585,1.6979999542236328,1.736299991607666,1.6230980157852173,Virginia-Robert F. McDonnell,5.94665002822876,9.700244903564453,0.20994429290294647,0.6700000166893005,1,1,46,2,2,17,2,17.54473876953125,0
13,13,11,1,0,0,0,VA,2013,1.5700000524520874,1.5700000524520874,1.809999942779541,0.7980854511260986,1,1,0,1,3.575000047683716,1,0,0,1.7400000095367432,16320.6103515625,378.29998779296875,0.586916983127594,0.47279998660087585,1.690000057220459,1.736299991607666,1.6230980157852173,Virginia-Robert F. McDonnell,5.938326835632324,9.700244903564453,0.20994429290294647,0.6700000166893005,1,1,46,1,7,17,3,17.565717697143555,0
36,36,32,4,0,0,0,VA,2014,1.6030000448226929,1.6030000448226929,1.753999948501587,0.833867073059082,0,0,1,1,3.575000047683716,1,1,0,NA,16320.6103515625,375.1300048828125,0.5135456323623657,0.5116000175476074,1.6785000562667847,1.736299991607666,1.6230980157852173,Virginia-Terry McAuliffe,5.929934978485107,9.700244903564453,0.22398220002651215,0.33000001311302185,1,1,46,4,19,17,1,NA,0
14,14,13,2,0,0,0,VA,2015,NA,NA,NA,NA,0,0,1,1,3.575000047683716,1,1,0,NA,18000,371.9599914550781,0.5135456323623657,0.5116000175476074,NA,NA,1.6230980157852173,Virginia-Terry McAuliffe,5.921471118927002,9.798181533813477,NA,0.3199999928474426,1,1,46,2,5,17,2,NA,0
8,8,8,0,0,0,0,WA,1993,1.8350000381469727,1.8350000381469727,2.0179998874664307,1.0059125423431396,0,0,1,0,3.8541500568389893,0,0,0,5.090000152587891,21035.44921875,552.625,0.5216026306152344,0.4339999854564667,1.9264999628067017,1.2460969686508179,1.1912189722061157,Washington-Mike Lowry,6.316487789154053,9.954011917114258,0.5150355100631714,0.6632652878761292,1,1,47,0,5,22,1,16.56133460998535,1
11,11,11,0,0,0,0,WA,1994,1.8799999952316284,1.8799999952316284,2.0329999923706055,1.0183089971542358,0,0,1,0,3.875,0,0,0,5.179999828338623,23483.5390625,546.75,0.5216026306152344,0.4339999854564667,1.9565000534057617,1.3784780502319336,1.434556007385254,Washington-Mike Lowry,6.305819034576416,10.06410026550293,0.5174219012260437,0.6632652878761292,1,1,47,0,8,22,2,16.60945701599121,1
7,7,7,0,0,0,0,WA,1995,2.2279999256134033,2.2279999256134033,2.0490000247955322,1.130738615989685,0,0,1,0,3.875,1,0,0,5.690000057220459,23483.5390625,540.875,0.5216026306152344,0.4339999854564667,2.1384999752044678,1.3784780502319336,1.434556007385254,Washington-Mike Lowry,6.295034885406494,10.06410026550293,0.3230854868888855,0.3673469126224518,1,1,47,0,7,22,3,16.661264419555664,1
8,8,8,0,0,0,0,WA,1996,2.2049999237060547,2.2049999237060547,2.0409998893737793,1.129304051399231,1,0,1,0,3.875,1,0,0,7.559999942779541,23483.5390625,535,0.5216026306152344,0.4984000027179718,2.122999906539917,1.342540979385376,1.5219409465789795,Washington-Mike Lowry,6.2841339111328125,10.06410026550293,0.31890010833740234,0.3673469126224518,1,1,47,0,4,22,4,16.682680130004883,1
4,4,4,0,0,0,0,WA,1997,2.1540000438690186,2.1540000438690186,2.1029999256134033,1.1257421970367432,0,0,1,0,3.875,1,1,0,7.869999885559082,23483.5390625,538.71002197265625,0.5795595049858093,0.4984000027179718,2.128499984741211,1.342540979385376,1.5219409465789795,Washington-Mike Lowry,6.291031837463379,10.06410026550293,0.3813340961933136,0.4285714030265808,1,1,47,0,3,22,5,16.74950408935547,1
3,3,2,0,0,0,0,WA,1998,2.1630001068115234,2.1630001068115234,2.0490000247955322,1.1249611377716064,0,0,1,0,3.875,1,1,0,9.640000343322754,26112.970703125,542.41998291015625,0.5795595049858093,0.4984000027179718,2.1059999465942383,1.4048219919204712,1.4470939636230469,Washington-Gary Locke,6.297883033752441,10.1702299118042,0.37798669934272766,0.4183673858642578,1,1,47,0,1,22,1,16.794645309448242,1
2,2,2,0,0,0,0,WA,1999,2.0820000171661377,2.0820000171661377,2.0369999408721924,1.107225775718689,0,0,1,0,3.875,1,0,0,6.929999828338623,26112.970703125,546.1300048828125,0.5795595049858093,0.4984000027179718,2.059499979019165,1.4048219919204712,1.4470939636230469,Washington-Gary Locke,6.304687023162842,10.1702299118042,0.3492412865161896,0.5,1,1,47,0,1,22,2,16.841596603393555,1
5,5,5,0,0,0,0,WA,2000,2.0859999656677246,2.0859999656677246,2.0369999408721924,1.1090110540390015,1,0,1,0,3.875,1,0,0,7.03000020980835,25659.630859375,549.84002685546875,0.5795595049858093,0.5012999773025513,2.061500072479248,1.4510600566864014,1.7497429847717285,Washington-Gary Locke,6.31144380569458,10.1527099609375,0.3492412865161896,0.5,1,1,47,0,1,22,3,16.904306411743164,1
5,5,5,0,0,0,0,WA,2001,2.121999979019165,2.121999979019165,2.1440000534057617,1.1078118085861206,0,0,1,1,3.875,1,0,0,2.4100000858306885,25659.630859375,553.54998779296875,0.5953564643859863,0.5012999773025513,2.132999897003174,1.4510600566864014,1.7497429847717285,Washington-Gary Locke,6.318157196044922,10.1527099609375,0.45362889766693115,0.5,1,1,47,0,4,22,4,16.976648330688477,1
4,4,4,0,0,0,0,WA,2002,2.1040000915527344,2.1040000915527344,2.1029999256134033,1.1167570352554321,0,0,1,1,3.75,0,0,0,2.0899999141693115,29072.44921875,557.260009765625,0.5953564643859863,0.5012999773025513,2.1034998893737793,1.5477609634399414,1.6857479810714722,Washington-Gary Locke,6.324824810028076,10.277580261230469,0.459245890378952,0.5102040767669678,1,1,47,0,3,22,5,17.04077911376953,1
1,1,1,0,0,0,0,WA,2003,2.2209999561309814,2.2209999561309814,2.0869998931884766,1.1213221549987793,0,0,1,1,3.9375,1,0,0,4.059999942779541,29072.44921875,561,0.5953564643859863,0.5012999773025513,2.1540000438690186,1.5477609634399414,1.6857479810714722,Washington-Gary Locke,6.3315019607543945,10.277580261230469,0.3121778964996338,0.5306121706962585,1,1,47,0,0,22,6,17.074405670166016,1
6,6,6,0,0,0,0,WA,2004,2.2249999046325684,2.2249999046325684,2.072000026702881,1.1221859455108643,1,0,1,1,4.125,1,0,0,7.349999904632568,29072.44921875,567,0.5953564643859863,0.5277000069618225,2.1484999656677246,1.5539000034332275,1.7597140073776245,Washington-Gary Locke,6.3421220779418945,10.277580261230469,0.31199678778648376,0.5306121706962585,1,1,47,0,4,22,7,17.110595703125,1
5,5,5,0,0,0,0,WA,2005,2.13700008392334,2.13700008392334,2.1989998817443848,1.087812900543213,0,0,1,0,4.125,0,0,0,3.8499999046325684,31033.640625,573,0.5000234842300415,0.5277000069618225,2.1679999828338623,1.5539000034332275,1.7597140073776245,Washington-Chris Gregoire,6.3526291847229,10.342860221862793,0.30185261368751526,0.5612245202064514,1,1,47,0,2,22,1,17.156007766723633,1
3,3,2,0,0,0,0,WA,2006,2.13700008392334,2.13700008392334,2.181999921798706,1.087812900543213,0,0,1,0,4.125,0,0,0,8.539999961853027,31033.640625,579,0.5000234842300415,0.5277000069618225,2.1594998836517334,1.6463749408721924,1.8459030389785767,Washington-Chris Gregoire,6.363028049468994,10.342860221862793,0.30185261368751526,0.5612245202064514,1,2,47,0,1,22,2,17.184736251831055,1
5,5,5,0,0,0,0,WA,2007,2.111999988555908,2.111999988555908,2.1600000858306885,1.0633931159973145,0,0,1,0,4.125,0,0,0,8.260000228881836,32923.19921875,585,0.5000234842300415,0.5277000069618225,2.135999917984009,1.6463749408721924,1.8459030389785767,Washington-Chris Gregoire,6.37332010269165,10.401960372924805,0.3351624011993408,0.6326531171798706,1,2,47,0,2,22,3,17.28061294555664,1
4,4,3,0,0,0,0,WA,2008,2.0859999656677246,2.0859999656677246,2.1630001068115234,1.0525882244110107,1,0,1,0,4.125,0,0,0,4.679999828338623,37428.6015625,591,0.5000234842300415,0.5734000205993652,2.124500036239624,1.7083450555801392,1.9588079452514648,Washington-Chris Gregoire,6.383506774902344,10.530220031738281,0.33002668619155884,0.6428570747375488,1,2,47,0,2,22,4,17.344572067260742,1
8,8,8,0,0,0,0,WA,2009,2.1080000400543213,2.1080000400543213,2.0899999141693115,1.1139718294143677,0,0,1,1,4.125,0,0,0,-3.109999895095825,38177.53125,597,0.5324047207832336,0.5734000205993652,2.0989999771118164,1.7083450555801392,1.9588079452514648,Washington-Chris Gregoire,6.393590927124023,10.550029754638672,0.3983631134033203,0.6326531171798706,1,2,47,0,4,22,5,17.413846969604492,1
7,7,7,0,0,0,0,WA,2010,2.065000057220459,2.065000057220459,2.1470000743865967,1.1120293140411377,0,0,1,1,4.125,0,0,0,2.119999885559082,38177.53125,603,0.5324047207832336,0.5734000205993652,2.1059999465942383,1.830894947052002,2.0457420349121094,Washington-Chris Gregoire,6.403573989868164,10.550029754638672,0.3604142963886261,0.6224489808082581,1,2,47,0,4,22,6,17.411985397338867,1
4,4,3,0,0,0,0,WA,2011,2.2360000610351562,2.2360000610351562,2.2320001125335693,1.1919000148773193,0,0,1,0,4.125,0,0,0,5.699999809265137,38177.53125,609,0.5324047207832336,0.5734000205993652,2.2339999675750732,1.830894947052002,2.0457420349121094,Washington-Chris Gregoire,6.413458824157715,10.550029754638672,0.31373050808906555,0.5714285969734192,1,2,47,0,3,22,7,17.423416137695312,1
7,7,7,0,0,0,0,WA,2012,2.2320001125335693,2.2320001125335693,2.2139999866485596,1.195842981338501,1,0,1,0,4.125,0,0,0,4.78000020980835,38177.53125,615,0.5324047207832336,0.5580000281333923,2.2230000495910645,1.7009799480438232,2.084714889526367,Washington-Chris Gregoire,6.42324686050415,10.550029754638672,0.3192931115627289,0.5714285969734192,1,2,47,0,6,22,8,17.429401397705078,1
6,6,6,0,0,0,0,WA,2013,2.197999954223633,2.197999954223633,2.1760001182556152,1.219740390777588,0,0,1,0,4.125,0,0,0,3.240000009536743,38177.53125,621,0.515394926071167,0.5580000281333923,2.187000036239624,1.7009799480438232,2.084714889526367,Washington-Jay Inslee,6.4329400062561035,10.550029754638672,0.295866996049881,0.5612245202064514,1,2,47,0,2,22,1,17.44953727722168,1
6,6,6,0,0,0,0,WA,2014,2.2699999809265137,2.2699999809265137,2.194000005722046,1.2504806518554688,0,0,1,0,4.125,0,0,0,NA,38177.53125,627,0.515394926071167,0.5580000281333923,2.2320001125335693,1.7009799480438232,2.084714889526367,Washington-Jay Inslee,6.442540168762207,10.550029754638672,0.316329687833786,0.5612245202064514,1,2,47,0,3,22,2,NA,1
4,4,4,0,0,0,0,WA,2015,NA,NA,NA,NA,0,0,1,0,4.125,1,0,0,NA,1200,633,0.515394926071167,0.5580000281333923,NA,NA,2.084714889526367,Washington-Jay Inslee,6.4520487785339355,7.090909957885742,NA,0.5204082131385803,1,2,47,0,2,22,3,NA,1
6,6,6,0,0,0,0,WV,1993,NA,NA,NA,NA,0,0,1,1,4.2083001136779785,0,0,1,3.700000047683716,5893.55322265625,146,0.6050711870193481,0.48410001397132874,NA,NA,NA,West Virginia-Gaston Caperton,4.990433216094971,8.681783676147461,NA,0.7900000214576721,1,1,48,0,4,18,5,15.390908241271973,1
11,10,9,0,1,2,0,WV,1994,NA,NA,NA,NA,0,0,1,1,4.25,0,0,1,4.25,5893.55322265625,150,0.6050711870193481,0.48410001397132874,NA,NA,NA,West Virginia-Gaston Caperton,5.017280101776123,8.681783676147461,NA,0.7900000214576721,1,1,48,0,5,18,6,15.473775863647461,1
7,7,6,0,0,1,0,WV,1995,NA,NA,NA,NA,0,0,1,1,4.34375,0,0,1,3.2699999809265137,5893.55322265625,154,0.6050711870193481,0.48410001397132874,NA,NA,NA,West Virginia-Gaston Caperton,5.0434250831604,8.681783676147461,NA,0.6899999976158142,1,1,48,0,2,18,7,15.488579750061035,1
14,12,7,0,2,5,0,WV,1996,0.7889999747276306,0.7889999747276306,NA,0.487949937582016,1,0,1,1,4.4375,0,0,1,4.050000190734863,13600.509765625,158,0.6050711870193481,0.5151000022888184,0.7889999747276306,NA,NA,West Virginia-Gaston Caperton,5.068903923034668,9.517935752868652,0.32857319712638855,0.6899999976158142,1,1,48,0,3,18,8,15.542343139648438,1
21,17,13,0,4,5,0,WV,1997,0.7760000228881836,0.7760000228881836,0.746999979019165,0.4582314193248749,0,1,0,0,4.53125,1,1,1,4.179999828338623,13600.509765625,163.27999877929688,0.5299221873283386,0.3675999939441681,0.7615000009536743,NA,NA,West Virginia-Cecil Underwood,5.1015729904174805,9.517935752868652,0.29945799708366394,0.25999999046325684,1,1,48,0,8,18,1,15.623581886291504,1
13,12,11,0,1,1,0,WV,1998,0.7760000228881836,0.7760000228881836,0.746999979019165,0.4469141662120819,0,1,0,0,4.625,1,1,1,4,13600.509765625,168.55999755859375,0.5299221873283386,0.3675999939441681,0.7615000009536743,1.072085976600647,0.8338947296142578,West Virginia-Cecil Underwood,5.133206844329834,9.517935752868652,0.2824375033378601,0.25999999046325684,1,1,48,0,6,18,2,15.641793251037598,1
18,15,13,0,3,2,0,WV,1999,0.7860000133514404,0.7860000133514404,0.5899999737739563,0.4264514148235321,0,1,0,0,4.5833001136779785,1,1,1,2.4700000286102295,13600.509765625,173.83999633789062,0.5299221873283386,0.3675999939441681,0.6880000233650208,1.072085976600647,0.8338947296142578,West Virginia-Cecil Underwood,5.163870811462402,9.517935752868652,0.2742820978164673,0.25,1,1,48,0,8,18,3,15.662821769714355,1
31,22,19,0,9,3,0,WV,2000,0.7870000004768372,0.7870000004768372,0.5899999737739563,0.4308578670024872,1,1,0,0,4.541659832000732,1,1,1,5.659999847412109,13600.509765625,179.1199951171875,0.5299221873283386,0.5192000269889832,0.6884999871253967,0.7093520760536194,0.7478299140930176,West Virginia-Cecil Underwood,5.193623065948486,9.517935752868652,0.27525511384010315,0.25,1,1,48,0,13,18,4,15.685900688171387,1
27,22,18,0,5,2,0,WV,2001,0.8050000071525574,0.8050000071525574,0.5389999747276306,0.4583573043346405,0,0,1,0,4.5,0,0,1,5.03000020980835,13600.509765625,184.39999389648438,0.5149790644645691,0.45590001344680786,0.671999990940094,0.7093520760536194,0.7478299140930176,West Virginia-Bob Wise,5.222516059875488,9.517935752868652,0.28297919034957886,0.75,1,1,48,0,10,18,1,15.80385684967041,1
10,10,6,1,0,4,0,WV,2002,0.8050000071525574,0.8050000071525574,0.5389999747276306,0.4583573043346405,0,0,1,0,4.5,0,0,1,4.170000076293945,13600.509765625,189.67999267578125,0.5149790644645691,0.45590001344680786,0.671999990940094,0.6785106062889099,0.8522201180458069,West Virginia-Bob Wise,5.25059700012207,9.517935752868652,0.28297919034957886,0.75,1,1,48,1,4,18,2,15.838422775268555,1
24,24,20,0,0,3,0,WV,2003,0.8569999933242798,0.8569999933242798,0.6819999814033508,0.47744977474212646,0,0,1,0,4.5,0,0,1,2.4800000190734863,13600.509765625,195,0.5149790644645691,0.45590001344680786,0.7695000171661377,0.6785106062889099,0.8522201180458069,West Virginia-Bob Wise,5.2781147956848145,9.517935752868652,0.23664569854736328,0.6800000071525574,0,0,48,0,12,18,3,15.894658088684082,1
21,20,17,0,1,3,0,WV,2004,0.8579999804496765,0.8579999804496765,0.6819999814033508,0.47977492213249207,1,0,1,0,4.5,0,0,1,3.509999990463257,13600.509765625,199,0.5149790644645691,0.4320000112056732,0.7699999809265137,0.7573000192642212,0.8972283005714417,West Virginia-Bob Wise,5.298316955566406,9.517935752868652,0.23741069436073303,0.6800000071525574,0,0,48,0,9,18,4,15.962058067321777,1
14,13,13,0,1,0,0,WV,2005,0.906000018119812,0.906000018119812,0.6949999928474426,0.5025916695594788,0,0,1,0,4.5,0,0,1,3.6600000858306885,13600.509765625,203,0.6512814164161682,0.4320000112056732,0.8004999756813049,0.7573000192642212,0.8972283005714417,West Virginia-Joe Manchin,5.318120002746582,9.517935752868652,0.2560139000415802,0.6800000071525574,0,0,48,0,8,18,1,16.007505416870117,1
15,12,9,0,3,1,0,WV,2006,0.8970000147819519,0.8970000147819519,0.6949999928474426,0.5010495781898499,0,0,1,0,4.5,0,0,1,7.420000076293945,13600.509765625,207,0.6512814164161682,0.4320000112056732,0.7960000038146973,0.8588539958000183,1.0426490306854248,West Virginia-Joe Manchin,5.33753776550293,9.517935752868652,0.25663110613822937,0.6800000071525574,0,0,48,0,2,18,2,16.034671783447266,1
16,16,15,0,0,0,0,WV,2007,1.0240000486373901,1.0240000486373901,0.7820000052452087,0.5230383276939392,0,0,1,0,4.5,0,0,1,3.7699999809265137,13600.509765625,211,0.6512814164161682,0.4320000112056732,0.902999997138977,0.8588539958000183,1.0426490306854248,West Virginia-Joe Manchin,5.35658597946167,9.517935752868652,0.23865780234336853,0.7200000286102295,0,0,48,0,10,18,3,16.044431686401367,1
12,3,2,0,9,1,0,WV,2008,1.0240000486373901,1.0240000486373901,0.7559999823570251,0.5315162539482117,1,0,1,0,4.5,0,0,1,6.429999828338623,13600.509765625,215,0.6512814164161682,0.42489999532699585,0.8899999856948853,0.9273899793624878,0.909408688545227,West Virginia-Joe Manchin,5.375277996063232,9.517935752868652,0.2588127851486206,0.7200000286102295,1,1,48,0,1,18,4,16.08568000793457,1
19,19,17,1,0,1,0,WV,2009,NA,1.0460000038146973,NA,NA,0,0,1,1,4.5,0,0,1,1.2400000095367432,18134.009765625,219,0.7306694984436035,0.42489999532699585,NA,0.9273899793624878,0.909408688545227,West Virginia-Joe Manchin,5.393628120422363,9.805599212646484,NA,0.7099999785423279,1,1,48,1,4,18,5,16.157169342041016,1
18,15,13,0,3,2,0,WV,2010,1.0679999589920044,1.0679999589920044,NA,0.5710645914077759,0,0,1,1,4.5,0,0,1,2.1700000762939453,18134.009765625,223,0.7306694984436035,0.42489999532699585,1.0679999589920044,1.242347002029419,0.8790655136108398,West Virginia-Joe Manchin,5.411645889282227,9.805599212646484,0.249931201338768,0.7099999785423279,1,1,48,0,9,18,6,16.19203758239746,1
7,6,5,0,1,1,0,WV,2011,1.1230000257492065,1.1230000257492065,0.8399999737739563,0.5931605696678162,0,0,1,0,4.5,0,0,1,6.420000076293945,18134.009765625,227,0.7306694984436035,0.42489999532699585,0.9815000295639038,1.242347002029419,0.8790655136108398,West Virginia-Earl Ray Tomblin,5.429346084594727,9.805599212646484,0.1827750951051712,0.6499999761581421,1,1,48,0,3,18,1,16.253122329711914,1
13,11,10,0,2,1,0,WV,2012,1.1390000581741333,1.1390000581741333,0.8420000076293945,0.5971466898918152,1,0,1,0,4.5,0,0,1,3.75,18134.009765625,231,0.5129719972610474,0.3544999957084656,0.9904999732971191,0.8604739904403687,0.907297670841217,West Virginia-Earl Ray Tomblin,5.446736812591553,9.805599212646484,0.18398240208625793,0.6499999761581421,1,1,48,1,4,18,2,16.275894165039062,1
9,9,8,0,0,0,0,WV,2013,1.1230000257492065,1.1230000257492065,0.8420000076293945,0.6231739521026611,0,0,1,0,4.5,0,0,1,1.4500000476837158,18134.009765625,235,0.5251871347427368,0.3544999957084656,0.9825000166893005,0.8604739904403687,0.907297670841217,West Virginia-Earl Ray Tomblin,5.463831901550293,9.805599212646484,0.2046440988779068,0.5400000214576721,1,1,48,0,5,18,3,16.275856018066406,1
6,6,6,0,0,0,0,WV,2014,1.1100000143051147,1.1100000143051147,0.8420000076293945,0.6185156106948853,0,0,1,0,4.5,0,0,1,NA,18134.009765625,239,0.5251871347427368,0.3544999957084656,0.9760000109672546,0.8604739904403687,0.907297670841217,West Virginia-Earl Ray Tomblin,5.4806389808654785,9.805599212646484,0.21341179311275482,0.5299999713897705,1,1,48,0,2,18,4,NA,1
8,8,8,0,0,0,0,WV,2015,NA,NA,NA,NA,0,0,1,0,4.5,1,1,1,NA,20000,243,0.5251871347427368,0.3544999957084656,NA,NA,0.907297670841217,West Virginia-Earl Ray Tomblin,5.497168064117432,9.90353775024414,NA,0.36000001430511475,1,1,48,0,1,18,5,NA,1
38,35,26,11,3,9,0,WI,1993,NA,NA,NA,NA,0,1,0,0,4.125,1,0,0,5.190000057220459,30485.080078125,644.875,0.5819820165634155,0.3677999973297119,NA,NA,NA,Wisconsin-Tommy Thompson,6.470605850219727,10.325030326843262,NA,0.47474750876426697,1,2,49,11,9,20,7,16.401199340820312,NA
29,23,16,3,6,7,0,WI,1994,NA,NA,NA,NA,1,1,0,0,4,1,0,0,6.170000076293945,31797.990234375,660.25,0.5819820165634155,0.3677999973297119,NA,NA,NA,Wisconsin-Tommy Thompson,6.494132041931152,10.36719036102295,NA,0.47474750876426697,1,2,49,3,9,20,8,16.44184684753418,NA
28,18,11,3,10,6,0,WI,1995,1.6410000324249268,1.6410000324249268,1.7079999446868896,0.8914807438850403,0,1,0,0,3.9375,0,0,0,5.079999923706055,31797.990234375,675.625,0.6852707862854004,0.3677999973297119,1.6744999885559082,NA,NA,Wisconsin-Tommy Thompson,6.517117023468018,10.36719036102295,0.19291110336780548,0.5151515007019043,1,2,49,3,4,20,9,16.48036003112793,NA
33,19,16,3,14,3,0,WI,1996,1.6410000324249268,1.6410000324249268,1.7079999446868896,0.8914807438850403,0,1,0,0,3.875,0,0,0,5.789999961853027,34505.390625,691,0.6852707862854004,0.384799987077713,1.6744999885559082,NA,NA,Wisconsin-Tommy Thompson,6.539586067199707,10.44890022277832,0.19291110336780548,0.5151515007019043,1,2,49,3,8,20,10,16.540178298950195,NA
24,14,9,1,10,5,0,WI,1997,1.6920000314712524,1.6920000314712524,1.7649999856948853,0.8863136172294617,0,1,0,0,3.8125,1,0,0,6.059999942779541,34505.390625,700.28997802734375,0.6852707862854004,0.384799987077713,1.7285000085830688,NA,NA,Wisconsin-Tommy Thompson,6.552920818328857,10.44890022277832,0.17537260055541992,0.5252525210380554,1,2,49,2,4,20,11,16.602294921875,NA
32,17,14,5,15,3,0,WI,1998,1.6920000314712524,1.6920000314712524,1.7649999856948853,0.8863136172294617,1,1,0,0,3.75,1,0,0,6.940000057220459,35552.62890625,709.58001708984375,0.6852707862854004,0.384799987077713,1.7285000085830688,1.6603699922561646,1.7122520208358765,Wisconsin-Tommy Thompson,6.566082000732422,10.478799819946289,0.17537260055541992,0.5151515007019043,1,2,49,7,5,20,12,16.647550582885742,NA
30,26,20,7,4,5,0,WI,1999,1.7619999647140503,1.7619999647140503,1.781000018119812,0.9021660089492798,0,1,0,0,3.7249999046325684,1,0,0,4.090000152587891,35552.62890625,718.8699951171875,0.6065737009048462,0.384799987077713,1.7714999914169312,1.6603699922561646,1.7122520208358765,Wisconsin-Tommy Thompson,6.579071044921875,10.478799819946289,0.27072370052337646,0.5555555820465088,1,2,49,7,11,20,13,16.723215103149414,NA
26,16,15,4,10,1,0,WI,2000,1.7619999647140503,1.7619999647140503,1.781000018119812,0.9021660089492798,0,1,0,0,3.700000047683716,1,0,0,6.5,37908.23828125,728.15997314453125,0.6065737009048462,0.47609999775886536,1.7714999914169312,1.673022985458374,1.8085399866104126,Wisconsin-Tommy Thompson,6.591893196105957,10.542949676513672,0.27072370052337646,0.5555555820465088,1,2,49,7,6,20,14,16.843006134033203,NA
39,30,24,8,9,6,0,WI,2001,1.7790000438690186,1.7790000438690186,1.7680000066757202,0.9085991382598877,0,1,0,0,3.825000047683716,1,0,0,4.349999904632568,37908.23828125,737.45001220703125,0.6065737009048462,0.47609999775886536,1.7734999656677246,1.673022985458374,1.8085399866104126,Wisconsin-Tommy Thompson,6.60455322265625,10.542949676513672,0.1373872011899948,0.5656564831733704,1,2,49,12,9,20,15,16.892545700073242,NA
26,17,12,2,9,5,0,WI,2002,1.7790000438690186,1.7790000438690186,1.7680000066757202,0.9085991382598877,1,1,0,0,4.125,1,0,0,2.8299999237060547,40196.75,746.739990234375,0.6065737009048462,0.47609999775886536,1.7734999656677246,1.8279199600219727,2.0411789417266846,Wisconsin-Scott McCallum,6.6170549392700195,10.601570129394531,0.1373872011899948,0.5656564831733704,1,2,49,4,6,20,1,16.956165313720703,NA
35,13,8,2,22,4,0,WI,2003,1.7890000343322754,1.7890000343322754,1.8170000314712524,0.9118512272834778,0,0,1,0,3.9375,1,1,0,3.4700000286102295,40196.75,756,0.5214082598686218,0.478300005197525,1.8029999732971191,1.8279199600219727,2.0411789417266846,Wisconsin-Jim Doyle,6.629363059997559,10.601570129394531,0.14780689775943756,0.41414138674736023,1,2,49,2,5,20,1,16.985759735107422,NA
48,15,15,2,33,0,0,WI,2004,1.7890000343322754,1.7890000343322754,1.8170000314712524,0.9118512272834778,0,0,1,0,3.75,1,1,0,5.039999961853027,40196.75,736.66998291015625,0.5214082598686218,0.4970000088214874,1.8029999732971191,2.0652480125427246,2.123594045639038,Wisconsin-Jim Doyle,6.60349702835083,10.601570129394531,0.14780689775943756,0.4040403962135315,1,2,49,4,6,20,2,17.02591323852539,NA
53,21,18,4,32,3,0,WI,2005,1.8350000381469727,1.8350000381469727,1.8170000314712524,0.9423280954360962,0,0,1,0,3.75,1,1,0,3.5,41317.44140625,717.34002685546875,0.5214082598686218,0.4970000088214874,1.8259999752044678,2.0652480125427246,2.123594045639038,Wisconsin-Jim Doyle,6.5769429206848145,10.629059791564941,0.16996170580387115,0.39393940567970276,1,2,49,5,10,20,3,17.041091918945312,NA
42,14,12,1,28,2,0,WI,2006,1.8350000381469727,1.8350000381469727,1.8170000314712524,0.9423280954360962,1,0,1,0,3.75,1,1,0,6.190000057220459,41317.44140625,698.010009765625,0.5214082598686218,0.4970000088214874,1.8259999752044678,2.2019169330596924,2.201054096221924,Wisconsin-Jim Doyle,6.5496649742126465,10.629059791564941,0.16996170580387115,0.39393940567970276,1,2,49,1,7,20,4,17.08422088623047,NA
50,19,15,5,31,3,0,WI,2007,1.86899995803833,1.86899995803833,1.8029999732971191,0.9815228581428528,0,0,1,0,3.75,1,0,0,4.449999809265137,42989.390625,678.67999267578125,0.5376881957054138,0.4970000088214874,1.8359999656677246,2.2019169330596924,2.201054096221924,Wisconsin-Jim Doyle,6.521622180938721,10.668729782104492,0.3246594965457916,0.47474750876426697,1,2,49,7,5,20,5,17.10396385192871,NA
42,22,18,8,20,4,0,WI,2008,1.86899995803833,1.86899995803833,1.8029999732971191,0.9815228581428528,0,0,1,0,3.75,1,0,0,3.359999895095825,42989.390625,659.3499755859375,0.5376881957054138,0.5622000098228455,1.8359999656677246,2.197932004928589,2.019373893737793,Wisconsin-Jim Doyle,6.492770195007324,10.668729782104492,0.3246594965457916,0.47474750876426697,1,2,49,8,4,20,6,17.148427963256836,NA
37,18,14,5,19,5,0,WI,2009,1.8880000114440918,1.8880000114440918,1.8580000400543213,0.9986802935600281,0,0,1,0,3.75,0,0,0,-0.46000000834465027,45283.33984375,640,0.5376881957054138,0.5622000098228455,1.8730000257492065,2.197932004928589,2.019373893737793,Wisconsin-Jim Doyle,6.463028907775879,10.720720291137695,0.19190210103988647,0.5252525210380554,1,2,49,6,4,20,7,17.222585678100586,NA
29,11,10,4,17,2,1,WI,2010,1.8880000114440918,1.8880000114440918,1.8580000400543213,0.9986802935600281,1,0,1,0,3.75,0,0,0,1.3799999952316284,45283.33984375,620.69000244140625,0.5376881957054138,0.5622000098228455,1.8730000257492065,2.3765549659729004,2.3955280780792236,Wisconsin-Jim Doyle,6.4324421882629395,10.720720291137695,0.19190210103988647,0.5252525210380554,1,2,49,8,1,20,8,17.27112579345703,NA
56,35,23,2,21,11,0,WI,2011,1.9429999589920044,1.9429999589920044,1.8639999628067017,1.0104732513427734,0,1,0,0,3.75,0,0,0,5.260000228881836,45283.33984375,601.3599853515625,0.5292132496833801,0.42309999465942383,1.903499960899353,2.3765549659729004,2.3955280780792236,Wisconsin-Scott Walker,6.40085506439209,10.720720291137695,0.22435270249843597,0.6060606241226196,1,2,49,2,14,20,1,17.313249588012695,NA
38,19,17,4,19,2,0,WI,2012,1.9459999799728394,1.9459999799728394,1.8730000257492065,1.0146032571792603,0,1,0,0,3.75,0,0,0,3.9200000762939453,45283.33984375,582.030029296875,0.5292132496833801,0.45890000462532043,1.909500002861023,2.5573151111602783,2.6213250160217285,Wisconsin-Scott Walker,6.3682379722595215,10.720720291137695,0.23118309676647186,0.5959596037864685,1,2,49,5,5,20,2,17.274805068969727,NA
34,20,15,6,14,5,0,WI,2013,1.9539999961853027,1.9539999961853027,1.9079999923706055,1.0693918466567993,0,1,0,0,3.75,0,0,0,2.7300000190734863,45283.33984375,562.70001220703125,0.5292132496833801,0.45890000462532043,1.930999994277954,2.5573151111602783,2.6213250160217285,Wisconsin-Scott Walker,6.334521770477295,10.720720291137695,0.2636556029319763,0.6060606241226196,1,2,49,11,3,20,3,17.277441024780273,NA
19,11,9,7,8,2,0,WI,2014,1.9500000476837158,1.9500000476837158,1.9079999923706055,1.0651471614837646,1,1,0,0,3.75,0,0,0,NA,45283.33984375,543.3699951171875,0.5292132496833801,0.45890000462532043,1.9290000200271606,2.5573151111602783,2.6213250160217285,Wisconsin-Scott Walker,6.299629211425781,10.720720291137695,0.24872179329395294,0.6060606241226196,1,2,49,7,0,20,4,NA,NA
36,12,8,2,24,4,0,WI,2015,NA,NA,NA,NA,0,1,0,0,3.75,0,0,0,NA,50950,524.03997802734375,0.528706431388855,0.45890000462532043,NA,NA,2.6213250160217285,Wisconsin-Scott Walker,6.263473987579346,10.83862018585205,NA,0.6363636255264282,1,2,49,2,3,20,5,NA,NA
4,4,4,0,0,0,0,WY,1993,NA,NA,NA,NA,0,0,1,0,3.9791500568389893,1,1,0,5.599999904632568,2652.09912109375,18.329999923706055,0.6535422801971436,0.33970001339912415,NA,1.4736180305480957,1.5863360166549683,Wyoming-Mike Sullivan,2.961658000946045,7.88348388671875,NA,0.31666669249534607,1,1,50,0,2,18,7,14.320537567138672,1
11,11,10,0,0,1,0,WY,1994,NA,NA,NA,NA,1,0,1,0,3.875,1,1,0,4.619999885559082,1292.0479736328125,18.219999313354492,0.6535422801971436,0.33970001339912415,NA,1.6074990034103394,1.6364359855651855,Wyoming-Mike Sullivan,2.955950975418091,7.164758205413818,NA,0.31666669249534607,1,1,50,0,3,18,8,14.376457214355469,1
14,12,12,0,1,0,1,WY,1995,NA,NA,NA,NA,0,1,0,0,3.875,0,0,0,4.650000095367432,2516.093994140625,18.110000610351562,0.593752384185791,0.3955000042915344,NA,1.6074990034103394,1.6364359855651855,Wyoming-Jim Geringer,2.950212001800537,7.830860137939453,NA,0.783333420753479,1,1,50,0,5,18,1,14.389472961425781,1
5,4,4,0,1,0,0,WY,1996,1.5329999923706055,1.5329999923706055,0.843999981880188,0.992567241191864,0,1,0,0,3.875,0,0,0,4.400000095367432,2266.7509765625,18,0.593752384185791,0.49810001254081726,1.1885000467300415,1.5783720016479492,1.8272440433502197,Wyoming-Jim Geringer,2.944438934326172,7.72654390335083,0.8600460290908813,0.783333420753479,1,1,50,0,1,18,2,14.406932830810547,1
5,5,5,1,0,0,0,WY,1997,1.4759999513626099,1.4759999513626099,NA,0.7384666204452515,0,1,0,0,3.875,0,0,1,7.079999923706055,3853.47705078125,19.56999969482422,0.593752384185791,0.49810001254081726,1.4759999513626099,1.5783720016479492,1.8272440433502197,Wyoming-Jim Geringer,3.023833990097046,8.256990432739258,0.3564816117286682,0.716666579246521,1,1,50,1,3,18,3,14.445342063903809,1
7,7,3,0,0,2,0,WY,1998,1.4509999752044678,1.4509999752044678,0.8949999809265137,0.7225497364997864,1,1,0,0,3.875,0,0,1,6.380000114440918,2720.10205078125,21.139999389648438,0.593752384185791,0.49810001254081726,1.1729999780654907,1.5965160131454468,1.6710569858551025,Wyoming-Jim Geringer,3.097385883331299,7.908792018890381,0.3564816117286682,0.716666579246521,1,1,50,0,1,18,4,14.467684745788574,1
4,4,4,0,0,0,0,WY,1999,1.3940000534057617,1.3940000534057617,1.090000033378601,0.7345631718635559,0,1,0,1,3.875,0,0,0,6.760000228881836,4080.152099609375,22.709999084472656,0.5788176655769348,0.49810001254081726,1.2419999837875366,1.5965160131454468,1.6710569858551025,Wyoming-Jim Geringer,3.1658968925476074,8.31413459777832,0.3725995123386383,0.716666579246521,1,1,50,0,3,18,5,14.560722351074219,1
5,5,5,1,0,0,0,WY,2000,1.3580000400543213,1.3580000400543213,1.0829999446868896,0.7093093991279602,0,1,0,1,3.875,0,0,0,7.429999828338623,2493.427001953125,24.280000686645508,0.5788176655769348,0.6776000261306763,1.2204999923706055,1.41156804561615,1.7736519575119019,Wyoming-Jim Geringer,3.2300140857696533,7.821815013885498,0.37366360425949097,0.716666579246521,1,1,50,1,4,18,6,14.628242492675781,1
7,7,6,0,0,1,0,WY,2001,1.2869999408721924,1.2869999408721924,1.0829999446868896,0.6634047031402588,0,1,0,1,3.875,0,0,0,6.21999979019165,5870.88623046875,25.850000381469727,0.5788176655769348,0.6776000261306763,1.184999942779541,1.41156804561615,1.7736519575119019,Wyoming-Jim Geringer,3.2902660369873047,8.67793083190918,0.3814671039581299,0.7666667103767395,1,1,50,0,3,18,7,14.661773681640625,1
2,2,2,0,0,0,0,WY,2002,1.2869999408721924,1.2869999408721924,1.0829999446868896,0.6634047031402588,1,1,0,1,3.875,0,0,0,3.240000009536743,5088.85693359375,27.420000076293945,0.5788176655769348,0.6776000261306763,1.184999942779541,1.5362370014190674,1.5142079591751099,Wyoming-Jim Geringer,3.347093105316162,8.535004615783691,0.3814671039581299,0.7666667103767395,1,1,50,0,2,18,8,14.774454116821289,1
8,8,8,0,0,0,0,WY,2003,1.1699999570846558,1.1699999570846558,1.0829999446868896,0.6424208879470825,0,0,1,0,3.875,1,1,0,7.03000020980835,4306.828125,29,0.5104359984397888,0.2770000100135803,1.1265000104904175,1.5362370014190674,1.5142079591751099,Wyoming-Dave Freudenthal,3.4011969566345215,8.368188858032227,0.36953338980674744,0.25,1,1,50,0,7,18,1,14.873785972595215,1
6,5,5,0,1,0,0,WY,2004,1.190999984741211,1.190999984741211,1.031000018119812,0.6478374004364014,0,0,1,0,3.875,1,1,0,8.210000038146973,2266.7509765625,30.670000076293945,0.5104359984397888,0.2906999886035919,1.1109999418258667,1.626852035522461,1.723652958869934,Wyoming-Dave Freudenthal,3.4553699493408203,7.72654390335083,0.3725079894065857,0.25,1,1,50,0,5,18,2,14.97414493560791,1
2,2,2,0,0,0,0,WY,2005,1.2070000171661377,1.2070000171661377,1.0410000085830688,0.6109614372253418,0,0,1,0,3.875,1,1,1,10.989999771118164,4193.490234375,32.34000015258789,0.5104359984397888,0.2906999886035919,1.1239999532699585,1.626852035522461,1.723652958869934,Wyoming-Dave Freudenthal,3.506757974624634,8.341526985168457,0.35204198956489563,0.2333333045244217,1,1,50,0,2,18,3,15.08816146850586,1
4,4,4,0,0,0,0,WY,2006,1.2389999628067017,1.2389999628067017,1.0410000085830688,0.6177610754966736,1,0,1,0,3.875,1,1,1,15.050000190734863,2380.089111328125,34.0099983215332,0.5104359984397888,0.2906999886035919,1.1399999856948853,1.6127640008926392,1.6046769618988037,Wyoming-Dave Freudenthal,3.555634021759033,7.775312900543213,0.3555144965648651,0.2333333045244217,1,1,50,0,2,18,4,15.086370468139648,1
5,5,3,0,0,2,0,WY,2007,1.225000023841858,1.225000023841858,1.1059999465942383,0.6637155413627625,0,0,1,1,3.875,1,1,1,5.590000152587891,6392.23876953125,35.68000030517578,0.6999214887619019,0.2906999886035919,1.1655000448226929,1.6127640008926392,1.6046769618988037,Wyoming-Dave Freudenthal,3.602231979370117,8.762996673583984,0.3655537962913513,0.28333330154418945,1,1,50,0,2,18,5,15.217147827148438,1
3,3,2,0,0,1,0,WY,2008,1.225000023841858,1.225000023841858,1.253000020980835,0.6691856980323792,0,0,1,1,3.875,1,1,1,9.40999984741211,2720.10205078125,37.349998474121094,0.6999214887619019,0.3253999948501587,1.2389999628067017,1.7507699728012085,1.7593309879302979,Wyoming-Dave Freudenthal,3.6467549800872803,7.908792018890381,0.36144161224365234,0.28333330154418945,1,1,50,0,1,18,6,15.333772659301758,1
4,4,3,0,0,1,0,WY,2009,1.25,1.25,1.2549999952316284,0.7349966764450073,0,0,1,1,3.875,1,1,1,-9.199999809265137,2720.10205078125,39,0.6999214887619019,0.3253999948501587,1.252500057220459,1.7507699728012085,1.7593309879302979,Wyoming-Dave Freudenthal,3.6888790130615234,7.908792018890381,0.4095790982246399,0.31666669249534607,1,1,50,0,3,18,7,15.417558670043945,1
5,5,5,0,0,0,0,WY,2010,1.184999942779541,1.184999942779541,1.190000057220459,0.7295796871185303,1,0,1,1,3.875,1,1,1,4.550000190734863,2720.10205078125,40.689998626708984,0.6999214887619019,0.3253999948501587,1.1875,2.072901964187622,1.9451830387115479,Wyoming-Dave Freudenthal,3.7302610874176025,7.908792018890381,0.41284260153770447,0.31666669249534607,1,1,50,0,2,18,8,15.416234016418457,1
8,8,7,1,0,1,0,WY,2011,1.2960000038146973,1.2960000038146973,1.159999966621399,0.6599386930465698,0,1,0,0,3.875,0,0,1,9.779999732971191,5168.19287109375,42.36000061035156,0.7411088347434998,0.6478000283241272,1.2280000448226929,2.072901964187622,1.9451830387115479,Wyoming-Matthew Mead,3.7695369720458984,8.550472259521484,0.420218288898468,0.8333333134651184,1,1,50,1,5,18,1,15.405735969543457,1
8,8,6,0,0,2,0,WY,2013,1.3519999980926514,1.3519999980926514,1.2480000257492065,0.6287257075309753,0,1,0,0,3.875,0,0,1,1.7999999523162842,4896.18310546875,45.70000076293945,0.7411088347434998,0.6863999962806702,1.2999999523162842,1.9979569911956787,2.017235040664673,Wyoming-Matthew Mead,3.8437440395355225,8.496415138244629,0.3869835138320923,0.8666666746139526,1,1,50,0,3,18,2,15.432247161865234,1
3,3,3,2,0,0,0,WY,2014,1.3519999980926514,1.3519999980926514,1.2480000257492065,0.6290131211280823,1,1,0,0,3.875,0,0,1,NA,2584.095947265625,47.369998931884766,0.7411088347434998,0.6863999962806702,1.2999999523162842,1.9979569911956787,2.017235040664673,Wyoming-Matthew Mead,3.878880023956299,7.857518196105957,0.38723960518836975,0.8666666746139526,1,1,50,2,1,18,3,NA,1
5,4,4,1,1,0,0,WY,2015,NA,NA,NA,NA,0,1,0,1,3.875,0,0,1,NA,NA,49.040000915527344,0.685449481010437,0.6863999962806702,NA,NA,2.017235040664673,Wyoming-Matthew Mead,3.912822961807251,NA,NA,0.8500000238418579,1,1,50,1,2,18,4,NA,1
